#SQL[@2,N88]Result[]
create table insert_ignore_01(c1 int not null auto_increment primary key,c2 varchar(10));

#SQL[@3,N62]Result[]
insert into insert_ignore_01(c2) values("a"),("b"),("c"),("d");

#SQL[@4,N65]Result[]
insert ignore into insert_ignore_01 values(3,"e"),(6,"f"),(1,"g");

#SQL[@5,N63]Result[]
insert ignore into insert_ignore_01(c2) values("h"),("g"),("k");

#SQL[@6,N53]Result[]
insert ignore into insert_ignore_01 values(NULL,NULL);

#SQL[@7,N30]Result[10, 8, 8, 8, 8, 8, 8, 8, 8, 12]
select * from insert_ignore_01;
c1  ¦  c2
1  ¦  a
2  ¦  b
3  ¦  c
4  ¦  d
6  ¦  f
7  ¦  h
8  ¦  g
9  ¦  k
10  ¦  null

#SQL[@8,N27]Result[]
drop table insert_ignore_01;

#SQL[@10,N121]Result[]
create table insert_ignore_01 (part_id INT NOT NULL,color VARCHAR(20) NOT NULL,quantity INT,PRIMARY KEY (part_id, color));

#SQL[@11,N129]Result[]
insert ignore into insert_ignore_01 (part_id, color, quantity)values(1, 'Red', 10),(1, 'Blue', 20),(2, 'Green', 15),(1, 'Red', 5);

#SQL[@12,N30]Result[32, 18, 19, 20]
select * from insert_ignore_01;
part_id  ¦  color  ¦  quantity
1  ¦  Red  ¦  10
1  ¦  Blue  ¦  20
2  ¦  Green  ¦  15

#SQL[@15,N68]Result[]
create table insert_ignore_02(c1 int,c2 decimal(6,2),unique key(c1));

#SQL[@16,N103]Result[]
insert into insert_ignore_02 values(100,1234.56),(200,2345.67),(300,3456.78),(400,4567.89),(NULL,33.00);

#SQL[@17,N87]Result[]
insert ignore into insert_ignore_02 values(100,1234.56),(200,23.7),(500,56.7),(600,6.9);

#SQL[@18,N62]Result[]
insert ignore into insert_ignore_02 values(700,1.56),(800,3.7);

#SQL[@19,N54]Result[]
insert ignore into insert_ignore_02 values(NULL,44.56);

#SQL[@20,N30]Result[10, 16, 16, 16, 16, 15, 14, 13, 13, 13, 15]
select * from insert_ignore_02;
c1  ¦  c2
100  ¦  1234.56
200  ¦  2345.67
300  ¦  3456.78
400  ¦  4567.89
null  ¦  33.00
500  ¦  56.70
600  ¦  6.90
700  ¦  1.56
800  ¦  3.70
null  ¦  44.56

#SQL[@23,N79]Result[]
create table insert_ignore_03(c1 int auto_increment primary key,c2 int,key(c2));

#SQL[@24,N67]Result[]
insert into insert_ignore_03(c2) values(2),(2),(5),(10),(12),(NULL);

#SQL[@25,N74]Result[]
insert ignore into insert_ignore_03(c2) values(7),(2),(5),(10),(12),(NULL);

#SQL[@26,N30]Result[10, 8, 8, 8, 9, 9, 11, 8, 8, 8, 10, 10, 12]
select * from insert_ignore_03;
c1  ¦  c2
1  ¦  2
2  ¦  2
3  ¦  5
4  ¦  10
5  ¦  12
6  ¦  null
7  ¦  7
8  ¦  2
9  ¦  5
10  ¦  10
11  ¦  12
12  ¦  null

#SQL[@28,N192]Result[]
create table insert_ignore_04 (product_id INT NOT NULL AUTO_INCREMENT,product_name VARCHAR(255) NOT NULL,quantity_in_stock INT DEFAULT 0,price DECIMAL(10, 2) NOT NULL,PRIMARY KEY (product_id));

#SQL[@29,N138]Error[51]
insert ignore into insert_ignore_04(product_name, price) VALUES('Laptop', 1200.00),('Monitor', 150.00),('Keyboard', NULL),('Mouse', 15.00);
constraint violation: Column 'price' cannot be null

#SQL[@45,N51]Error[47]
insert ignore into insert_ignore_02 values(1234.56);
Column count doesn't match value count at row 1

#SQL[@50,N54]Error[41]
insert ignore into insert_ignore values("abc",1234.56);
no such table insert_ignore.insert_ignore

#SQL[@61,N334]Result[]
create table insert_ignore_06 (sale_id INT AUTO_INCREMENT,product_id INT,sale_amount DECIMAL(10, 2),sale_date DATE,PRIMARY KEY (sale_id, sale_date))PARTITION BY RANGE (year(sale_date)) (PARTITION p0 VALUES LESS THAN (1991),PARTITION p1 VALUES LESS THAN (1992),PARTITION p2 VALUES LESS THAN (1993),PARTITION p3 VALUES LESS THAN (1994));

#SQL[@62,N185]Error[64]
insert ignore into insert_ignore_06 (product_id, sale_amount, sale_date) VALUES(1, 1000.00, '1990-04-01'),(2, 1500.00, '1992-05-01'),(3, 500.00, '1995-06-01'),(1, 2000.00, '1991-07-01');
invalid input: Table has no partition for value from column_list

#SQL[@63,N30]Result[]
select * from insert_ignore_06;

#SQL[@66,N72]Result[]
create table insert_ignore_07(c1 int primary key auto_increment, c2 int);

#SQL[@67,N79]Result[]
insert into insert_ignore_07(c2) select result from generate_series(1,100000) g;

#SQL[@68,N57]Result[]
create table insert_ignore_08(c1 int primary key, c2 int);

#SQL[@69,N92]Result[]
insert into insert_ignore_08 values(20,45),(21,55),(1,45),(6,22),(5,1),(1000,222),(99999,19);

#SQL[@70,N66]Result[]
insert ignore into insert_ignore_08 select * from insert_ignore_07;

#SQL[@71,N37]Result[8, 6]
select count(*) from insert_ignore_08;
count(*)
100000

#SQL[@72,N62]Result[10, 10, 10, 9, 9, 8, 13, 13, 10, 10, 10, 10, 12]
select * from insert_ignore_08 where c2 in (45,55,22,1,222,19);
c1  ¦  c2
20  ¦  45
21  ¦  55
1  ¦  45
6  ¦  22
5  ¦  1
1000  ¦  222
99999  ¦  19
19  ¦  19
22  ¦  22
45  ¦  45
55  ¦  55
222  ¦  222

#SQL[@74,N57]Result[]
create table insert_ignore_09(c1 int primary key, c2 int);

#SQL[@75,N92]Result[]
insert into insert_ignore_09 values(20,45),(21,55),(1,45),(6,22),(5,1),(1000,222),(99999,19);

#SQL[@76,N92]Result[]
insert ignore into insert_ignore_09 select result, result from generate_series(1,10000000) g;

#SQL[@77,N37]Result[8, 8]
select count(*) from insert_ignore_09;
count(*)
10000000

#SQL[@78,N52]Result[8, 1]
select count(*) from insert_ignore_09 where c1 != c2;
count(*)
7

