#SQL[@6,N94]Result[86, 26]
select date_add("1997-12-31 23:59:59.000002",INTERVAL "10000 99:99:99.999999" DAY_MICROSECOND);
date_add(1997-12-31 23:59:59.000002, INTERVAL(10000 99:99:99.999999, day_microsecond))
2025-05-23 04:40:39.000001

#SQL[@7,N92]Result[84, 26]
select date_add("1997-12-31 23:59:59.000002",INTERVAL "10000:99:99.999999" HOUR_MICROSECOND);
date_add(1997-12-31 23:59:59.000002, INTERVAL(10000:99:99.999999, hour_microsecond))
1999-02-21 17:40:39.000001

#SQL[@8,N91]Result[83, 26]
select date_add("1997-12-31 23:59:59.000002",INTERVAL "10000:99.999999" MINUTE_MICROSECOND);
date_add(1997-12-31 23:59:59.000002, INTERVAL(10000:99.999999, minute_microsecond))
1998-01-07 22:41:39.000001

#SQL[@9,N88]Result[80, 26]
select date_add("1997-12-31 23:59:59.000002",INTERVAL "10000.999999" SECOND_MICROSECOND);
date_add(1997-12-31 23:59:59.000002, INTERVAL(10000.999999, second_microsecond))
1998-01-01 02:46:40.000001

#SQL[@10,N75]Result[67, 26]
select date_add("1997-12-31 23:59:59.000002",INTERVAL "999999" MICROSECOND);
date_add(1997-12-31 23:59:59.000002, INTERVAL(999999, microsecond))
1998-01-01 00:00:00.000001

#SQL[@11,N56]Result[50, 26]
select date_add("1997-12-31 23:59:59",INTERVAL 1 SECOND);
date_add(1997-12-31 23:59:59, INTERVAL(1, second))
1998-01-01 00:00:00.000000

#SQL[@12,N56]Result[50, 26]
select date_add("1997-12-31 23:59:59",INTERVAL 1 MINUTE);
date_add(1997-12-31 23:59:59, INTERVAL(1, minute))
1998-01-01 00:00:59.000000

#SQL[@13,N54]Result[48, 26]
select date_add("1997-12-31 23:59:59",INTERVAL 1 HOUR);
date_add(1997-12-31 23:59:59, INTERVAL(1, hour))
1998-01-01 00:59:59.000000

#SQL[@14,N53]Result[47, 26]
select date_add("1997-12-31 23:59:59",INTERVAL 1 DAY);
date_add(1997-12-31 23:59:59, INTERVAL(1, day))
1998-01-01 23:59:59.000000

#SQL[@15,N53]Result[47, 26]
select date_add("1997-12-31 23:59:59",INTERVAL 0 DAY);
date_add(1997-12-31 23:59:59, INTERVAL(0, day))
1997-12-31 23:59:59.000000

#SQL[@16,N55]Result[49, 26]
select date_add("1997-12-31 23:59:59",INTERVAL 1 MONTH);
date_add(1997-12-31 23:59:59, INTERVAL(1, month))
1998-01-31 23:59:59.000000

#SQL[@17,N57]Result[51, 26]
select date_add("1997-12-31 23:59:59",INTERVAL 1 QUARTER);
date_add(1997-12-31 23:59:59, INTERVAL(1, quarter))
1998-03-31 23:59:59.000000

#SQL[@18,N54]Result[48, 26]
select date_add("1997-12-31 23:59:59",INTERVAL 1 YEAR);
date_add(1997-12-31 23:59:59, INTERVAL(1, year))
1998-12-31 23:59:59.000000

#SQL[@19,N67]Result[59, 26]
select date_add("1997-12-31 23:59:59",INTERVAL "1:1" MINUTE_SECOND);
date_add(1997-12-31 23:59:59, INTERVAL(1:1, minute_second))
1998-01-01 00:01:00.000000

#SQL[@20,N65]Result[57, 26]
select date_add("1997-12-31 23:59:59",INTERVAL "1:1" HOUR_MINUTE);
date_add(1997-12-31 23:59:59, INTERVAL(1:1, hour_minute))
1998-01-01 01:00:59.000000

#SQL[@21,N62]Result[54, 26]
select date_add("1997-12-31 23:59:59",INTERVAL "1:1" DAY_HOUR);
date_add(1997-12-31 23:59:59, INTERVAL(1:1, day_hour))
1998-01-02 00:59:59.000000

#SQL[@22,N64]Result[56, 26]
select date_add("1997-12-31 23:59:59",INTERVAL "1 1" YEAR_MONTH);
date_add(1997-12-31 23:59:59, INTERVAL(1 1, year_month))
1999-01-31 23:59:59.000000

#SQL[@23,N67]Result[59, 26]
select date_add("1997-12-31 23:59:59",INTERVAL "1:1:1" HOUR_SECOND);
date_add(1997-12-31 23:59:59, INTERVAL(1:1:1, hour_second))
1998-01-01 01:01:00.000000

#SQL[@24,N66]Result[58, 26]
select date_add("1997-12-31 23:59:59",INTERVAL "1 1:1" DAY_MINUTE);
date_add(1997-12-31 23:59:59, INTERVAL(1 1:1, day_minute))
1998-01-02 01:00:59.000000

#SQL[@25,N68]Result[60, 26]
select date_add("1997-12-31 23:59:59",INTERVAL "1 1:1:1" DAY_SECOND);
date_add(1997-12-31 23:59:59, INTERVAL(1 1:1:1, day_second))
1998-01-02 01:01:00.000000

#SQL[@26,N61]Result[55, 26]
select date_add("1997-12-31 23:59:59",INTERVAL 100000 SECOND);
date_add(1997-12-31 23:59:59, INTERVAL(100000, second))
1998-01-02 03:46:39.000000

#SQL[@27,N62]Result[56, 26]
select date_add("1997-12-31 23:59:59",INTERVAL -100000 MINUTE);
date_add(1997-12-31 23:59:59, INTERVAL(-100000, minute))
1997-10-23 13:19:59.000000

#SQL[@28,N59]Result[53, 26]
select date_add("1997-12-31 23:59:59",INTERVAL 100000 HOUR);
date_add(1997-12-31 23:59:59, INTERVAL(100000, hour))
2009-05-29 15:59:59.000000

#SQL[@29,N59]Result[53, 26]
select date_add("1997-12-31 23:59:59",INTERVAL -100000 DAY);
date_add(1997-12-31 23:59:59, INTERVAL(-100000, day))
1724-03-17 23:59:59.000000

#SQL[@30,N60]Error[39]
select date_add("1997-12-31 23:59:59",INTERVAL 100000 MONTH);
data out of range: data type datetime, 

#SQL[@31,N62]Error[39]
select date_add("1997-12-31 23:59:59",INTERVAL 100000 QUARTER);
data out of range: data type datetime, 

#SQL[@32,N60]Error[39]
select date_add("1997-12-31 23:59:59",INTERVAL -100000 YEAR);
data out of range: data type datetime, 

#SQL[@33,N71]Result[63, 26]
select date_add("1997-12-31 23:59:59",INTERVAL "10000:1" MINUTE_SECOND);
date_add(1997-12-31 23:59:59, INTERVAL(10000:1, minute_second))
1998-01-07 22:40:00.000000

#SQL[@34,N70]Result[62, 26]
select date_add("1997-12-31 23:59:59",INTERVAL "-10000:1" HOUR_MINUTE);
date_add(1997-12-31 23:59:59, INTERVAL(-10000:1, hour_minute))
1996-11-10 07:58:59.000000

#SQL[@35,N66]Result[58, 26]
select date_add("1997-12-31 23:59:59",INTERVAL "10000:1" DAY_HOUR);
date_add(1997-12-31 23:59:59, INTERVAL(10000:1, day_hour))
2025-05-19 00:59:59.000000

#SQL[@36,N67]Result[59, 26]
select date_add("1997-12-31 23:59:59",INTERVAL "-100 1" YEAR_MONTH);
date_add(1997-12-31 23:59:59, INTERVAL(-100 1, year_month))
1897-11-30 23:59:59.000000

#SQL[@37,N73]Result[65, 26]
select date_add("1997-12-31 23:59:59",INTERVAL "10000:99:99" HOUR_SECOND);
date_add(1997-12-31 23:59:59, INTERVAL(10000:99:99, hour_second))
1999-02-21 17:40:38.000000

#SQL[@38,N74]Result[66, 26]
select date_add("1997-12-31 23:59:59",INTERVAL " -10000 99:99" DAY_MINUTE);
date_add(1997-12-31 23:59:59, INTERVAL( -10000 99:99, day_minute))
1970-08-11 19:20:59.000000

#SQL[@39,N75]Result[67, 26]
select date_add("1997-12-31 23:59:59",INTERVAL "10000 99:99:99" DAY_SECOND);
date_add(1997-12-31 23:59:59, INTERVAL(10000 99:99:99, day_second))
2025-05-23 04:40:38.000000

#SQL[@40,N47]Result[41, 26]
select date_add("1997-12-31",INTERVAL 1 SECOND);
date_add(1997-12-31, INTERVAL(1, second))
1997-12-31 00:00:01.000000

#SQL[@41,N44]Result[38, 26]
select date_add("1997-12-31",INTERVAL 1 DAY);
date_add(1997-12-31, INTERVAL(1, day))
1998-01-01 00:00:00.000000

#SQL[@42,N44]Result[40, 4]
select date_add(NULL,INTERVAL 100000 SECOND);
date_add(null, INTERVAL(100000, second))
null

#SQL[@43,N59]Result[53, 4]
select date_add("1997-12-31 23:59:59",INTERVAL NULL SECOND);
date_add(1997-12-31 23:59:59, INTERVAL(null, second))
null

#SQL[@44,N66]Result[60, 4]
select date_add("1997-12-31 23:59:59",INTERVAL NULL MINUTE_SECOND);
date_add(1997-12-31 23:59:59, INTERVAL(null, minute_second))
null

#SQL[@45,N56]Error[39]
select date_add("9999-12-31 23:59:59",INTERVAL 1 SECOND);
data out of range: data type datetime, 

#SQL[@46,N56]Error[57]
select date_sub("0000-00-00 00:00:00",INTERVAL 1 SECOND);
invalid input: invalid datetime value 0000-00-00 00:00:00

#SQL[@47,N46]Result[40, 26]
select date_add('1998-01-30',Interval 1 month);
date_add(1998-01-30, Interval(1, month))
1998-02-28 00:00:00.000000

#SQL[@48,N55]Result[47, 26]
select date_add('1998-01-30',Interval '2:1' year_month);
date_add(1998-01-30, Interval(2:1, year_month))
2000-02-29 00:00:00.000000

#SQL[@49,N47]Result[39, 26]
select date_add('1996-02-29',Interval '1' year);
date_add(1996-02-29, Interval(1, year))
1997-02-28 00:00:00.000000

#SQL[@50,N45]Error[38]
select date_add('1996-02-29',Interval q year);
invalid input: column q does not exist

#SQL[@51,N58]Result[52, 26]
select date_add("1997-12-31 23:59:59",INTERVAL 1.5 SECOND);
date_add(1997-12-31 23:59:59, INTERVAL(1.5, second))
1998-01-01 00:00:01.000000

#SQL[@52,N58]Result[52, 26]
select date_add("1997-12-31 23:59:59",INTERVAL 1.5 MINUTE);
date_add(1997-12-31 23:59:59, INTERVAL(1.5, minute))
1998-01-01 00:01:59.000000

#SQL[@53,N56]Result[50, 26]
select date_add("1997-12-31 23:59:59",INTERVAL 1.5 HOUR);
date_add(1997-12-31 23:59:59, INTERVAL(1.5, hour))
1998-01-01 01:59:59.000000

#SQL[@54,N55]Result[49, 26]
select date_add("1997-12-31 23:59:59",INTERVAL 1.5 DAY);
date_add(1997-12-31 23:59:59, INTERVAL(1.5, day))
1998-01-02 23:59:59.000000

#SQL[@55,N55]Error[200]
select date_add("1997-12-31 23:59:59",INTERVAL 1.5 ABC);
SQL parser error: You have an error in your SQL syntax; check the manual that corresponds to your MatrixOne server version for the right syntax to use. syntax error at line 1 column 54 near \" ABC)\";

#SQL[@61,N56]Result[50, 26]
select date_sub("1998-01-01 00:00:00",INTERVAL 1 SECOND);
date_sub(1998-01-01 00:00:00, INTERVAL(1, second))
1997-12-31 23:59:59.000000

#SQL[@62,N56]Result[50, 26]
select date_sub("1998-01-01 00:00:00",INTERVAL 1 MINUTE);
date_sub(1998-01-01 00:00:00, INTERVAL(1, minute))
1997-12-31 23:59:00.000000

#SQL[@63,N54]Result[48, 26]
select date_sub("1998-01-01 00:00:00",INTERVAL 1 HOUR);
date_sub(1998-01-01 00:00:00, INTERVAL(1, hour))
1997-12-31 23:00:00.000000

#SQL[@64,N53]Result[47, 26]
select date_sub("1998-01-01 00:00:00",INTERVAL 1 DAY);
date_sub(1998-01-01 00:00:00, INTERVAL(1, day))
1997-12-31 00:00:00.000000

#SQL[@65,N55]Result[49, 26]
select date_sub("1998-01-01 00:00:00",INTERVAL 1 MONTH);
date_sub(1998-01-01 00:00:00, INTERVAL(1, month))
1997-12-01 00:00:00.000000

#SQL[@66,N57]Result[51, 26]
select date_sub("1998-01-01 00:00:00",INTERVAL 1 QUARTER);
date_sub(1998-01-01 00:00:00, INTERVAL(1, quarter))
1997-10-01 00:00:00.000000

#SQL[@67,N54]Result[48, 26]
select date_sub("1998-01-01 00:00:00",INTERVAL 1 YEAR);
date_sub(1998-01-01 00:00:00, INTERVAL(1, year))
1997-01-01 00:00:00.000000

#SQL[@68,N61]Result[55, 26]
select date_sub("1998-01-01 00:00:00",INTERVAL 100000 SECOND);
date_sub(1998-01-01 00:00:00, INTERVAL(100000, second))
1997-12-30 20:13:20.000000

#SQL[@69,N63]Result[57, 26]
select date_sub("1998-01-01 00:00:009",INTERVAL -100000 MINUTE);
date_sub(1998-01-01 00:00:009, INTERVAL(-100000, minute))
1998-03-11 10:40:09.000000

#SQL[@70,N59]Result[53, 26]
select date_sub("1998-01-01 00:00:00",INTERVAL 100000 HOUR);
date_sub(1998-01-01 00:00:00, INTERVAL(100000, hour))
1986-08-05 08:00:00.000000

#SQL[@71,N54]Result[48, 26]
select date_sub("1998-01-01 00:00:00",INTERVAL 0 HOUR);
date_sub(1998-01-01 00:00:00, INTERVAL(0, hour))
1998-01-01 00:00:00.000000

#SQL[@72,N59]Result[53, 26]
select date_sub("1998-01-01 00:00:00",INTERVAL -100000 DAY);
date_sub(1998-01-01 00:00:00, INTERVAL(-100000, day))
2271-10-17 00:00:00.000000

#SQL[@73,N60]Error[39]
select date_sub("1998-01-01 00:00:00",INTERVAL 100000 MONTH);
data out of range: data type datetime, 

#SQL[@74,N62]Error[39]
select date_sub("1998-01-01 00:00:00",INTERVAL 100000 QUARTER);
data out of range: data type datetime, 

#SQL[@75,N60]Error[39]
select date_sub("1998-01-01 00:00:00",INTERVAL -100000 YEAR);
data out of range: data type datetime, 

#SQL[@76,N67]Result[59, 26]
select date_sub("1998-01-01 00:00:00",INTERVAL "1:1" MINUTE_SECOND);
date_sub(1998-01-01 00:00:00, INTERVAL(1:1, minute_second))
1997-12-31 23:58:59.000000

#SQL[@77,N65]Result[57, 26]
select date_sub("1998-01-01 00:00:00",INTERVAL "1:1" HOUR_MINUTE);
date_sub(1998-01-01 00:00:00, INTERVAL(1:1, hour_minute))
1997-12-31 22:59:00.000000

#SQL[@78,N62]Result[54, 26]
select date_sub("1998-01-01 00:00:00",INTERVAL "1:1" DAY_HOUR);
date_sub(1998-01-01 00:00:00, INTERVAL(1:1, day_hour))
1997-12-30 23:00:00.000000

#SQL[@79,N64]Result[56, 26]
select date_sub("1998-01-01 00:00:00",INTERVAL "1 1" YEAR_MONTH);
date_sub(1998-01-01 00:00:00, INTERVAL(1 1, year_month))
1996-12-01 00:00:00.000000

#SQL[@80,N67]Result[59, 26]
select date_sub("1998-01-01 00:00:00",INTERVAL "1:1:1" HOUR_SECOND);
date_sub(1998-01-01 00:00:00, INTERVAL(1:1:1, hour_second))
1997-12-31 22:58:59.000000

#SQL[@81,N66]Result[58, 26]
select date_sub("1998-01-01 00:00:00",INTERVAL "1 1:1" DAY_MINUTE);
date_sub(1998-01-01 00:00:00, INTERVAL(1 1:1, day_minute))
1997-12-30 22:59:00.000000

#SQL[@82,N68]Result[60, 26]
select date_sub("1998-01-01 00:00:00",INTERVAL "1 1:1:1" DAY_SECOND);
date_sub(1998-01-01 00:00:00, INTERVAL(1 1:1:1, day_second))
1997-12-30 22:58:59.000000

#SQL[@83,N71]Result[63, 26]
select date_sub("1998-01-01 00:00:00",INTERVAL "10000:1" MINUTE_SECOND);
date_sub(1998-01-01 00:00:00, INTERVAL(10000:1, minute_second))
1997-12-25 01:19:59.000000

#SQL[@84,N70]Result[62, 26]
select date_sub("1998-01-01 00:00:00",INTERVAL "-10000:1" HOUR_MINUTE);
date_sub(1998-01-01 00:00:00, INTERVAL(-10000:1, hour_minute))
1999-02-21 16:01:00.000000

#SQL[@85,N66]Result[58, 26]
select date_sub("1998-01-01 00:00:00",INTERVAL "10000:1" DAY_HOUR);
date_sub(1998-01-01 00:00:00, INTERVAL(10000:1, day_hour))
1970-08-15 23:00:00.000000

#SQL[@86,N67]Result[59, 26]
select date_sub("1998-01-01 00:00:00",INTERVAL "-100 1" YEAR_MONTH);
date_sub(1998-01-01 00:00:00, INTERVAL(-100 1, year_month))
2098-02-01 00:00:00.000000

#SQL[@87,N73]Result[65, 26]
select date_sub("1998-01-01 00:00:00",INTERVAL "10000:99:99" HOUR_SECOND);
date_sub(1998-01-01 00:00:00, INTERVAL(10000:99:99, hour_second))
1996-11-10 06:19:21.000000

#SQL[@88,N74]Result[66, 26]
select date_sub("1998-01-01 00:00:00",INTERVAL " -10000 99:99" DAY_MINUTE);
date_sub(1998-01-01 00:00:00, INTERVAL( -10000 99:99, day_minute))
2025-05-23 04:39:00.000000

#SQL[@89,N75]Result[67, 26]
select date_sub("1998-01-01 00:00:00",INTERVAL "10000 99:99:99" DAY_SECOND);
date_sub(1998-01-01 00:00:00, INTERVAL(10000 99:99:99, day_second))
1970-08-11 19:19:21.000000

#SQL[@90,N87]Result[79, 26]
select date_sub("1998-01-01 00:00:00.000001",INTERVAL "1 1:1:1.000002" DAY_MICROSECOND);
date_sub(1998-01-01 00:00:00.000001, INTERVAL(1 1:1:1.000002, day_microsecond))
1997-12-30 22:58:58.999999

#SQL[@91,N86]Result[78, 26]
select date_sub("1998-01-01 00:00:00.000001",INTERVAL "1:1:1.000002" HOUR_MICROSECOND);
date_sub(1998-01-01 00:00:00.000001, INTERVAL(1:1:1.000002, hour_microsecond))
1997-12-31 22:58:58.999999

#SQL[@92,N86]Result[78, 26]
select date_sub("1998-01-01 00:00:00.000001",INTERVAL "1:1.000002" MINUTE_MICROSECOND);
date_sub(1998-01-01 00:00:00.000001, INTERVAL(1:1.000002, minute_microsecond))
1997-12-31 23:58:58.999999

#SQL[@93,N84]Result[76, 26]
select date_sub("1998-01-01 00:00:00.000001",INTERVAL "1.000002" SECOND_MICROSECOND);
date_sub(1998-01-01 00:00:00.000001, INTERVAL(1.000002, second_microsecond))
1997-12-31 23:59:58.999999

#SQL[@94,N75]Result[67, 26]
select date_sub("1998-01-01 00:00:00.000001",INTERVAL "000002" MICROSECOND);
date_sub(1998-01-01 00:00:00.000001, INTERVAL(000002, microsecond))
1997-12-31 23:59:59.999999

#SQL[@95,N47]Result[41, 26]
select date_sub("1998-01-01",INTERVAL 1 SECOND);
date_sub(1998-01-01, INTERVAL(1, second))
1997-12-31 23:59:59.000000

#SQL[@96,N44]Result[38, 26]
select date_sub("1998-01-01",INTERVAL 1 DAY);
date_sub(1998-01-01, INTERVAL(1, day))
1997-12-31 00:00:00.000000

#SQL[@97,N44]Result[40, 4]
select date_sub(NULL,INTERVAL 100000 SECOND);
date_sub(null, INTERVAL(100000, second))
null

#SQL[@98,N59]Result[53, 4]
select date_sub("1998-01-01 00:00:00",INTERVAL NULL SECOND);
date_sub(1998-01-01 00:00:00, INTERVAL(null, second))
null

#SQL[@99,N66]Result[60, 4]
select date_sub("1998-01-01 00:00:00",INTERVAL NULL MINUTE_SECOND);
date_sub(1998-01-01 00:00:00, INTERVAL(null, minute_second))
null

#SQL[@100,N56]Result[50, 26]
select date_sub("1998-01-01 00:00:00",INTERVAL 1 SECOND);
date_sub(1998-01-01 00:00:00, INTERVAL(1, second))
1997-12-31 23:59:59.000000

#SQL[@101,N56]Error[57]
select date_sub("0000-00-00 00:00:00",INTERVAL 1 SECOND);
invalid input: invalid datetime value 0000-00-00 00:00:00

#SQL[@102,N46]Result[40, 26]
select date_add('1998-01-30',Interval 1 month);
date_add(1998-01-30, Interval(1, month))
1998-02-28 00:00:00.000000

#SQL[@103,N55]Result[47, 26]
select date_sub('1998-02-01',Interval '2:1' year_month);
date_sub(1998-02-01, Interval(2:1, year_month))
1996-01-01 00:00:00.000000

#SQL[@104,N47]Result[39, 26]
select date_sub('1996-02-29',Interval '1' year);
date_sub(1996-02-29, Interval(1, year))
1995-02-28 00:00:00.000000

#SQL[@105,N45]Error[38]
select date_add('1996-02-29',Interval a year);
invalid input: column a does not exist

#SQL[@106,N58]Result[52, 26]
select date_sub("1998-01-01 00:00:00",INTERVAL 1.5 SECOND);
date_sub(1998-01-01 00:00:00, INTERVAL(1.5, second))
1997-12-31 23:59:58.000000

#SQL[@107,N58]Result[52, 26]
select date_sub("1998-01-01 00:00:00",INTERVAL 1.5 MINUTE);
date_sub(1998-01-01 00:00:00, INTERVAL(1.5, minute))
1997-12-31 23:58:00.000000

#SQL[@108,N56]Result[50, 26]
select date_sub("1998-01-01 00:00:00",INTERVAL 1.5 HOUR);
date_sub(1998-01-01 00:00:00, INTERVAL(1.5, hour))
1997-12-31 22:00:00.000000

#SQL[@109,N55]Result[49, 26]
select date_sub("1998-01-01 00:00:00",INTERVAL 1.5 DAY);
date_sub(1998-01-01 00:00:00, INTERVAL(1.5, day))
1997-12-30 00:00:00.000000

#SQL[@110,N57]Result[51, 26]
select date_sub("1998-01-01 00:00:00",INTERVAL 1.5 MONTH);
date_sub(1998-01-01 00:00:00, INTERVAL(1.5, month))
1997-11-01 00:00:00.000000

#SQL[@111,N59]Result[53, 26]
select date_sub("1998-01-01 00:00:00",INTERVAL 1.5 QUARTER);
date_sub(1998-01-01 00:00:00, INTERVAL(1.5, quarter))
1997-07-01 00:00:00.000000

#SQL[@112,N53]Error[200]
select date_sub("1998-01-01 00:00:00",INTERVAL 1 ABC);
SQL parser error: You have an error in your SQL syntax; check the manual that corresponds to your MatrixOne server version for the right syntax to use. syntax error at line 1 column 52 near \" ABC)\";

#SQL[@114,N44]Result[40, 4]
select date_sub(NULL,INTERVAL 100000 SECOND);
date_sub(null, INTERVAL(100000, second))
null

#SQL[@115,N45]Result[39, 26]
select date_sub("1998-01-02",INTERVAL 31 DAY);
date_sub(1998-01-02, INTERVAL(31, day))
1997-12-02 00:00:00.000000

#SQL[@125,N48]Result[41, 26]
select "1997-12-31 23:59:59" + INTERVAL 1 SECOND;
1997-12-31 23:59:59 + INTERVAL(1, second)
1998-01-01 00:00:00.000000

#SQL[@126,N36]Result[29, 26]
select INTERVAL 1 DAY + "1997-12-31";
INTERVAL(1, day) + 1997-12-31
1998-01-01 00:00:00.000000

#SQL[@127,N48]Result[41, 26]
select "1998-01-01 00:00:00" - INTERVAL 1 SECOND;
1998-01-01 00:00:00 - INTERVAL(1, second)
1997-12-31 23:59:59.000000

#SQL[@128,N57]Result[50, 26]
SELECT "1900-01-01 00:00:00" + INTERVAL 2147483648 SECOND;
1900-01-01 00:00:00 + INTERVAL(2147483648, second)
1968-01-20 03:14:08.000000

#SQL[@129,N68]Result[59, 26]
SELECT "1900-01-01 00:00:00" + INTERVAL "1:2147483647" MINUTE_SECOND;
1900-01-01 00:00:00 + INTERVAL(1:2147483647, minute_second)
1968-01-20 03:15:07.000000

#SQL[@130,N78]Result[69, 26]
SELECT "1900-01-01 00:00:00" + INTERVAL "100000000:214748364700" MINUTE_SECOND;
1900-01-01 00:00:00 + INTERVAL(100000000:214748364700, minute_second)
8895-03-27 22:11:40.000000

#SQL[@132,N52]Result[47, 26]
SELECT "1900-01-01 00:00:00" + INTERVAL 1<<37 SECOND;
1900-01-01 00:00:00 + INTERVAL(1 << 37, second)
6255-04-08 15:04:32.000000

#SQL[@133,N52]Result[47, 26]
SELECT "1900-01-01 00:00:00" + INTERVAL 1<<31 MINUTE;
1900-01-01 00:00:00 + INTERVAL(1 << 31, minute)
5983-01-24 02:08:00.000000

#SQL[@134,N50]Result[45, 26]
SELECT "1900-01-01 00:00:00" + INTERVAL 1<<20 HOUR;
1900-01-01 00:00:00 + INTERVAL(1 << 20, hour)
2019-08-15 16:00:00.000000

#SQL[@135,N52]Error[39]
SELECT "1900-01-01 00:00:00" + INTERVAL 1<<38 SECOND;
data out of range: data type datetime, 

#SQL[@136,N52]Error[39]
SELECT "1900-01-01 00:00:00" + INTERVAL 1<<33 MINUTE;
data out of range: data type datetime, 

#SQL[@137,N50]Error[39]
SELECT "1900-01-01 00:00:00" + INTERVAL 1<<30 HOUR;
data out of range: data type datetime, 

#SQL[@139,N79]Error[39]
SELECT "1900-01-01 00:00:00" + INTERVAL "1000000000:214748364700" MINUTE_SECOND;
data out of range: data type datetime, 

#SQL[@141,N48]Result[41, 26]
SELECT "1997-12-31 23:59:59" + INTERVAL 1 SECOND;
1997-12-31 23:59:59 + INTERVAL(1, second)
1998-01-01 00:00:00.000000

#SQL[@147,N72]Result[]
create table t1(i int,a date,b date,c datetime,d char(20),e varchar(50));

#SQL[@148,N130]Result[]
insert into t1 values(1,"1997-12-31","1997-12-31","1997-12-31 23:59:59.000002","1997-12-31 23:59:59","1997-12-31 23:59:59.000002");

#SQL[@149,N130]Result[]
insert into t1 values(2,"1998-01-01","1998-01-01","1998-01-01 00:00:00.000001","1998-01-01 00:00:00","1997-12-31 23:59:59.000002");

#SQL[@150,N49]Result[]
insert into t1 values(3,NULL,NULL,NULL,NULL,NULL);

#SQL[@151,N166]Result[182, 133, 133, 44]
select date_add(a,INTERVAL 1 SECOND), date_add(b,INTERVAL 1 MINUTE), date_add(c,INTERVAL 1 HOUR), date_add(d,INTERVAL 1 MONTH), date_add(e,INTERVAL 1 QUARTER) from t1;
date_add(a, INTERVAL(1, second))  ¦  date_add(b, INTERVAL(1, minute))  ¦  date_add(c, INTERVAL(1, hour))  ¦  date_add(d, INTERVAL(1, month))  ¦  date_add(e, INTERVAL(1, quarter))
1997-12-31 00:00:01  ¦  1997-12-31 00:01:00  ¦  1998-01-01 00:59:59  ¦  1998-01-31 23:59:59.000000  ¦  1998-03-31 23:59:59.000002
1998-01-01 00:00:01  ¦  1998-01-01 00:01:00  ¦  1998-01-01 01:00:00  ¦  1998-02-01 00:00:00.000000  ¦  1998-03-31 23:59:59.000002
null  ¦  null  ¦  null  ¦  null  ¦  null

#SQL[@152,N191]Error[340]
select date_add(a,INTERVAL 1 YEAR), date_add(b,"1:1" MINUTE_SECOND), date_add(c,INTERVAL "1:1" HOUR_MINUTE), date_add(d,INTERVAL "1:1" DAY_HOUR), date_add(e,INTERVAL "1 1" YEAR_MONTH) from t1;
SQL parser error: You have an error in your SQL syntax; check the manual that corresponds to your MatrixOne server version for the right syntax to use. syntax error at line 1 column 66 near \" MINUTE_SECOND), date_add(c,INTERVAL \"1:1\" HOUR_MINUTE), date_add(d,INTERVAL \"1:1\" DAY_HOUR), date_add(e,INTERVAL \"1 1\" YEAR_MONTH) from t1\";

#SQL[@153,N202]Error[380]
select date_add(a,"1:1:1" HOUR_SECOND), date_add(b,"1:1:1" HOUR_SECOND), date_add(c,INTERVAL "1 1:1" DAY_MINUTE), date_add(d,INTERVAL "1 1:1:1" DAY_SECOND), date_add(e,INTERVAL "1 1" YEAR_MONTH) from t1;
SQL parser error: You have an error in your SQL syntax; check the manual that corresponds to your MatrixOne server version for the right syntax to use. syntax error at line 1 column 37 near \" HOUR_SECOND), date_add(b,\"1:1:1\" HOUR_SECOND), date_add(c,INTERVAL \"1 1:1\" DAY_MINUTE), date_add(d,INTERVAL \"1 1:1:1\" DAY_SECOND), date_add(e,INTERVAL \"1 1\" YEAR_MONTH) from t1\";

#SQL[@154,N166]Result[182, 133, 133, 44]
select date_sub(a,INTERVAL 1 SECOND), date_sub(b,INTERVAL 1 MINUTE), date_sub(c,INTERVAL 1 HOUR), date_sub(d,INTERVAL 1 MONTH), date_sub(e,INTERVAL 1 QUARTER) from t1;
date_sub(a, INTERVAL(1, second))  ¦  date_sub(b, INTERVAL(1, minute))  ¦  date_sub(c, INTERVAL(1, hour))  ¦  date_sub(d, INTERVAL(1, month))  ¦  date_sub(e, INTERVAL(1, quarter))
1997-12-30 23:59:59  ¦  1997-12-30 23:59:00  ¦  1997-12-31 22:59:59  ¦  1997-11-30 23:59:59.000000  ¦  1997-09-30 23:59:59.000002
1997-12-31 23:59:59  ¦  1997-12-31 23:59:00  ¦  1997-12-31 23:00:00  ¦  1997-12-01 00:00:00.000000  ¦  1997-09-30 23:59:59.000002
null  ¦  null  ¦  null  ¦  null  ¦  null

#SQL[@155,N200]Result[208, 124, 124, 44]
select date_sub(a,INTERVAL 1 YEAR), date_sub(b,INTERVAL "1:1" MINUTE_SECOND), date_sub(c,INTERVAL "1:1" HOUR_MINUTE), date_sub(d,INTERVAL "1:1" DAY_HOUR), date_sub(e,INTERVAL "1 1" YEAR_MONTH) from t1;
date_sub(a, INTERVAL(1, year))  ¦  date_sub(b, INTERVAL(1:1, minute_second))  ¦  date_sub(c, INTERVAL(1:1, hour_minute))  ¦  date_sub(d, INTERVAL(1:1, day_hour))  ¦  date_sub(e, INTERVAL(1 1, year_month))
1996-12-31  ¦  1997-12-30 23:58:59  ¦  1997-12-31 22:58:59  ¦  1997-12-30 22:59:59.000000  ¦  1996-11-30 23:59:59.000002
1997-01-01  ¦  1997-12-31 23:58:59  ¦  1997-12-31 22:59:00  ¦  1997-12-30 23:00:00.000000  ¦  1996-11-30 23:59:59.000002
null  ¦  null  ¦  null  ¦  null  ¦  null

#SQL[@156,N220]Result[226, 133, 133, 44]
select date_sub(a,INTERVAL "1:1:1" HOUR_SECOND), date_sub(b,INTERVAL "1:1:1" HOUR_SECOND), date_sub(c,INTERVAL "1 1:1" DAY_MINUTE), date_sub(d,INTERVAL "1 1:1:1" DAY_SECOND), date_sub(e,INTERVAL "1 1" YEAR_MONTH) from t1;
date_sub(a, INTERVAL(1:1:1, hour_second))  ¦  date_sub(b, INTERVAL(1:1:1, hour_second))  ¦  date_sub(c, INTERVAL(1 1:1, day_minute))  ¦  date_sub(d, INTERVAL(1 1:1:1, day_second))  ¦  date_sub(e, INTERVAL(1 1, year_month))
1997-12-30 22:58:59  ¦  1997-12-30 22:58:59  ¦  1997-12-30 22:58:59  ¦  1997-12-30 22:58:58.000000  ¦  1996-11-30 23:59:59.000002
1997-12-31 22:58:59  ¦  1997-12-31 22:58:59  ¦  1997-12-30 22:59:00  ¦  1997-12-30 22:58:59.000000  ¦  1996-11-30 23:59:59.000002
null  ¦  null  ¦  null  ¦  null  ¦  null

#SQL[@157,N78]Result[79, 69, 69, 24]
select a + INTERVAL 1 SECOND,b + INTERVAL 1 MINUTE,c + INTERVAL 1 HOUR from t1;
a + INTERVAL(1, second)  ¦  b + INTERVAL(1, minute)  ¦  c + INTERVAL(1, hour)
1997-12-31 00:00:01  ¦  1997-12-31 00:01:00  ¦  1998-01-01 00:59:59
1998-01-01 00:00:01  ¦  1998-01-01 00:01:00  ¦  1998-01-01 01:00:00
null  ¦  null  ¦  null

#SQL[@158,N78]Result[79, 69, 69, 24]
select a - INTERVAL 1 SECOND,b - INTERVAL 1 MINUTE,c - INTERVAL 1 HOUR from t1;
a - INTERVAL(1, second)  ¦  b - INTERVAL(1, minute)  ¦  c - INTERVAL(1, hour)
1997-12-30 23:59:59  ¦  1997-12-30 23:59:00  ¦  1997-12-31 22:59:59
1997-12-31 23:59:59  ¦  1997-12-31 23:59:00  ¦  1997-12-31 23:00:00
null  ¦  null  ¦  null

#SQL[@159,N36]Error[53]
select i + INTERVAL 1 SECOND from t1;
invalid argument operator +, bad value [INT INTERVAL]

#SQL[@164,N63]Result[57, 2]
select month(date_sub("1998-01-01 00:00:00",INTERVAL 1 SECOND));
month(date_sub(1998-01-01 00:00:00, INTERVAL(1, second)))
12

#SQL[@165,N65]Result[59, 1]
select weekday(date_sub("1998-01-01 00:00:00",INTERVAL 1 MINUTE));
weekday(date_sub(1998-01-01 00:00:00, INTERVAL(1, minute)))
2

#SQL[@166,N59]Result[53, 10]
select date(date_sub("1998-01-01 00:00:00",INTERVAL 1 DAY));
date(date_sub(1998-01-01 00:00:00, INTERVAL(1, day)))
1997-12-31

#SQL[@167,N66]Result[60, 3]
select dayofyear(date_sub("1998-01-01 00:00:00",INTERVAL 1 MONTH));
dayofyear(date_sub(1998-01-01 00:00:00, INTERVAL(1, month)))
335

#SQL[@169,N74]Result[66, 1]
select month(date_add("1997-12-31 23:59:59",INTERVAL "1:1" MINUTE_SECOND));
month(date_add(1997-12-31 23:59:59, INTERVAL(1:1, minute_second)))
1

#SQL[@171,N74]Result[66, 1]
select weekday(date_add("1997-12-31 23:59:59",INTERVAL "1:1" HOUR_MINUTE));
weekday(date_add(1997-12-31 23:59:59, INTERVAL(1:1, hour_minute)))
3

#SQL[@172,N70]Result[62, 10]
select date(date_add("1997-12-31 23:59:59",INTERVAL "1 1" YEAR_MONTH));
date(date_add(1997-12-31 23:59:59, INTERVAL(1 1, year_month)))
1999-01-31

#SQL[@173,N78]Result[70, 1]
select dayofyear(date_add("1997-12-31 23:59:59",INTERVAL "1:1:1" HOUR_SECOND));
dayofyear(date_add(1997-12-31 23:59:59, INTERVAL(1:1:1, hour_second)))
1

#SQL[@175,N85]Result[78, 19]
select date("1997-12-31 23:59:59" + INTERVAL 1 SECOND) + INTERVAL "1:1:1" HOUR_SECOND;
date(1997-12-31 23:59:59 + INTERVAL(1, second)) + INTERVAL(1:1:1, hour_second)
1998-01-01 01:01:01

#SQL[@178,N69]Result[61, 17]
SELECT CAST(CAST('2006-08-10 10:11:12' AS DATETIME) AS DECIMAL(20,6));
cast(cast(2006-08-10 10:11:12 as datetime) as decimal(20, 6))
1155204672.000000

#SQL[@179,N95]Result[89, 17]
SELECT CAST(CAST('2006-08-10 10:11:12' AS DATETIME) + INTERVAL 14 MICROSECOND AS DECIMAL(20,6));
cast(cast(2006-08-10 10:11:12 as datetime) + INTERVAL(14, microsecond) as decimal(20, 6))
1155204672.000014

#SQL[@184,N23]Result[]
drop table if exists t1;

#SQL[@185,N23]Result[]
drop table if exists t2;

#SQL[@186,N81]Result[]
create table t1(i int,a datetime,b datetime,c datetime,d char(200),e varchar(50));

#SQL[@187,N81]Result[]
create table t2(i int,a datetime,b datetime,c datetime,d char(200),e varchar(50));

#SQL[@188,N233]Result[]
insert into t1 select 1,"1997-12-30" + INTERVAL 1 SECOND ,"1997-12-31 23:59:59" + INTERVAL 1 MINUTE,"1997-12-31 23:59:59.000002" + INTERVAL 1 HOUR,"1997-12-31 23:59:59" + INTERVAL 1 DAY,"1997-12-31 23:59:59.000002" + INTERVAL 1 MONTH;

#SQL[@189,N272]Result[]
insert into t1 select 2,"1997-12-30" + INTERVAL 1 YEAR,"1997-12-31 23:59:59" + INTERVAL "1:1" MINUTE_SECOND,"1997-12-31 23:59:59.000002" + INTERVAL "1:1" DAY_HOUR,"1997-12-31 23:59:59" + INTERVAL "1 1" YEAR_MONTH,"1997-12-31 23:59:59.000002" + INTERVAL "1:1:1" HOUR_SECOND;

#SQL[@190,N231]Result[]
insert into t1 select 3,"1997-12-30" + INTERVAL "1:1:1" HOUR_SECOND,"1997-12-31 23:59:59" + INTERVAL "1 1:1" DAY_MINUTE,"1997-12-31 23:59:59.000002" + INTERVAL "1 1:1:1" DAY_SECOND,"1997-12-31 23:59:59","1997-12-31 23:59:59.000002";

#SQL[@191,N233]Result[]
insert into t1 select 4,"1997-12-30" + INTERVAL 1 SECOND ,"1997-12-31 23:59:59" + INTERVAL 1 MINUTE,"1997-12-31 23:59:59.000002" + INTERVAL 1 HOUR,"1997-12-31 23:59:59" + INTERVAL 1 DAY,"1997-12-31 23:59:59.000002" + INTERVAL 1 MONTH;

#SQL[@192,N272]Result[]
insert into t1 select 5,"1997-12-30" + INTERVAL 1 YEAR,"1997-12-31 23:59:59" + INTERVAL "1:1" MINUTE_SECOND,"1997-12-31 23:59:59.000002" + INTERVAL "1:1" DAY_HOUR,"1997-12-31 23:59:59" + INTERVAL "1 1" YEAR_MONTH,"1997-12-31 23:59:59.000002" + INTERVAL "1:1:1" HOUR_SECOND;

#SQL[@193,N231]Result[]
insert into t1 select 6,"1997-12-30" + INTERVAL "1:1:1" HOUR_SECOND,"1997-12-31 23:59:59" + INTERVAL "1 1:1" DAY_MINUTE,"1997-12-31 23:59:59.000002" + INTERVAL "1 1:1:1" DAY_SECOND,"1997-12-31 23:59:59","1997-12-31 23:59:59.000002";

#SQL[@195,N130]Result[]
insert into t1 values(7,"1998-01-01","1998-01-01","1998-01-01 00:00:00.000001","1998-01-01 00:00:00","1997-12-31 23:59:59.000002");

#SQL[@196,N130]Result[]
insert into t1 values(8,"1998-01-01","1998-01-01","1998-01-01 00:00:00.000001","1998-01-01 00:00:00","1997-12-31 23:59:59.000002");

#SQL[@197,N130]Result[]
insert into t1 values(9,"1998-01-01","1998-01-01","1998-01-01 00:00:00.000001","1998-01-01 00:00:00","1997-12-31 23:59:59.000002");

#SQL[@198,N165]Result[]
insert into t1 select 10,"2010-11-12" + interval 14 microsecond,"1998-01-01 00:00:00","1998-01-01 00:00:00.000001","1998-01-01 00:00:00","1997-12-31 23:59:59.000002";

#SQL[@199,N50]Result[]
insert into t1 values(11,NULL,NULL,NULL,NULL,NULL);

#SQL[@201,N233]Result[]
insert into t2 select 1,"1997-12-30" + INTERVAL 1 SECOND ,"1997-12-31 23:59:59" + INTERVAL 1 MINUTE,"1997-12-31 23:59:59.000002" + INTERVAL 1 HOUR,"1997-12-31 23:59:59" + INTERVAL 1 DAY,"1997-12-31 23:59:59.000002" + INTERVAL 1 MONTH;

#SQL[@202,N272]Result[]
insert into t2 select 2,"1997-12-30" + INTERVAL 1 YEAR,"1997-12-31 23:59:59" + INTERVAL "1:1" MINUTE_SECOND,"1997-12-31 23:59:59.000002" + INTERVAL "1:1" DAY_HOUR,"1997-12-31 23:59:59" + INTERVAL "1 1" YEAR_MONTH,"1997-12-31 23:59:59.000002" + INTERVAL "1:1:1" HOUR_SECOND;

#SQL[@203,N231]Result[]
insert into t2 select 3,"1997-12-30" + INTERVAL "1:1:1" HOUR_SECOND,"1997-12-31 23:59:59" + INTERVAL "1 1:1" DAY_MINUTE,"1997-12-31 23:59:59.000002" + INTERVAL "1 1:1:1" DAY_SECOND,"1997-12-31 23:59:59","1997-12-31 23:59:59.000002";

#SQL[@204,N233]Result[]
insert into t2 select 4,"1997-12-30" + INTERVAL 1 SECOND ,"1997-12-31 23:59:59" + INTERVAL 1 MINUTE,"1997-12-31 23:59:59.000002" + INTERVAL 1 HOUR,"1997-12-31 23:59:59" + INTERVAL 1 DAY,"1997-12-31 23:59:59.000002" + INTERVAL 1 MONTH;

#SQL[@205,N272]Result[]
insert into t2 select 5,"1997-12-30" + INTERVAL 1 YEAR,"1997-12-31 23:59:59" + INTERVAL "1:1" MINUTE_SECOND,"1997-12-31 23:59:59.000002" + INTERVAL "1:1" DAY_HOUR,"1997-12-31 23:59:59" + INTERVAL "1 1" YEAR_MONTH,"1997-12-31 23:59:59.000002" + INTERVAL "1:1:1" HOUR_SECOND;

#SQL[@206,N231]Result[]
insert into t2 select 6,"1997-12-30" + INTERVAL "1:1:1" HOUR_SECOND,"1997-12-31 23:59:59" + INTERVAL "1 1:1" DAY_MINUTE,"1997-12-31 23:59:59.000002" + INTERVAL "1 1:1:1" DAY_SECOND,"1997-12-31 23:59:59","1997-12-31 23:59:59.000002";

#SQL[@208,N139]Result[]
insert into t2 values(7,"1998-01-01","1998-01-01 00:00:00","1998-01-01 00:00:00.000001","1998-01-01 00:00:00","1997-12-31 23:59:59.000002");

#SQL[@209,N139]Result[]
insert into t2 values(8,"1998-01-01","1998-01-01 00:00:00","1998-01-01 00:00:00.000001","1998-01-01 00:00:00","1997-12-31 23:59:59.000002");

#SQL[@210,N139]Result[]
insert into t2 values(9,"1998-01-01","1998-01-01 00:00:00","1998-01-01 00:00:00.000001","1998-01-01 00:00:00","1997-12-31 23:59:59.000002");

#SQL[@211,N50]Result[]
insert into t2 values(10,NULL,NULL,NULL,NULL,NULL);

#SQL[@220,N71]Result[67, 44, 44, 44, 44, 44, 44, 44, 44, 44, 44, 14]
select date_add(b,INTERVAL 1 DAY),date_add(c,INTERVAL 1 SECOND) from t1;
date_add(b, INTERVAL(1, day))  ¦  date_add(c, INTERVAL(1, second))
1998-01-02 00:00:59  ¦  1998-01-01 01:00:00
1998-01-02 00:01:00  ¦  1998-01-02 01:00:00
1998-01-03 01:00:59  ¦  1998-01-02 01:01:01
1998-01-02 00:00:59  ¦  1998-01-01 01:00:00
1998-01-02 00:01:00  ¦  1998-01-02 01:00:00
1998-01-03 01:00:59  ¦  1998-01-02 01:01:01
1998-01-02 00:00:00  ¦  1998-01-01 00:00:01
1998-01-02 00:00:00  ¦  1998-01-01 00:00:01
1998-01-02 00:00:00  ¦  1998-01-01 00:00:01
1998-01-02 00:00:00  ¦  1998-01-01 00:00:01
null  ¦  null

#SQL[@226,N112]Result[16, 26, 26, 26, 26]
select count(a),c + INTERVAL 1 DAY as c1 from t1 group by (c + INTERVAL 1 DAY) having c1 > "1998-01-01 00:59:59";
count(a)  ¦  c1
2  ¦  1998-01-02 00:59:59
2  ¦  1998-01-03 00:59:59
2  ¦  1998-01-03 01:01:00
4  ¦  1998-01-02 00:00:00

#SQL[@233,N136]Result[]
select t1.i,t2.i,t1.c + INTERVAL 1 MINUTE,t2.b + INTERVAL 1 YEAR from t1 join t2 where (t1.a + INTERVAL 1 DAY) = (t2.c -INTERVAL 1 DAY );

#SQL[@236,N44]Result[29, 26, 26, 26, 26, 26, 26, 26, 26, 26, 26]
select '2007-01-01' + interval i day from t2;
2007-01-01 + interval(i, day)
2007-01-02 00:00:00.000000
2007-01-03 00:00:00.000000
2007-01-04 00:00:00.000000
2007-01-05 00:00:00.000000
2007-01-06 00:00:00.000000
2007-01-07 00:00:00.000000
2007-01-08 00:00:00.000000
2007-01-09 00:00:00.000000
2007-01-10 00:00:00.000000
2007-01-11 00:00:00.000000

#SQL[@237,N33]Result[20, 19, 19, 19, 19, 19, 19, 19, 19, 19, 4]
select b + interval i day from t2;
b + interval(i, day)
1998-01-02 00:00:59
1998-01-03 00:01:00
1998-01-05 01:00:59
1998-01-05 00:00:59
1998-01-06 00:01:00
1998-01-08 01:00:59
1998-01-08 00:00:00
1998-01-09 00:00:00
1998-01-10 00:00:00
null

#SQL[@239,N48]Result[]
update t1 set c = c + INTERVAL 1 DAY where i > 6;

#SQL[@240,N28]Result[36, 133, 133, 133, 134, 52]
select * from t1 where i > 6;
i  ¦  a  ¦  b  ¦  c  ¦  d  ¦  e
7  ¦  1998-01-01 00:00:00  ¦  1998-01-01 00:00:00  ¦  1998-01-02 00:00:00  ¦  1998-01-01 00:00:00  ¦  1997-12-31 23:59:59.000002
8  ¦  1998-01-01 00:00:00  ¦  1998-01-01 00:00:00  ¦  1998-01-02 00:00:00  ¦  1998-01-01 00:00:00  ¦  1997-12-31 23:59:59.000002
9  ¦  1998-01-01 00:00:00  ¦  1998-01-01 00:00:00  ¦  1998-01-02 00:00:00  ¦  1998-01-01 00:00:00  ¦  1997-12-31 23:59:59.000002
10  ¦  2010-11-12 00:00:00  ¦  1998-01-01 00:00:00  ¦  1998-01-02 00:00:00  ¦  1998-01-01 00:00:00  ¦  1997-12-31 23:59:59.000002
11  ¦  null  ¦  null  ¦  null  ¦  null  ¦  null

#SQL[@241,N23]Result[]
drop table if exists t1;

#SQL[@242,N23]Result[]
drop table if exists t2;

#SQL[@247,N23]Result[]
drop table if exists t1;

#SQL[@248,N30]Result[]
CREATE TABLE t1 ( datum DATE );

#SQL[@250,N36]Result[]
INSERT INTO t1 VALUES ( "2000-1-1" );

#SQL[@251,N36]Result[]
INSERT INTO t1 VALUES ( "2000-1-2" );

#SQL[@252,N36]Result[]
INSERT INTO t1 VALUES ( "2000-1-3" );

#SQL[@253,N36]Result[]
INSERT INTO t1 VALUES ( "2000-1-4" );

#SQL[@254,N36]Result[]
INSERT INTO t1 VALUES ( "2000-1-5" );

#SQL[@255,N90]Result[5, 10, 10, 10]
SELECT * FROM t1 WHERE datum BETWEEN cast("2000-1-2" as date) AND cast("2000-1-4" as date);
datum
2000-01-02
2000-01-03
2000-01-04

#SQL[@256,N90]Result[]
SELECT * FROM t1 WHERE datum BETWEEN cast("2000-1-2" as date) AND datum - INTERVAL 100 DAY;

#SQL[@262,N50]Result[43, 10]
SELECT CAST('2006-09-26' AS DATE) + INTERVAL 1 DAY;
cast(2006-09-26 as date) + INTERVAL(1, day)
2006-09-27

#SQL[@263,N52]Result[45, 10]
SELECT CAST('2006-09-26' AS DATE) + INTERVAL 1 MONTH;
cast(2006-09-26 as date) + INTERVAL(1, month)
2006-10-26

#SQL[@264,N51]Result[44, 10]
SELECT CAST('2006-09-26' AS DATE) + INTERVAL 1 YEAR;
cast(2006-09-26 as date) + INTERVAL(1, year)
2007-09-26

#SQL[@265,N51]Result[44, 10]
SELECT CAST('2006-09-26' AS DATE) + INTERVAL 1 WEEK;
cast(2006-09-26 as date) + INTERVAL(1, week)
2006-10-03

#SQL[@270,N23]Result[]
drop table if exists t1;

#SQL[@271,N24]Result[]
create table t1 (d date);

#SQL[@272,N68]Error[39]
insert into t1 (d) select date_sub('2000-01-01', INTERVAL 2001 YEAR);
data out of range: data type datetime, 

#SQL[@273,N67]Error[39]
insert into t1 (d) select date_add('2000-01-01',interval 8000 year);
data out of range: data type datetime, 

#SQL[@274,N52]Result[]
insert into t1 select date_add(NULL, INTERVAL 1 DAY);

#SQL[@275,N63]Result[]
insert into t1 select date_add('2000-01-04', INTERVAL NULL DAY);

#SQL[@276,N68]Error[39]
insert into t1 (d) select date_sub('2000-01-01', INTERVAL 2001 YEAR);
data out of range: data type datetime, 

#SQL[@277,N67]Error[39]
insert into t1 (d) select date_add('2000-01-01',interval 8000 year);
data out of range: data type datetime, 

#SQL[@278,N52]Result[]
insert into t1 select date_add(NULL, INTERVAL 1 DAY);

#SQL[@279,N63]Result[]
insert into t1 select date_add('2000-01-04', INTERVAL NULL DAY);

#SQL[@280,N16]Result[1, 4, 4, 4, 4]
select * from t1;
d
null
null
null
null

#SQL[@281,N13]Result[]
drop table t1;

#SQL[@284,N13]Result[]
set @tt=now();

#SQL[@285,N10]Result[3, 26]
select @tt;
@tt
2025-10-10 04:01:52.151854

#SQL[@287,N40]Result[35, 26]
select date_add(@tt, Interval 30 SECOND);
date_add(@tt, Interval(30, second))
2025-10-10 04:02:22.151854

#SQL[@289,N40]Result[35, 26]
select date_sub(@tt, Interval 30 SECOND);
date_sub(@tt, Interval(30, second))
2025-10-10 04:01:22.151854

