#SQL[@1,N30]Error[202]
drop table if exists t1(a int);
SQL parser error: You have an error in your SQL syntax; check the manual that corresponds to your MatrixOne server version for the right syntax to use. syntax error at line 1 column 24 near \"(a int)\";

#SQL[@2,N23]Result[]
create table t1 (a int);

#SQL[@3,N41]Result[]
insert into t1 values (1),(1),(1),(1),(1);

#SQL[@4,N45]Result[1, 1, 1, 1, 1, 1]
select * from t1 limit 0,18446744073709551615;
a
1
1
1
1
1

#SQL[@5,N64]Result[]
select * from t1 limit 18446744073709551615,18446744073709551615;

#SQL[@6,N45]Result[]
select * from t1 limit 18446744073709551615,0;

#SQL[@7,N46]Error[60]
select * from t1 limit -1,18446744073709551615;
SQL syntax error: only uint64 support in limit/offset clause

#SQL[@8,N27]Error[60]
select * from t1 limit 0,-1;
SQL syntax error: only uint64 support in limit/offset clause

#SQL[@9,N26]Result[]
select * from t1 limit 0,0;

#SQL[@10,N26]Result[1, 1, 1, 1]
select * from t1 limit 0,3;
a
1
1
1

#SQL[@11,N26]Result[1, 1, 1, 1]
select * from t1 limit 1,3;
a
1
1
1

#SQL[@12,N26]Result[1, 1, 1, 1]
select * from t1 limit 2,4;
a
1
1
1

#SQL[@13,N56]Result[1, 1, 1, 1, 1, 1]
select * from t1 order by a limit 0,18446744073709551615;
a
1
1
1
1
1

#SQL[@14,N75]Result[]
select * from t1 order by a limit 18446744073709551615,18446744073709551615;

#SQL[@15,N56]Result[]
select * from t1 order by a limit 18446744073709551615,0;

#SQL[@16,N57]Error[60]
select * from t1 order by a limit -1,18446744073709551615;
SQL syntax error: only uint64 support in limit/offset clause

#SQL[@17,N38]Error[60]
select * from t1 order by a limit 0,-1;
SQL syntax error: only uint64 support in limit/offset clause

#SQL[@18,N37]Result[]
select * from t1 order by a limit 0,0;

#SQL[@19,N23]Result[]
drop table if exists t1;

#SQL[@20,N42]Result[]
create table t1 (a int primary key, b int);

#SQL[@21,N65]Result[]
insert into t1 select result, 1 from generate_series (1, 800000)g;

#SQL[@22,N59]Result[8, 6]
select count(*) from (select a from t1 limit 200, 900000) a;
count(*)
799800

#SQL[@23,N43]Result[8, 13, 13]
select * from t1 order by a limit 700000, 2;
a  ¦  b
700001  ¦  1
700002  ¦  1

#SQL[@24,N23]Result[]
drop table if exists t1;

#SQL[@25,N46]Result[]
create table t1 (a int primary key, b varchar);

#SQL[@26,N84]Result[]
insert into t1 select result, repeat("abcdefg",500) from generate_series (1, 30000)g;

#SQL[@27,N58]Result[]
select a, left(b,3) from t1 order by a desc limit 32000, 2;

