#SQL[@4,N30]Result[27, 1]
show table_number from mo_task;
Number of tables in mo_task
3

#SQL[@5,N41]Result[38, 2]
show table_number from information_schema;
Number of tables in information_schema
24

#SQL[@6,N28]Result[25, 1]
show table_number from mysql;
Number of tables in mysql
6

#SQL[@7,N33]Result[30, 2]
show table_number from mo_catalog;
Number of tables in mo_catalog
39

#SQL[@8,N29]Result[26, 1]
show table_number from system;
Number of tables in system
6

#SQL[@13,N11]Result[]
use mo_task;

#SQL[@14,N38]Result[35, 2]
show column_number from sys_async_task;
Number of columns in sys_async_task
14

#SQL[@15,N37]Result[34, 2]
show column_number from sys_cron_task;
Number of columns in sys_cron_task
10

#SQL[@17,N22]Result[]
use information_schema;

#SQL[@18,N40]Result[37, 2]
show column_number from key_column_usage;
Number of columns in key_column_usage
12

#SQL[@19,N31]Result[28, 2]
show column_number from columns;
Number of columns in columns
22

#SQL[@20,N33]Result[30, 2]
show column_number from profiling;
Number of columns in profiling
18

#SQL[@21,N35]Result[32, 2]
show column_number from processlist;
Number of columns in processlist
19

#SQL[@22,N32]Result[29, 1]
show column_number from schemata;
Number of columns in schemata
6

#SQL[@23,N38]Result[35, 1]
show column_number from character_sets;
Number of columns in character_sets
4

#SQL[@24,N32]Result[29, 2]
show column_number from triggers;
Number of columns in triggers
22

#SQL[@25,N30]Result[27, 2]
show column_number from tables;
Number of columns in tables
21

#SQL[@26,N31]Result[28, 1]
show column_number from engines;
Number of columns in engines
6

#SQL[@27,N32]Result[29, 2]
show column_number from routines;
Number of columns in routines
31

#SQL[@28,N34]Result[31, 2]
show column_number from parameters;
Number of columns in parameters
16

#SQL[@29,N32]Result[29, 1]
show column_number from keywords;
Number of columns in keywords
2

#SQL[@31,N9]Result[]
use mysql;

#SQL[@32,N28]Result[25, 2]
show column_number from user;
Number of columns in user
51

#SQL[@33,N26]Result[23, 2]
show column_number from db;
Number of columns in db
22

#SQL[@34,N34]Result[31, 1]
show column_number from procs_priv;
Number of columns in procs_priv
8

#SQL[@35,N36]Result[33, 1]
show column_number from columns_priv;
Number of columns in columns_priv
7

#SQL[@36,N35]Result[32, 1]
show column_number from tables_priv;
Number of columns in tables_priv
8

#SQL[@38,N14]Result[]
use mo_catalog;

#SQL[@39,N31]Result[28, 2]
show column_number from mo_user;
Number of columns in mo_user
15

#SQL[@40,N34]Result[31, 1]
show column_number from mo_account;
Number of columns in mo_account
9

#SQL[@41,N31]Result[28, 1]
show column_number from mo_role;
Number of columns in mo_role
6

#SQL[@42,N37]Result[34, 1]
show column_number from mo_user_grant;
Number of columns in mo_user_grant
4

#SQL[@43,N37]Result[34, 1]
show column_number from mo_role_grant;
Number of columns in mo_role_grant
6

#SQL[@44,N37]Result[34, 2]
show column_number from mo_role_privs;
Number of columns in mo_role_privs
10

#SQL[@45,N48]Result[45, 2]
show column_number from mo_user_defined_function;
Number of columns in mo_user_defined_function
17

#SQL[@46,N33]Result[30, 2]
show column_number from mo_tables;
Number of columns in mo_tables
18

#SQL[@47,N35]Result[32, 1]
show column_number from mo_database;
Number of columns in mo_database
9

#SQL[@48,N34]Result[31, 2]
show column_number from mo_columns;
Number of columns in mo_columns
24

#SQL[@49,N34]Result[31, 2]
show column_number from mo_indexes;
Number of columns in mo_indexes
15

#SQL[@54,N18]Result[]
use system_metrics;

#SQL[@55,N30]Result[27, 1]
show column_number from metric;
Number of columns in metric
7

#SQL[@56,N43]Result[40, 1]
show column_number from sql_statement_total;
Number of columns in sql_statement_total
6

#SQL[@57,N44]Result[41, 1]
show column_number from sql_statement_errors;
Number of columns in sql_statement_errors
6

#SQL[@58,N40]Result[37, 1]
show column_number from sql_statement_cu;
Number of columns in sql_statement_cu
6

#SQL[@59,N45]Result[42, 1]
show column_number from sql_transaction_total;
Number of columns in sql_transaction_total
5

#SQL[@60,N46]Result[43, 1]
show column_number from sql_transaction_errors;
Number of columns in sql_transaction_errors
6

#SQL[@61,N42]Result[39, 1]
show column_number from server_connections;
Number of columns in server_connections
5

#SQL[@62,N43]Result[40, 1]
show column_number from process_cpu_percent;
Number of columns in process_cpu_percent
5

#SQL[@63,N53]Result[50, 1]
show column_number from process_resident_memory_bytes;
Number of columns in process_resident_memory_bytes
5

#SQL[@64,N40]Result[37, 1]
show column_number from process_open_fds;
Number of columns in process_open_fds
5

#SQL[@65,N45]Result[42, 1]
show column_number from sys_cpu_seconds_total;
Number of columns in sys_cpu_seconds_total
5

#SQL[@66,N48]Result[45, 1]
show column_number from sys_cpu_combined_percent;
Number of columns in sys_cpu_combined_percent
5

#SQL[@67,N39]Result[36, 1]
show column_number from sys_memory_used;
Number of columns in sys_memory_used
5

#SQL[@68,N44]Result[41, 1]
show column_number from sys_memory_available;
Number of columns in sys_memory_available
5

#SQL[@69,N43]Result[40, 1]
show column_number from sys_disk_read_bytes;
Number of columns in sys_disk_read_bytes
5

#SQL[@70,N44]Result[41, 1]
show column_number from sys_disk_write_bytes;
Number of columns in sys_disk_write_bytes
5

#SQL[@71,N42]Result[39, 1]
show column_number from sys_net_recv_bytes;
Number of columns in sys_net_recv_bytes
5

#SQL[@72,N42]Result[39, 1]
show column_number from sys_net_sent_bytes;
Number of columns in sys_net_sent_bytes
5

#SQL[@74,N10]Result[]
use system;

#SQL[@75,N38]Result[35, 2]
show column_number from statement_info;
Number of columns in statement_info
30

#SQL[@76,N30]Result[27, 2]
show column_number from rawlog;
Number of columns in rawlog
23

#SQL[@77,N32]Result[29, 2]
show column_number from log_info;
Number of columns in log_info
14

#SQL[@78,N34]Result[31, 1]
show column_number from error_info;
Number of columns in error_info
9

#SQL[@79,N33]Result[30, 2]
show column_number from span_info;
Number of columns in span_info
12

#SQL[@80,N45]Result[42, 1]
show column_number from sql_statement_hotspot;
Number of columns in sql_statement_hotspot
9

#SQL[@84,N31]Result[]
drop database if exists test_db;

#SQL[@85,N23]Result[]
create database test_db;

#SQL[@87,N30]Result[27, 1]
show table_number from test_db;
Number of tables in test_db
0

#SQL[@89,N11]Result[]
use test_db;

#SQL[@91,N23]Result[]
drop table if exists t1;

#SQL[@93,N200]Result[]
create table t1(
                   col1 int,
                   col2 float,
                   col3 varchar,
                   col4 blob,
                   col6 date,
                   col7 bool
);

#SQL[@103,N30]Result[27, 1]
show table_number from test_db;
Number of tables in test_db
1

#SQL[@106,N25]Result[174, 114]
show table_values from t1;
max(col1)  ¦  min(col1)  ¦  max(col2)  ¦  min(col2)  ¦  max(col3)  ¦  min(col3)  ¦  max(col4)  ¦  min(col4)  ¦  max(col6)  ¦  min(col6)  ¦  max(col7)  ¦  min(col7)
null  ¦  null  ¦  null  ¦  null  ¦  null  ¦  null  ¦  null  ¦  null  ¦  null  ¦  null  ¦  null  ¦  null

#SQL[@107,N66]Result[58, 8]
select mo_table_rows("test_db","t1"),mo_table_size("test_db","t1");
mo_table_rows(test_db, t1)  ¦  mo_table_size(test_db, t1)
0  ¦  0

#SQL[@110,N62]Result[]
insert into t1 values(100,10.34,"你好",'aaa','2011-10-10',0);

#SQL[@111,N25]Result[174, 130]
show table_values from t1;
max(col1)  ¦  min(col1)  ¦  max(col2)  ¦  min(col2)  ¦  max(col3)  ¦  min(col3)  ¦  max(col4)  ¦  min(col4)  ¦  max(col6)  ¦  min(col6)  ¦  max(col7)  ¦  min(col7)
100  ¦  100  ¦  10.34  ¦  10.34  ¦  你好  ¦  你好  ¦  aaa  ¦  aaa  ¦  2011-10-10  ¦  2011-10-10  ¦  false  ¦  false

#SQL[@113,N56]Result[]
insert into t1 values(10,1.34,"你",'aa','2011-10-11',1);

#SQL[@114,N25]Result[174, 123]
show table_values from t1;
max(col1)  ¦  min(col1)  ¦  max(col2)  ¦  min(col2)  ¦  max(col3)  ¦  min(col3)  ¦  max(col4)  ¦  min(col4)  ¦  max(col6)  ¦  min(col6)  ¦  max(col7)  ¦  min(col7)
100  ¦  10  ¦  10.34  ¦  1.34  ¦  你好  ¦  你  ¦  aaa  ¦  aa  ¦  2011-10-11  ¦  2011-10-10  ¦  true  ¦  false

#SQL[@116,N37]Result[]
set mo_table_stats.use_old_impl = yes;

#SQL[@117,N66]Result[58, 10]
select mo_table_rows("test_db","t1"),mo_table_size("test_db","t1");
mo_table_rows(test_db, t1)  ¦  mo_table_size(test_db, t1)
2  ¦  186

#SQL[@118,N36]Result[]
set mo_table_stats.use_old_impl = no;

#SQL[@121,N24]Result[]
drop table if exists t11;

#SQL[@122,N219]Result[]
create table t11(
                    col1 int primary key,
                    col2 float,
                    col3 varchar,
                    col4 blob,
                    col6 date,
                    col7 bool
);

#SQL[@132,N30]Result[27, 1]
show table_number from test_db;
Number of tables in test_db
2

#SQL[@135,N26]Result[174, 114]
show table_values from t11;
max(col1)  ¦  min(col1)  ¦  max(col2)  ¦  min(col2)  ¦  max(col3)  ¦  min(col3)  ¦  max(col4)  ¦  min(col4)  ¦  max(col6)  ¦  min(col6)  ¦  max(col7)  ¦  min(col7)
null  ¦  null  ¦  null  ¦  null  ¦  null  ¦  null  ¦  null  ¦  null  ¦  null  ¦  null  ¦  null  ¦  null

#SQL[@136,N68]Result[60, 8]
select mo_table_rows("test_db","t11"),mo_table_size("test_db","t11");
mo_table_rows(test_db, t11)  ¦  mo_table_size(test_db, t11)
0  ¦  0

#SQL[@138,N63]Result[]
insert into t11 values(100,10.34,"你好",'aaa','2011-10-10',0);

#SQL[@139,N26]Result[174, 130]
show table_values from t11;
max(col1)  ¦  min(col1)  ¦  max(col2)  ¦  min(col2)  ¦  max(col3)  ¦  min(col3)  ¦  max(col4)  ¦  min(col4)  ¦  max(col6)  ¦  min(col6)  ¦  max(col7)  ¦  min(col7)
100  ¦  100  ¦  10.34  ¦  10.34  ¦  你好  ¦  你好  ¦  aaa  ¦  aaa  ¦  2011-10-10  ¦  2011-10-10  ¦  false  ¦  false

#SQL[@141,N57]Result[]
insert into t11 values(10,1.34,"你",'aa','2011-10-11',1);

#SQL[@142,N26]Result[174, 123]
show table_values from t11;
max(col1)  ¦  min(col1)  ¦  max(col2)  ¦  min(col2)  ¦  max(col3)  ¦  min(col3)  ¦  max(col4)  ¦  min(col4)  ¦  max(col6)  ¦  min(col6)  ¦  max(col7)  ¦  min(col7)
100  ¦  10  ¦  10.34  ¦  1.34  ¦  你好  ¦  你  ¦  aaa  ¦  aa  ¦  2011-10-11  ¦  2011-10-10  ¦  true  ¦  false

#SQL[@144,N37]Result[]
set mo_table_stats.use_old_impl = yes;

#SQL[@145,N68]Result[60, 10]
select mo_table_rows("test_db","t11"),mo_table_size("test_db","t11");
mo_table_rows(test_db, t11)  ¦  mo_table_size(test_db, t11)
2  ¦  170

#SQL[@146,N36]Result[]
set mo_table_stats.use_old_impl = no;

#SQL[@149,N244]Result[]
create external table external_table(
col1 int,
col2 float,
col3 varchar,
col4 blob,
col6 date,
col7 bool
)infile{"filepath"='$resources/external_table_file/external_table.csv'} fields terminated by ',' enclosed by '\"' lines terminated by '\n';

#SQL[@158,N28]Result[54, 46, 62, 55]
select * from external_table;
col1  ¦  col2  ¦  col3  ¦  col4  ¦  col6  ¦  col7
null  ¦  null  ¦    ¦    ¦  null  ¦  null
100  ¦  10.34  ¦  你好  ¦  aaa  ¦  2011-10-10  ¦  false
10  ¦  1.34  ¦  你  ¦  aa  ¦  2011-10-11  ¦  true

#SQL[@160,N30]Result[27, 1]
show table_number from test_db;
Number of tables in test_db
3

#SQL[@162,N37]Result[174, 118]
show table_values from external_table;
max(col1)  ¦  min(col1)  ¦  max(col2)  ¦  min(col2)  ¦  max(col3)  ¦  min(col3)  ¦  max(col4)  ¦  min(col4)  ¦  max(col6)  ¦  min(col6)  ¦  max(col7)  ¦  min(col7)
100  ¦  10  ¦  10.34  ¦  1.34  ¦  你好  ¦    ¦  aaa  ¦    ¦  2011-10-11  ¦  2011-10-10  ¦  true  ¦  false

#SQL[@199,N32]Result[]
create table t2(
    col1 json
);

#SQL[@204,N25]Result[]
show table_values from t2;

#SQL[@206,N23]Result[]
insert into t2 values();

#SQL[@207,N25]Result[24, 14]
show table_values from t2;
max(col1)  ¦  min(col1)
null  ¦  null

#SQL[@209,N36]Result[]
insert into t2 values(('{"x": 17}'));

#SQL[@210,N25]Result[24, 14]
show table_values from t2;
max(col1)  ¦  min(col1)
null  ¦  null

#SQL[@212,N39]Result[]
insert into t2 values (('{"x": [18]}'));

#SQL[@213,N25]Result[24, 14]
show table_values from t2;
max(col1)  ¦  min(col1)
null  ¦  null

#SQL[@216,N40]Result[]
create table t3(
    col1 decimal(5,2)
);

#SQL[@220,N25]Result[24, 14]
show table_values from t3;
max(col1)  ¦  min(col1)
null  ¦  null

#SQL[@222,N23]Result[]
insert into t3 values();

#SQL[@223,N25]Result[24, 14]
show table_values from t3;
max(col1)  ¦  min(col1)
null  ¦  null

#SQL[@225,N26]Result[]
insert into t3 values(3.3);

#SQL[@226,N25]Result[24, 14]
show table_values from t3;
max(col1)  ¦  min(col1)
3.30  ¦  3.30

#SQL[@228,N26]Result[]
insert into t3 values(3.2);

#SQL[@229,N25]Result[24, 14]
show table_values from t3;
max(col1)  ¦  min(col1)
3.30  ¦  3.20

#SQL[@231,N21]Result[]
drop database test_db;

#SQL[@235,N35]Result[]
drop account if exists test_account;

#SQL[@236,N72]Result[]
create account test_account admin_name = 'test_user' identified by '111';

#SQL[@239,N41]Result[38, 2]
show table_number from information_schema;
Number of tables in information_schema
24

#SQL[@240,N28]Result[25, 1]
show table_number from mysql;
Number of tables in mysql
6

#SQL[@241,N33]Result[30, 2]
show table_number from mo_catalog;
Number of tables in mo_catalog
24

#SQL[@242,N37]Result[34, 2]
show table_number from system_metrics;
Number of tables in system_metrics
11

#SQL[@243,N29]Result[26, 1]
show table_number from system;
Number of tables in system
1

#SQL[@245,N22]Result[]
use information_schema;

#SQL[@246,N40]Result[37, 2]
show column_number from key_column_usage;
Number of columns in key_column_usage
12

#SQL[@247,N31]Result[28, 2]
show column_number from columns;
Number of columns in columns
22

#SQL[@248,N33]Result[30, 2]
show column_number from profiling;
Number of columns in profiling
18

#SQL[@249,N35]Result[32, 2]
show column_number from processlist;
Number of columns in processlist
19

#SQL[@250,N32]Result[29, 1]
show column_number from schemata;
Number of columns in schemata
6

#SQL[@251,N38]Result[35, 1]
show column_number from character_sets;
Number of columns in character_sets
4

#SQL[@252,N32]Result[29, 2]
show column_number from triggers;
Number of columns in triggers
22

#SQL[@253,N30]Result[27, 2]
show column_number from tables;
Number of columns in tables
21

#SQL[@254,N31]Result[28, 1]
show column_number from engines;
Number of columns in engines
6

#SQL[@255,N32]Result[29, 2]
show column_number from routines;
Number of columns in routines
31

#SQL[@256,N34]Result[31, 2]
show column_number from parameters;
Number of columns in parameters
16

#SQL[@257,N32]Result[29, 1]
show column_number from keywords;
Number of columns in keywords
2

#SQL[@262,N9]Result[]
use mysql;

#SQL[@263,N28]Result[25, 2]
show column_number from user;
Number of columns in user
51

#SQL[@264,N26]Result[23, 2]
show column_number from db;
Number of columns in db
22

#SQL[@265,N34]Result[31, 1]
show column_number from procs_priv;
Number of columns in procs_priv
8

#SQL[@266,N36]Result[33, 1]
show column_number from columns_priv;
Number of columns in columns_priv
7

#SQL[@267,N35]Result[32, 1]
show column_number from tables_priv;
Number of columns in tables_priv
8

#SQL[@269,N14]Result[]
use mo_catalog;

#SQL[@270,N31]Result[28, 2]
show column_number from mo_user;
Number of columns in mo_user
15

#SQL[@271,N31]Result[28, 1]
show column_number from mo_role;
Number of columns in mo_role
6

#SQL[@272,N37]Result[34, 1]
show column_number from mo_user_grant;
Number of columns in mo_user_grant
4

#SQL[@273,N37]Result[34, 1]
show column_number from mo_role_grant;
Number of columns in mo_role_grant
6

#SQL[@274,N37]Result[34, 2]
show column_number from mo_role_privs;
Number of columns in mo_role_privs
10

#SQL[@275,N48]Result[45, 2]
show column_number from mo_user_defined_function;
Number of columns in mo_user_defined_function
17

#SQL[@276,N33]Result[30, 2]
show column_number from mo_tables;
Number of columns in mo_tables
18

#SQL[@277,N35]Result[32, 1]
show column_number from mo_database;
Number of columns in mo_database
9

#SQL[@278,N34]Result[31, 2]
show column_number from mo_columns;
Number of columns in mo_columns
24

#SQL[@280,N10]Result[]
use system;

#SQL[@281,N38]Result[35, 2]
show column_number from statement_info;
Number of columns in statement_info
30

#SQL[@285,N31]Result[]
drop database if exists test_db;

#SQL[@286,N23]Result[]
create database test_db;

#SQL[@289,N30]Result[27, 1]
show table_number from test_db;
Number of tables in test_db
0

#SQL[@292,N11]Result[]
use test_db;

#SQL[@294,N23]Result[]
drop table if exists t1;

#SQL[@296,N228]Result[]
create table t1(
                       col1 int,
                       col2 float,
                       col3 varchar,
                       col4 blob,
                       col6 date,
                       col7 bool
    );

#SQL[@306,N30]Result[27, 1]
show table_number from test_db;
Number of tables in test_db
1

#SQL[@309,N25]Result[174, 114]
show table_values from t1;
max(col1)  ¦  min(col1)  ¦  max(col2)  ¦  min(col2)  ¦  max(col3)  ¦  min(col3)  ¦  max(col4)  ¦  min(col4)  ¦  max(col6)  ¦  min(col6)  ¦  max(col7)  ¦  min(col7)
null  ¦  null  ¦  null  ¦  null  ¦  null  ¦  null  ¦  null  ¦  null  ¦  null  ¦  null  ¦  null  ¦  null

#SQL[@310,N66]Result[58, 8]
select mo_table_rows("test_db","t1"),mo_table_size("test_db","t1");
mo_table_rows(test_db, t1)  ¦  mo_table_size(test_db, t1)
0  ¦  0

#SQL[@313,N62]Result[]
insert into t1 values(100,10.34,"你好",'aaa','2011-10-10',0);

#SQL[@314,N25]Result[174, 130]
show table_values from t1;
max(col1)  ¦  min(col1)  ¦  max(col2)  ¦  min(col2)  ¦  max(col3)  ¦  min(col3)  ¦  max(col4)  ¦  min(col4)  ¦  max(col6)  ¦  min(col6)  ¦  max(col7)  ¦  min(col7)
100  ¦  100  ¦  10.34  ¦  10.34  ¦  你好  ¦  你好  ¦  aaa  ¦  aaa  ¦  2011-10-10  ¦  2011-10-10  ¦  false  ¦  false

#SQL[@316,N56]Result[]
insert into t1 values(10,1.34,"你",'aa','2011-10-11',1);

#SQL[@317,N25]Result[174, 123]
show table_values from t1;
max(col1)  ¦  min(col1)  ¦  max(col2)  ¦  min(col2)  ¦  max(col3)  ¦  min(col3)  ¦  max(col4)  ¦  min(col4)  ¦  max(col6)  ¦  min(col6)  ¦  max(col7)  ¦  min(col7)
100  ¦  10  ¦  10.34  ¦  1.34  ¦  你好  ¦  你  ¦  aaa  ¦  aa  ¦  2011-10-11  ¦  2011-10-10  ¦  true  ¦  false

#SQL[@319,N37]Result[]
set mo_table_stats.use_old_impl = yes;

#SQL[@320,N66]Result[58, 10]
select mo_table_rows("test_db","t1"),mo_table_size("test_db","t1");
mo_table_rows(test_db, t1)  ¦  mo_table_size(test_db, t1)
2  ¦  186

#SQL[@321,N36]Result[]
set mo_table_stats.use_old_impl = no;

#SQL[@324,N24]Result[]
drop table if exists t11;

#SQL[@325,N247]Result[]
create table t11(
                        col1 int primary key,
                        col2 float,
                        col3 varchar,
                        col4 blob,
                        col6 date,
                        col7 bool
    );

#SQL[@335,N30]Result[27, 1]
show table_number from test_db;
Number of tables in test_db
2

#SQL[@338,N26]Result[174, 114]
show table_values from t11;
max(col1)  ¦  min(col1)  ¦  max(col2)  ¦  min(col2)  ¦  max(col3)  ¦  min(col3)  ¦  max(col4)  ¦  min(col4)  ¦  max(col6)  ¦  min(col6)  ¦  max(col7)  ¦  min(col7)
null  ¦  null  ¦  null  ¦  null  ¦  null  ¦  null  ¦  null  ¦  null  ¦  null  ¦  null  ¦  null  ¦  null

#SQL[@339,N68]Result[60, 8]
select mo_table_rows("test_db","t11"),mo_table_size("test_db","t11");
mo_table_rows(test_db, t11)  ¦  mo_table_size(test_db, t11)
0  ¦  0

#SQL[@341,N63]Result[]
insert into t11 values(100,10.34,"你好",'aaa','2011-10-10',0);

#SQL[@342,N26]Result[174, 130]
show table_values from t11;
max(col1)  ¦  min(col1)  ¦  max(col2)  ¦  min(col2)  ¦  max(col3)  ¦  min(col3)  ¦  max(col4)  ¦  min(col4)  ¦  max(col6)  ¦  min(col6)  ¦  max(col7)  ¦  min(col7)
100  ¦  100  ¦  10.34  ¦  10.34  ¦  你好  ¦  你好  ¦  aaa  ¦  aaa  ¦  2011-10-10  ¦  2011-10-10  ¦  false  ¦  false

#SQL[@344,N57]Result[]
insert into t11 values(10,1.34,"你",'aa','2011-10-11',1);

#SQL[@345,N26]Result[174, 123]
show table_values from t11;
max(col1)  ¦  min(col1)  ¦  max(col2)  ¦  min(col2)  ¦  max(col3)  ¦  min(col3)  ¦  max(col4)  ¦  min(col4)  ¦  max(col6)  ¦  min(col6)  ¦  max(col7)  ¦  min(col7)
100  ¦  10  ¦  10.34  ¦  1.34  ¦  你好  ¦  你  ¦  aaa  ¦  aa  ¦  2011-10-11  ¦  2011-10-10  ¦  true  ¦  false

#SQL[@347,N37]Result[]
set mo_table_stats.use_old_impl = yes;

#SQL[@348,N68]Result[60, 10]
select mo_table_rows("test_db","t11"),mo_table_size("test_db","t11");
mo_table_rows(test_db, t11)  ¦  mo_table_size(test_db, t11)
2  ¦  170

#SQL[@349,N36]Result[]
set mo_table_stats.use_old_impl = no;

#SQL[@352,N272]Result[]
create external table external_table(
    col1 int,
    col2 float,
    col3 varchar,
    col4 blob,
    col6 date,
    col7 bool
    )infile{"filepath"='$resources/external_table_file/external_table.csv'} fields terminated by ',' enclosed by '\"' lines terminated by '\n';

#SQL[@361,N28]Result[54, 46, 62, 55]
select * from external_table;
col1  ¦  col2  ¦  col3  ¦  col4  ¦  col6  ¦  col7
null  ¦  null  ¦    ¦    ¦  null  ¦  null
100  ¦  10.34  ¦  你好  ¦  aaa  ¦  2011-10-10  ¦  false
10  ¦  1.34  ¦  你  ¦  aa  ¦  2011-10-11  ¦  true

#SQL[@363,N30]Result[27, 1]
show table_number from test_db;
Number of tables in test_db
3

#SQL[@366,N37]Result[174, 118]
show table_values from external_table;
max(col1)  ¦  min(col1)  ¦  max(col2)  ¦  min(col2)  ¦  max(col3)  ¦  min(col3)  ¦  max(col4)  ¦  min(col4)  ¦  max(col6)  ¦  min(col6)  ¦  max(col7)  ¦  min(col7)
100  ¦  10  ¦  10.34  ¦  1.34  ¦  你好  ¦    ¦  aaa  ¦    ¦  2011-10-11  ¦  2011-10-10  ¦  true  ¦  false

#SQL[@369,N40]Result[]
create table t2(
        col1 json
    );

#SQL[@374,N25]Result[]
show table_values from t2;

#SQL[@376,N23]Result[]
insert into t2 values();

#SQL[@377,N25]Result[24, 14]
show table_values from t2;
max(col1)  ¦  min(col1)
null  ¦  null

#SQL[@379,N36]Result[]
insert into t2 values(('{"x": 17}'));

#SQL[@380,N25]Result[24, 14]
show table_values from t2;
max(col1)  ¦  min(col1)
null  ¦  null

#SQL[@382,N39]Result[]
insert into t2 values (('{"x": [18]}'));

#SQL[@383,N25]Result[24, 14]
show table_values from t2;
max(col1)  ¦  min(col1)
null  ¦  null

#SQL[@386,N43]Result[]
create table t3(
        col1 decimal
    );

#SQL[@390,N25]Result[24, 14]
show table_values from t3;
max(col1)  ¦  min(col1)
null  ¦  null

#SQL[@392,N23]Result[]
insert into t3 values();

#SQL[@393,N25]Result[24, 14]
show table_values from t3;
max(col1)  ¦  min(col1)
null  ¦  null

#SQL[@395,N26]Result[]
insert into t3 values(3.3);

#SQL[@396,N25]Result[24, 8]
show table_values from t3;
max(col1)  ¦  min(col1)
3  ¦  3

#SQL[@398,N26]Result[]
insert into t3 values(3.2);

#SQL[@399,N25]Result[24, 8]
show table_values from t3;
max(col1)  ¦  min(col1)
3  ¦  3

#SQL[@401,N21]Result[]
drop database test_db;

#SQL[@405,N35]Result[]
drop account if exists test_account;

