#SQL[@6,N28]Result[]
drop database if exists test;

#SQL[@7,N20]Result[]
create database test;

#SQL[@8,N8]Result[]
use test;

#SQL[@11,N27]Result[]
drop table if exists test01;

#SQL[@12,N34]Result[]
create table test01(col1 datetime);

#SQL[@13,N62]Result[]
insert into test01 values('2020-01-13 12:20:59.1234586153121');

#SQL[@14,N48]Result[]
insert into test01 values('2023-04-17 01:01:45');

#SQL[@15,N48]Error[57]
insert into test01 values('9999-01-01 26:25:26');
invalid input: invalid datetime value 9999-01-01 26:25:26

#SQL[@16,N31]Result[]
insert into test01 values(NULL);

#SQL[@17,N20]Result[4, 19, 19, 4]
select * from test01;
col1
2020-01-13 12:20:59
2023-04-17 01:01:45
null

#SQL[@19,N36]Result[17, 10, 10, 4]
select cast(col1 as int) from test01;
cast(col1 as int)
1578918059
1681693305
null

#SQL[@20,N47]Result[29, 21, 21, 4]
select cast(col1 as decimal(20,10)) from test01;
cast(col1 as decimal(20, 10))
1578918059.0000000000
1681693305.0000000000
null

#SQL[@21,N17]Result[]
drop table test01;

#SQL[@24,N27]Result[]
drop table if exists test01;

#SQL[@25,N37]Result[]
create table test01(col1 datetime(3));

#SQL[@26,N57]Result[]
insert into test01 values('2020-01-13 12:20:59.12343243');

#SQL[@27,N48]Result[]
insert into test01 values('2023-04-17 01:01:45');

#SQL[@28,N31]Result[]
insert into test01 values(NULL);

#SQL[@29,N20]Result[4, 23, 23, 4]
select * from test01;
col1
2020-01-13 12:20:59.123
2023-04-17 01:01:45.000
null

#SQL[@30,N36]Result[17, 10, 10, 4]
select cast(col1 as int) from test01;
cast(col1 as int)
1578918059
1681693305
null

#SQL[@31,N47]Result[29, 21, 21, 4]
select cast(col1 as decimal(20,10)) from test01;
cast(col1 as decimal(20, 10))
1578918059.1230000000
1681693305.0000000000
null

#SQL[@32,N17]Result[]
drop table test01;

#SQL[@36,N27]Result[]
drop table if exists test02;

#SQL[@37,N30]Result[]
create table test02(col1 date);

#SQL[@38,N39]Result[]
insert into test02 values('2020-12-13');

#SQL[@39,N39]Result[]
insert into test02 values('2023-01-01');

#SQL[@40,N31]Result[]
insert into test02 values(NULL);

#SQL[@41,N20]Result[4, 10, 10, 4]
select * from test02;
col1
2020-12-13
2023-01-01
null

#SQL[@43,N36]Result[17, 5, 5, 4]
select cast(col1 as int) from test02;
cast(col1 as int)
18609
19358
null

#SQL[@44,N17]Result[]
drop table test02;

#SQL[@47,N27]Result[]
drop table if exists test04;

#SQL[@48,N30]Result[]
create table test04(col1 time);

#SQL[@49,N37]Result[]
insert into test04 values('00:01:59');

#SQL[@50,N37]Result[]
insert into test04 values('23:59:59');

#SQL[@51,N31]Result[]
insert into test04 values(NULL);

#SQL[@53,N36]Result[17, 3, 6, 4]
select cast(col1 as int) from test04;
cast(col1 as int)
159
235959
null

#SQL[@54,N47]Result[29, 14, 17, 4]
select cast(col1 as decimal(20,10)) from test04;
cast(col1 as decimal(20, 10))
159.0000000000
235959.0000000000
null

#SQL[@56,N17]Result[]
drop table test04;

#SQL[@59,N27]Result[]
drop table if exists test05;

#SQL[@60,N27]Result[]
drop table if exists test06;

#SQL[@61,N27]Result[]
drop table if exists test07;

#SQL[@63,N29]Result[]
create table test05(col1 int);

#SQL[@64,N34]Result[]
create table test06(col1 datetime);

#SQL[@65,N40]Result[]
create table test07(col1 decimal(38,18));

#SQL[@67,N52]Result[]
insert into test06 values('2020-01-13 12:20:59.123');

#SQL[@68,N51]Result[]
insert into test06 values('2023-04-17 01:01:45.65');

#SQL[@69,N31]Result[]
insert into test06 values(NULL);

#SQL[@71,N39]Result[]
insert into test05 select * from test06;

#SQL[@72,N47]Result[29, 29, 29, 4]
select cast(col1 as decimal(20,18)) from test06;
cast(col1 as decimal(20, 18))
1578918059.000000000000000000
1681693306.000000000000000000
null

#SQL[@73,N39]Result[]
insert into test07 select * from test06;

#SQL[@75,N20]Result[4, 10, 10, 4]
select * from test05;
col1
1578918059
1681693306
null

#SQL[@76,N20]Result[4, 29, 29, 4]
select * from test07;
col1
1578918059.000000000000000000
1681693306.000000000000000000
null

#SQL[@77,N17]Result[]
drop table test05;

#SQL[@78,N17]Result[]
drop table test06;

#SQL[@79,N17]Result[]
drop table test07;

#SQL[@82,N27]Result[]
drop table if exists test05;

#SQL[@83,N27]Result[]
drop table if exists test06;

#SQL[@84,N27]Result[]
drop table if exists test07;

#SQL[@86,N29]Result[]
create table test05(col1 int);

#SQL[@87,N37]Result[]
create table test06(col1 datetime(6));

#SQL[@88,N40]Result[]
create table test07(col1 decimal(38,18));

#SQL[@90,N52]Result[]
insert into test06 values('2020-01-13 12:20:59.123');

#SQL[@91,N51]Result[]
insert into test06 values('2023-04-17 01:01:45.65');

#SQL[@92,N31]Result[]
insert into test06 values(NULL);

#SQL[@94,N39]Result[]
insert into test05 select * from test06;

#SQL[@95,N47]Result[29, 29, 29, 4]
select cast(col1 as decimal(20,18)) from test06;
cast(col1 as decimal(20, 18))
1578918059.123000000000000000
1681693305.650000000000000000
null

#SQL[@96,N39]Result[]
insert into test07 select * from test06;

#SQL[@98,N20]Result[4, 10, 10, 4]
select * from test05;
col1
1578918059
1681693305
null

#SQL[@99,N20]Result[4, 29, 29, 4]
select * from test07;
col1
1578918059.123000000000000000
1681693305.650000000000000000
null

#SQL[@100,N17]Result[]
drop table test05;

#SQL[@101,N17]Result[]
drop table test06;

#SQL[@102,N17]Result[]
drop table test07;

#SQL[@105,N27]Result[]
drop table if exists test07;

#SQL[@106,N27]Result[]
drop table if exists test08;

#SQL[@107,N29]Result[]
create table test07(col1 int);

#SQL[@108,N30]Result[]
create table test08(col1 date);

#SQL[@109,N39]Result[]
insert into test08 values('1995-12-12');

#SQL[@110,N39]Result[]
insert into test08 values('2023-01-01');

#SQL[@111,N31]Result[]
insert into test08 values(NULL);

#SQL[@113,N39]Result[]
insert into test07 select * from test08;

#SQL[@115,N20]Result[4, 4, 5, 4]
select * from test07;
col1
9476
19358
null

#SQL[@116,N17]Result[]
drop table test07;

#SQL[@117,N17]Result[]
drop table test08;

#SQL[@120,N27]Result[]
drop table if exists test11;

#SQL[@121,N27]Result[]
drop table if exists test12;

#SQL[@122,N27]Result[]
drop table if exists test13;

#SQL[@123,N29]Result[]
create table test11(col1 int);

#SQL[@124,N30]Result[]
create table test12(col1 time);

#SQL[@125,N39]Result[]
create table test13(col1 decimal(10,0));

#SQL[@126,N37]Result[]
insert into test12 values('12:20:59');

#SQL[@127,N37]Result[]
insert into test12 values('01:01:45');

#SQL[@128,N31]Result[]
insert into test12 values(NULL);

#SQL[@130,N39]Result[]
insert into test11 select * from test12;

#SQL[@131,N47]Result[29, 22, 21, 4]
select cast(col1 as decimal(20,15)) from test11;
cast(col1 as decimal(20, 15))
122059.000000000000000
10145.000000000000000
null

#SQL[@132,N39]Result[]
insert into test13 select * from test12;

#SQL[@134,N20]Result[4, 6, 5, 4]
select * from test11;
col1
122059
10145
null

#SQL[@135,N20]Result[4, 6, 5, 4]
select * from test13;
col1
122059
10145
null

#SQL[@136,N17]Result[]
drop table test11;

#SQL[@137,N17]Result[]
drop table test12;

#SQL[@138,N17]Result[]
drop table test13;

#SQL[@141,N27]Result[]
drop table if exists test14;

#SQL[@142,N62]Result[]
create table test14(col1 int,col2 datetime,col3 decimal(20,5));

#SQL[@143,N55]Result[]
insert into test14 values(1,'2020-01-13 12:20:59',NULL);

#SQL[@144,N62]Result[]
insert into test14 values(2,'2023-04-17 01:01:45',-8.89789552);

#SQL[@145,N51]Result[]
insert into test14 values(3,NULL,456456.7887994512);

#SQL[@146,N20]Result[24, 36, 40, 29]
select * from test14;
col1  ¦  col2  ¦  col3
1  ¦  2020-01-13 12:20:59  ¦  null
2  ¦  2023-04-17 01:01:45  ¦  -8.89790
3  ¦  null  ¦  456456.78880

#SQL[@148,N42]Result[23, 5, 5, 4]
select cast(date(col2) as int) from test14;
cast(date(col2) as int)
18274
19464
null

#SQL[@149,N62]Result[46, 10, 10, 4]
select cast(date_add(col2,interval 45 day) as int) from test14;
cast(date_add(col2, interval(45, day)) as int)
1582806059
1685581305
null

#SQL[@150,N62]Result[46, 10, 10, 4]
select cast(date_sub(col2,interval 45 day) as int) from test14;
cast(date_sub(col2, interval(45, day)) as int)
1575030059
1677805305
null

#SQL[@151,N80]Result[6, 10]
select cast(to_date('2022-01-06 10:20:30','%Y-%m-%d %H:%i:%s') as int) as result;
result
1641464430

#SQL[@154,N27]Result[]
drop table if exists test17;

#SQL[@155,N39]Result[]
create table test17(col1 date,col2 int);

#SQL[@156,N42]Result[]
insert into test17 values('1990-01-01',10);

#SQL[@157,N42]Result[]
insert into test17 values('2023-04-18',20);

#SQL[@158,N34]Result[]
insert into test17 values(NULL,30);

#SQL[@160,N30]Result[11, 4, 5, 4]
select col1 + col2 from test17;
col1 + col2
7315
19485
null

#SQL[@161,N30]Result[11, 4, 5, 4]
select col1 - col2 from test17;
col1 - col2
7295
19445
null

#SQL[@162,N29]Result[10, 6, 7, 4]
select col1 * 100 from test17;
col1 * 100
730500
1946500
null

#SQL[@163,N27]Result[8, 1, 1, 4]
select col1 % 2 from test17;
col1 % 2
1
1
null

#SQL[@164,N17]Result[]
drop table test17;

#SQL[@167,N27]Result[]
drop table if exists test18;

#SQL[@168,N40]Result[]
create table test18(col1 date,col2 date);

#SQL[@169,N52]Result[]
insert into test18 values('1997-01-13','2005-01-26');

#SQL[@171,N30]Result[11, 5]
select col1 - col2 from test18;
col1 - col2
-2935

#SQL[@172,N30]Result[11, 4]
select col2 - col1 from test18;
col2 - col1
2935

#SQL[@173,N17]Result[]
drop table test18;

#SQL[@176,N27]Result[]
drop table if exists test19;

#SQL[@177,N44]Result[]
create table test19(col1 date,col2 datetime);

#SQL[@178,N65]Result[]
insert into test19 values('1997-01-13','2005-01-26 01:05:06.156');

#SQL[@179,N61]Result[]
insert into test19 values('2023-04-18','1997-01-01 00:00:00');

#SQL[@181,N30]Result[11, 10, 9]
select col1 - col2 from test19;
col1 - col2
-253587906
829699200

#SQL[@182,N30]Result[11, 9, 10]
select col2 - col1 from test19;
col2 - col1
253587906
-829699200

#SQL[@183,N17]Result[]
drop table test19;

#SQL[@186,N27]Result[]
drop table if exists test14;

#SQL[@187,N43]Result[]
create table test14(col1 int,col2 datetime);

#SQL[@188,N50]Result[]
insert into test14 values(1,'2020-01-13 12:20:59');

#SQL[@189,N50]Result[]
insert into test14 values(2,'2023-04-17 01:01:45');

#SQL[@190,N33]Result[]
insert into test14 values(3,NULL);

#SQL[@191,N20]Result[14, 26, 26, 11]
select * from test14;
col1  ¦  col2
1  ¦  2020-01-13 12:20:59
2  ¦  2023-04-17 01:01:45
3  ¦  null

#SQL[@193,N30]Result[11, 17, 16, 4]
select col2 / col1 from test14;
col2 / col1
1578918059.000000
840846652.500000
null

#SQL[@194,N30]Result[11, 10, 10, 4]
select col1 * col2 from test14;
col1 * col2
1578918059
3363386610
null

#SQL[@195,N30]Result[11, 10, 10, 4]
select col1 + col2 from test14;
col1 + col2
1578918060
1681693307
null

#SQL[@196,N30]Result[11, 11, 11, 4]
select col1 - col2 from test14;
col1 - col2
-1578918058
-1681693303
null

#SQL[@197,N30]Result[11, 1, 1, 4]
select col2 % col1 from test14;
col2 % col1
0
1
null

#SQL[@198,N17]Result[]
drop table test14;

#SQL[@201,N31]Result[]
drop table if exists datetime01;

#SQL[@202,N55]Result[]
create table datetime01(col1 datetime(3), col2 decimal);

#SQL[@203,N67]Result[]
insert into datetime01 values('2000-12-12 12:58:58.123',123.454648);

#SQL[@204,N69]Result[]
insert into datetime01 values('1996-04-06 01:01:01.4',-78645312.7894);

#SQL[@205,N24]Result[14, 32, 38]
select * from datetime01;
col1  ¦  col2
2000-12-12 12:58:58.123  ¦  123
1996-04-06 01:01:01.400  ¦  -78645313

#SQL[@207,N34]Result[11, 13, 13]
select col1 + col2 from datetime01;
col1 + col2
976626061.123
750107148.400

#SQL[@208,N34]Result[11, 13, 13]
select col1 - col2 from datetime01;
col1 - col2
976625815.123
907397774.400

#SQL[@209,N34]Result[11, 16, 22]
select col1 * col2 from datetime01;
col1 * col2
120124990389.129
-65177496726323418.200

#SQL[@210,N34]Result[11, 17, 13]
select col1 / col2 from datetime01;
col1 / col2
7940048.277422764
-10.537849362

#SQL[@211,N34]Result[11, 6, 12]
select col1 % col2 from datetime01;
col1 % col2
34.123
42299331.400

#SQL[@212,N40]Result[17, 16, 16]
select col1 + 100.291024 from datetime01;
col1 + 100.291024
976626038.414024
828752561.691024

#SQL[@213,N47]Result[24, 14, 14]
select col1 + (-839402143.9320) from datetime01;
col1 + (-839402143.9320)
137223794.1910
-10649682.5320

#SQL[@214,N42]Result[19, 25, 25]
select col1 * 798461455511 from datetime01;
col1 * 798461455511
779798168043486403345.853
661726896587767844775.400

#SQL[@215,N21]Result[]
drop table datetime01;

#SQL[@218,N31]Result[]
drop table if exists datetime01;

#SQL[@219,N56]Result[]
create table datetime01(col1 datetime(3), col2 datetime);

#SQL[@220,N74]Result[]
insert into datetime01 values('2000-12-12 12:58:58','1969-03-03 01:05:59');

#SQL[@221,N74]Result[]
insert into datetime01 values('1996-04-06 01:01:01','2019-05-04 23:12:29');

#SQL[@222,N24]Result[14, 48, 48]
select * from datetime01;
col1  ¦  col2
2000-12-12 12:58:58.000  ¦  1969-03-03 01:05:59
1996-04-06 01:01:01.000  ¦  2019-05-04 23:12:29

#SQL[@224,N34]Result[11, 10, 10]
select col1 - col2 from datetime01;
col1 - col2
1002887579
-728259088

#SQL[@225,N21]Result[]
drop table datetime01;

#SQL[@228,N27]Result[]
drop table if exists time01;

#SQL[@229,N39]Result[]
create table time01(col1 int,col2 time);

#SQL[@230,N39]Result[]
insert into time01 values(1,'12:20:59');

#SQL[@231,N39]Result[]
insert into time01 values(2,'23:59:59');

#SQL[@232,N33]Result[]
insert into time01 values(3,NULL);

#SQL[@233,N20]Result[14, 15, 15, 11]
select * from time01;
col1  ¦  col2
1  ¦  12:20:59
2  ¦  23:59:59
3  ¦  null

#SQL[@235,N30]Result[11, 13, 13, 4]
select col2 / col1 from time01;
col2 / col1
122059.000000
117979.500000
null

#SQL[@236,N30]Result[11, 6, 6, 4]
select col1 * col2 from time01;
col1 * col2
122059
471918
null

#SQL[@237,N30]Result[11, 6, 6, 4]
select col1 + col2 from time01;
col1 + col2
122060
235961
null

#SQL[@238,N30]Result[11, 7, 7, 4]
select col1 - col2 from time01;
col1 - col2
-122058
-235957
null

#SQL[@239,N30]Result[11, 1, 1, 4]
select col2 % col1 from time01;
col2 % col1
0
1
null

#SQL[@240,N17]Result[]
drop table time01;

#SQL[@243,N27]Result[]
drop table if exists time01;

#SQL[@244,N43]Result[]
create table time01(col1 decimal,col2 time);

#SQL[@245,N63]Result[]
insert into time01 values(1787945645414794854456412,'12:20:59');

#SQL[@246,N57]Result[]
insert into time01 values(-789466511231027845,'23:59:59');

#SQL[@247,N20]Result[14, 39, 33]
select * from time01;
col1  ¦  col2
1787945645414794854456412  ¦  12:20:59
-789466511231027845  ¦  23:59:59

#SQL[@249,N30]Result[11, 8, 8]
select col2 / col1 from time01;
col2 / col1
0.000000
0.000000

#SQL[@250,N30]Result[11, 30, 25]
select col1 * col2 from time01;
col1 * col2
218234857533684445140095192308
-186281728523562099278355

#SQL[@251,N30]Result[11, 25, 19]
select col1 + col2 from time01;
col1 + col2
1787945645414794854578471
-789466511230791886

#SQL[@252,N30]Result[11, 25, 19]
select col1 - col2 from time01;
col1 - col2
1787945645414794854334353
-789466511231263804

#SQL[@253,N30]Result[11, 6, 6]
select col2 % col1 from time01;
col2 % col1
122059
235959

#SQL[@254,N17]Result[]
drop table time01;

#SQL[@257,N23]Result[]
SET time_zone = '+0:00';

#SQL[@260,N27]Result[]
drop table if exists test03;

#SQL[@261,N35]Result[]
create table test03(col1 timestamp);

#SQL[@262,N55]Result[]
insert into test03 values('1997-01-13 12:20:59.898612');

#SQL[@263,N48]Result[]
insert into test03 values('1970-01-30 23:59:59');

#SQL[@264,N31]Result[]
insert into test03 values(NULL);

#SQL[@265,N20]Result[4, 19, 19, 4]
select * from test03;
col1
1997-01-13 12:21:00
1970-01-30 23:59:59
null

#SQL[@267,N36]Result[17, 9, 7, 4]
select cast(col1 as int) from test03;
cast(col1 as int)
853158060
2591999
null

#SQL[@268,N47]Result[29, 28, 26, 4]
select cast(col1 as decimal(20,18)) from test03;
cast(col1 as decimal(20, 18))
853158060.000000000000000000
2591999.000000000000000000
null

#SQL[@269,N17]Result[]
drop table test03;

#SQL[@272,N27]Result[]
drop table if exists test03;

#SQL[@273,N38]Result[]
create table test03(col1 timestamp(5));

#SQL[@274,N55]Result[]
insert into test03 values('1997-01-13 12:20:59.898612');

#SQL[@275,N48]Result[]
insert into test03 values('1970-01-30 23:59:59');

#SQL[@276,N31]Result[]
insert into test03 values(NULL);

#SQL[@277,N20]Result[4, 25, 25, 4]
select * from test03;
col1
1997-01-13 12:20:59.89861
1970-01-30 23:59:59.00000
null

#SQL[@279,N36]Result[17, 9, 7, 4]
select cast(col1 as int) from test03;
cast(col1 as int)
853158059
2591999
null

#SQL[@280,N47]Result[29, 28, 26, 4]
select cast(col1 as decimal(20,18)) from test03;
cast(col1 as decimal(20, 18))
853158059.898610000000000000
2591999.000000000000000000
null

#SQL[@281,N17]Result[]
drop table test03;

#SQL[@284,N27]Result[]
drop table if exists test09;

#SQL[@285,N27]Result[]
drop table if exists test10;

#SQL[@286,N27]Result[]
drop table if exists test11;

#SQL[@287,N29]Result[]
create table test09(col1 int);

#SQL[@288,N35]Result[]
create table test10(col1 timestamp);

#SQL[@289,N40]Result[]
create table test11(col1 decimal(38,18));

#SQL[@290,N56]Result[]
insert into test10 values('2022-12-13 12:20:59.2132131');

#SQL[@291,N48]Result[]
insert into test10 values('1998-10-10 01:01:45');

#SQL[@292,N31]Result[]
insert into test10 values(NULL);

#SQL[@294,N39]Result[]
insert into test09 select * from test10;

#SQL[@295,N46]Result[28, 16, 15, 4]
select cast(col1 as decimal(10,5)) from test10;
cast(col1 as decimal(10, 5))
1670934059.00000
907981305.00000
null

#SQL[@296,N39]Result[]
insert into test11 select * from test10;

#SQL[@298,N20]Result[4, 10, 9, 4]
select * from test09;
col1
1670934059
907981305
null

#SQL[@299,N20]Result[4, 29, 28, 4]
select * from test11;
col1
1670934059.000000000000000000
907981305.000000000000000000
null

#SQL[@300,N17]Result[]
drop table test09;

#SQL[@301,N17]Result[]
drop table test10;

#SQL[@302,N17]Result[]
drop table test11;

#SQL[@305,N27]Result[]
drop table if exists test09;

#SQL[@306,N27]Result[]
drop table if exists test10;

#SQL[@307,N29]Result[]
create table test09(col1 int);

#SQL[@308,N38]Result[]
create table test10(col1 timestamp(6));

#SQL[@309,N40]Result[]
create table test11(col1 decimal(38,18));

#SQL[@310,N56]Result[]
insert into test10 values('2022-12-13 12:20:59.2132131');

#SQL[@311,N48]Result[]
insert into test10 values('1998-10-10 01:01:45');

#SQL[@312,N31]Result[]
insert into test10 values(NULL);

#SQL[@314,N39]Result[]
insert into test09 select * from test10;

#SQL[@315,N46]Result[28, 16, 15, 4]
select cast(col1 as decimal(10,5)) from test10;
cast(col1 as decimal(10, 5))
1670934059.21321
907981305.00000
null

#SQL[@316,N39]Result[]
insert into test11 select * from test10;

#SQL[@318,N20]Result[4, 10, 9, 4]
select * from test09;
col1
1670934059
907981305
null

#SQL[@319,N20]Result[4, 29, 28, 4]
select * from test11;
col1
1670934059.213213000000000000
907981305.000000000000000000
null

#SQL[@320,N17]Result[]
drop table test09;

#SQL[@321,N17]Result[]
drop table test10;

#SQL[@322,N17]Result[]
drop table test11;

#SQL[@325,N32]Result[]
drop table if exists timestamp01;

#SQL[@326,N49]Result[]
create table timestamp01(col1 int,col2 timestamp);

#SQL[@327,N59]Result[]
insert into timestamp01 values(10000,'2020-01-13 12:20:59');

#SQL[@328,N60]Result[]
insert into timestamp01 values(-22220,'2023-04-17 01:01:45');

#SQL[@329,N43]Result[]
insert into timestamp01 values(123654,NULL);

#SQL[@330,N25]Result[14, 30, 31, 16]
select * from timestamp01;
col1  ¦  col2
10000  ¦  2020-01-13 12:20:59
-22220  ¦  2023-04-17 01:01:45
123654  ¦  null

#SQL[@332,N35]Result[11, 10, 10, 4]
select col1 + col2 from timestamp01;
col1 + col2
1578928059
1681671085
null

#SQL[@333,N35]Result[11, 11, 11, 4]
select col1 - col2 from timestamp01;
col1 - col2
-1578908059
-1681715525
null

#SQL[@334,N35]Result[11, 14, 15, 4]
select col1 * col2 from timestamp01;
col1 * col2
15789180590000
-37367225237100
null

#SQL[@335,N35]Result[11, 13, 13, 4]
select col2 / col1 from timestamp01;
col2 / col1
157891.805900
-75683.767102
null

#SQL[@336,N35]Result[11, 4, 5, 4]
select col2 % col1 from timestamp01;
col2 % col1
8059
17045
null

#SQL[@337,N22]Result[]
drop table timestamp01;

#SQL[@340,N32]Result[]
drop table if exists timestamp01;

#SQL[@341,N60]Result[]
create table timestamp01(col1 decimal(38,18),col2 timestamp);

#SQL[@342,N58]Result[]
insert into timestamp01 values(NULL,'2020-01-13 12:20:59');

#SQL[@343,N69]Result[]
insert into timestamp01 values(-4514531.548451,'2023-04-17 01:01:45');

#SQL[@344,N51]Result[]
insert into timestamp01 values(123654.7897948,NULL);

#SQL[@345,N25]Result[14, 29, 52, 35]
select * from timestamp01;
col1  ¦  col2
null  ¦  2020-01-13 12:20:59
-4514531.548451000000000000  ¦  2023-04-17 01:01:45
123654.789794800000000000  ¦  null

#SQL[@347,N35]Result[11, 4, 29, 4]
select col1 + col2 from timestamp01;
col1 + col2
null
1677178773.451549000000000000
null

#SQL[@348,N35]Result[11, 4, 30, 4]
select col1 - col2 from timestamp01;
col1 - col2
null
-1686207836.548451000000000000
null

#SQL[@349,N35]Result[11, 4, 36, 4]
select col1 * col2 from timestamp01;
col1 * col2
null
-7592057480241329.820555000000000000
null

#SQL[@350,N35]Result[11, 4, 11, 4]
select col2 / col1 from timestamp01;
col2 / col1
null
-372.506712
null

#SQL[@351,N35]Result[11, 4, 26, 4]
select col2 % col1 from timestamp01;
col2 % col1
null
2287568.976228000000000000
null

#SQL[@352,N22]Result[]
drop table timestamp01;

#SQL[@354,N18]Result[]
drop database test;

#SQL[@357,N24]Result[]
SET TIME_ZONE = "SYSTEM";

