#SQL[@3,N23]Result[]
drop table if exists t1;

#SQL[@4,N70]Result[]
create table t1 (id int,d date, dt datetime,c char(10),vc varchar(20));

#SQL[@5,N89]Result[]
insert into t1 values (1,"2021-01-13", "2021-01-13 13:00:00", "2021-12-15", "2021-12-16");

#SQL[@6,N89]Result[]
insert into t1 values (1,"2021-01-31", "2021-01-31 13:00:00", "2021-12-15", "2021-12-16");

#SQL[@7,N89]Result[]
insert into t1 values (2,"2022-02-15", "2022-02-15 18:54:29", "2021-02-15", "2021-02-15");

#SQL[@8,N89]Result[]
insert into t1 values (2,"2022-02-28", "2022-02-28 18:54:29", "2021-02-15", "2021-02-15");

#SQL[@9,N89]Result[]
insert into t1 values (3,"2000-02-29", "2000-02-29 18:54:29", "2021-02-15", "2021-02-15");

#SQL[@10,N89]Result[]
insert into t1 values (4,"2023-03-17", "2021-02-17 23:54:59", "2021-03-17", "2021-03-17");

#SQL[@11,N89]Result[]
insert into t1 values (5,"1985-04-18", "1985-04-18 00:00:01", "1985-04-18", "1985-04-18");

#SQL[@12,N89]Result[]
insert into t1 values (6,"1987-05-20", "1987-05-20 22:59:59", "1987-05-20", "1987-05-20");

#SQL[@13,N89]Result[]
insert into t1 values (7,"1989-06-22", "1989-06-22 15:00:30", "1989-06-22", "1989-06-22");

#SQL[@14,N89]Result[]
insert into t1 values (8,"1993-07-25", "1987-07-25 03:04:59", "1993-07-25", "1993-07-25");

#SQL[@15,N89]Result[]
insert into t1 values (9,"1995-08-27", "1987-08-27 04:32:33", "1995-08-27", "1995-08-27");

#SQL[@16,N90]Result[]
insert into t1 values (10,"1999-09-30", "1999-09-30 10:11:12", "1999-09-30", "1999-09-30");

#SQL[@17,N90]Result[]
insert into t1 values (11,"2005-10-30", "2005-10-30 18:18:59", "2005-10-30", "2005-10-30");

#SQL[@18,N90]Result[]
insert into t1 values (12,"2008-11-30", "2008-11-30 22:59:59", "2008-11-30", "2008-11-30");

#SQL[@19,N90]Result[]
insert into t1 values (13,"2013-12-01", "2013-12-01 22:59:59", "2013-12-01", "2013-12-01");

#SQL[@20,N87]Result[]
insert into t1 values (14,"2016-11-01", "2016-11-01 10:59", "2016-11-01", "2016-11-01");

#SQL[@21,N88]Result[]
insert into t1 values (15,"2023-11-08", "2023-11-08 10:59:", "2023-11-08", "2023-11-08");

#SQL[@22,N49]Result[]
insert into t1 values (16,null, null, null, null);

#SQL[@27,N33]Result[23, 8, 8, 8, 8, 8, 8, 8, 8, 8, 8, 8, 8, 10, 10, 10, 10, 10, 14]
select month(d),month(dt) from t1;
month(d)  ¦  month(dt)
1  ¦  1
1  ¦  1
2  ¦  2
2  ¦  2
2  ¦  2
3  ¦  2
4  ¦  4
5  ¦  5
6  ¦  6
7  ¦  7
8  ¦  8
9  ¦  9
10  ¦  10
11  ¦  11
12  ¦  12
11  ¦  11
11  ¦  11
null  ¦  null

#SQL[@28,N33]Result[23, 10, 10, 8, 8, 8, 8, 8, 8, 8, 8, 8, 8, 10, 10, 10, 10, 10, 14]
select month(c),month(vc) from t1;
month(c)  ¦  month(vc)
12  ¦  12
12  ¦  12
2  ¦  2
2  ¦  2
2  ¦  2
3  ¦  3
4  ¦  4
5  ¦  5
6  ¦  6
7  ¦  7
8  ¦  8
9  ¦  9
10  ¦  10
11  ¦  11
12  ¦  12
11  ¦  11
11  ¦  11
null  ¦  null

#SQL[@33,N37]Result[27, 8, 8, 8, 8, 8, 8, 8, 8, 8, 8, 8, 8, 8, 8, 8, 8, 8, 14]
select weekday(d),weekday(dt) from t1;
weekday(d)  ¦  weekday(dt)
2  ¦  2
6  ¦  6
1  ¦  1
0  ¦  0
1  ¦  1
4  ¦  2
3  ¦  3
2  ¦  2
3  ¦  3
6  ¦  5
6  ¦  3
3  ¦  3
6  ¦  6
6  ¦  6
6  ¦  6
1  ¦  1
2  ¦  2
null  ¦  null

#SQL[@36,N37]Result[27, 8, 8, 8, 8, 8, 8, 8, 8, 8, 8, 8, 8, 8, 8, 8, 8, 8, 14]
select weekday(c),weekday(vc) from t1;
weekday(c)  ¦  weekday(vc)
2  ¦  3
2  ¦  3
0  ¦  0
0  ¦  0
0  ¦  0
2  ¦  2
3  ¦  3
2  ¦  2
3  ¦  3
6  ¦  6
6  ¦  6
3  ¦  3
6  ¦  6
6  ¦  6
6  ¦  6
1  ¦  1
2  ¦  2
null  ¦  null

#SQL[@50,N43]Result[33, 10]
select max(month(d)),max(month(dt)) from t1;
max(month(d))  ¦  max(month(dt))
12  ¦  12

#SQL[@51,N42]Result[32, 8]
select min(month(d)),min(month(d)) from t1;
min(month(d))  ¦  min(month(d))
1  ¦  1

#SQL[@52,N42]Result[32, 40]
select avg(month(d)),avg(month(d)) from t1;
avg(month(d))  ¦  avg(month(d))
6.176470588235294  ¦  6.176470588235294

#SQL[@54,N42]Result[32, 12]
select sum(month(d)),sum(month(d)) from t1;
sum(month(d))  ¦  sum(month(d))
105  ¦  105

#SQL[@59,N47]Result[37, 8]
select max(weekday(d)),max(weekday(dt)) from t1;
max(weekday(d))  ¦  max(weekday(dt))
6  ¦  6

#SQL[@60,N46]Result[36, 8]
select min(weekday(d)),min(weekday(d)) from t1;
min(weekday(d))  ¦  min(weekday(d))
0  ¦  0

#SQL[@61,N46]Result[36, 40]
select avg(weekday(d)),avg(weekday(d)) from t1;
avg(weekday(d))  ¦  avg(weekday(d))
3.411764705882353  ¦  3.411764705882353

#SQL[@62,N46]Result[36, 10]
select sum(weekday(d)),sum(weekday(d)) from t1;
sum(weekday(d))  ¦  sum(weekday(d))
58  ¦  58

#SQL[@67,N33]Result[8, 1, 1, 1, 1, 1, 1, 1, 1, 1, 2, 2, 2, 4]
select distinct(month(d)) from t1;
month(d)
1
2
3
4
5
6
7
8
9
10
11
12
null

#SQL[@72,N41]Result[17, 33, 33, 33, 33, 33, 33, 34, 34, 34, 34, 34, 34]
select id,c,vc from t1 where month(d) > 2;
id  ¦  c  ¦  vc
4  ¦  2021-03-17  ¦  2021-03-17
5  ¦  1985-04-18  ¦  1985-04-18
6  ¦  1987-05-20  ¦  1987-05-20
7  ¦  1989-06-22  ¦  1989-06-22
8  ¦  1993-07-25  ¦  1993-07-25
9  ¦  1995-08-27  ¦  1995-08-27
10  ¦  1999-09-30  ¦  1999-09-30
11  ¦  2005-10-30  ¦  2005-10-30
12  ¦  2008-11-30  ¦  2008-11-30
13  ¦  2013-12-01  ¦  2013-12-01
14  ¦  2016-11-01  ¦  2016-11-01
15  ¦  2023-11-08  ¦  2023-11-08

#SQL[@73,N41]Result[17, 33, 33, 33, 33, 33]
select id,c,vc from t1 where month(d) < 3;
id  ¦  c  ¦  vc
1  ¦  2021-12-15  ¦  2021-12-16
1  ¦  2021-12-15  ¦  2021-12-16
2  ¦  2021-02-15  ¦  2021-02-15
2  ¦  2021-02-15  ¦  2021-02-15
3  ¦  2021-02-15  ¦  2021-02-15

#SQL[@74,N42]Result[17, 33, 33, 33, 33, 33, 33, 33, 33, 33, 33, 34, 34, 34, 34, 34, 34]
select id,c,vc from t1 where month(d) <> 4;
id  ¦  c  ¦  vc
1  ¦  2021-12-15  ¦  2021-12-16
1  ¦  2021-12-15  ¦  2021-12-16
2  ¦  2021-02-15  ¦  2021-02-15
2  ¦  2021-02-15  ¦  2021-02-15
3  ¦  2021-02-15  ¦  2021-02-15
4  ¦  2021-03-17  ¦  2021-03-17
6  ¦  1987-05-20  ¦  1987-05-20
7  ¦  1989-06-22  ¦  1989-06-22
8  ¦  1993-07-25  ¦  1993-07-25
9  ¦  1995-08-27  ¦  1995-08-27
10  ¦  1999-09-30  ¦  1999-09-30
11  ¦  2005-10-30  ¦  2005-10-30
12  ¦  2008-11-30  ¦  2008-11-30
13  ¦  2013-12-01  ¦  2013-12-01
14  ¦  2016-11-01  ¦  2016-11-01
15  ¦  2023-11-08  ¦  2023-11-08

#SQL[@76,N13]Result[]
drop table t1;

