#SQL[@1,N20]Result[13, 4]
select to_days(null);
to_days(null)
null

#SQL[@2,N26]Result[17, 6]
SELECT TO_DAYS('19950501');
TO_DAYS(19950501)
728779

#SQL[@3,N28]Result[19, 6]
SELECT TO_DAYS('2007-10-07');
TO_DAYS(2007-10-07)
733321

#SQL[@4,N28]Result[19, 6]
SELECT TO_DAYS('2008-10-07');
TO_DAYS(2008-10-07)
733687

#SQL[@5,N28]Result[19, 3]
SELECT TO_DAYS('0001-01-01');
TO_DAYS(0001-01-01)
366

#SQL[@7,N28]Result[]
drop table if exists t_dates;

#SQL[@8,N91]Result[]
create table t_dates(
    a_date date,
    b_datetime datetime,
    c_timestamp timestamp
);

#SQL[@14,N86]Result[]
insert into t_dates values('1999-04-05', '1999-04-05 11:01:02', '1999-04-05 11:01:02');

#SQL[@15,N86]Result[]
insert into t_dates values('2004-04-03', '2004-04-03 13:11:10', '2004-04-03 13:11:10');

#SQL[@16,N93]Result[]
insert into t_dates values('2012-04-05', '2012-04-05 11:01:02', '2012-04-05 11:01:02.123456');

#SQL[@17,N93]Result[]
insert into t_dates values('1997-04-03', '1997-04-03 13:11:10', '1997-04-03 13:11:10.123456');

#SQL[@18,N100]Result[]
insert into t_dates values('2022-04-05', '2022-04-05 11:01:02.123456', '2022-04-05 11:01:02.123456');

#SQL[@19,N100]Result[]
insert into t_dates values('1999-09-05', '2004-09-03 13:11:10.123456', '2004-09-03 13:11:10.123456');

#SQL[@20,N44]Result[]
insert into t_dates values(null, null, null);

#SQL[@21,N38]Result[]
insert into t_dates values('', '', '');

#SQL[@23,N59]Result[27, 14, 14, 22, 22, 22, 22, 22, 22]
select a_date, to_days(a_date) from t_dates order by a_date;
a_date  ¦  to_days(a_date)
null  ¦  null
null  ¦  null
1997-04-03  ¦  729482
1999-04-05  ¦  730214
1999-09-05  ¦  730367
2004-04-03  ¦  732039
2012-04-05  ¦  734963
2022-04-05  ¦  738615

#SQL[@24,N52]Result[39, 60, 60, 60, 60]
select * from t_dates where to_days(a_date) > 730214;
a_date  ¦  b_datetime  ¦  c_timestamp
2004-04-03  ¦  2004-04-03 13:11:10  ¦  2004-04-03 13:11:10
2012-04-05  ¦  2012-04-05 11:01:02  ¦  2012-04-05 11:01:02
2022-04-05  ¦  2022-04-05 11:01:02  ¦  2022-04-05 11:01:02
1999-09-05  ¦  2004-09-03 13:11:10  ¦  2004-09-03 13:11:10

#SQL[@26,N71]Result[35, 14, 14, 31, 31, 31, 31, 31, 31]
select b_datetime, to_days(b_datetime) from t_dates order by b_datetime;
b_datetime  ¦  to_days(b_datetime)
null  ¦  null
null  ¦  null
1997-04-03 13:11:10  ¦  729482
1999-04-05 11:01:02  ¦  730214
2004-04-03 13:11:10  ¦  732039
2004-09-03 13:11:10  ¦  732192
2012-04-05 11:01:02  ¦  734963
2022-04-05 11:01:02  ¦  738615

#SQL[@27,N56]Result[39, 60, 60, 60, 60]
select * from t_dates where to_days(b_datetime) > 730214;
a_date  ¦  b_datetime  ¦  c_timestamp
2004-04-03  ¦  2004-04-03 13:11:10  ¦  2004-04-03 13:11:10
2012-04-05  ¦  2012-04-05 11:01:02  ¦  2012-04-05 11:01:02
2022-04-05  ¦  2022-04-05 11:01:02  ¦  2022-04-05 11:01:02
1999-09-05  ¦  2004-09-03 13:11:10  ¦  2004-09-03 13:11:10

#SQL[@29,N18]Result[]
drop table t_dates;

