#SQL[@1,N29]Result[20, 10]
SELECT LAST_DAY('2024-07-01');
LAST_DAY(2024-07-01)
2024-07-31

#SQL[@2,N29]Result[20, 10]
SELECT LAST_DAY('2024-02-15');
LAST_DAY(2024-02-15)
2024-02-29

#SQL[@3,N26]Result[19, 10]
SELECT LAST_DAY(CURDATE());
LAST_DAY(CURDATE())
2025-10-31

#SQL[@5,N22]Result[15, 10]
SELECT LAST_DAY(NOW());
LAST_DAY(NOW())
2025-10-31

#SQL[@7,N87]Result[26, 10]
SELECT LAST_DAY(DATE_SUB('2024-07-01', INTERVAL 1 MONTH)) AS last_day_of_previous_month;
last_day_of_previous_month
2024-06-30

#SQL[@10,N19]Result[]
create database abc;

#SQL[@11,N7]Result[]
use abc;

#SQL[@12,N148]Result[]
CREATE TABLE employees (
    employee_id INT AUTO_INCREMENT PRIMARY KEY,
    first_name VARCHAR(50),
    last_name VARCHAR(50),
    hire_date DATE
);

#SQL[@20,N346]Result[]
INSERT INTO employees (first_name, last_name, hire_date) VALUES
('John', 'Doe', LAST_DAY(DATE_SUB('2024-07-01', INTERVAL 1 MONTH))),
('Jane', 'Smith', LAST_DAY(DATE_SUB('2024-06-01', INTERVAL 1 MONTH))),
('Alice', 'Johnson', LAST_DAY(DATE_SUB('2024-05-01', INTERVAL 1 MONTH))),
('Bob', 'Brown', LAST_DAY(DATE_SUB('2024-04-01', INTERVAL 1 MONTH)));

#SQL[@26,N41]Result[19, 10, 10, 10, 10]
SELECT LAST_DAY(hire_date) from employees;
LAST_DAY(hire_date)
2024-06-30
2024-05-31
2024-04-30
2024-03-31

#SQL[@27,N99]Result[49, 10, 10, 10, 10]
SELECT LAST_DAY(DATE_SUB(hire_date, INTERVAL 1 MONTH)) from employees AS last_day_of_previous_month;
LAST_DAY(DATE_SUB(hire_date, INTERVAL(1, month)))
2024-05-31
2024-04-30
2024-03-31
2024-02-29

#SQL[@29,N17]Result[]
drop database abc;

#SQL[@31,N38]Result[29, 10]
SELECT LAST_DAY("2017-02-10 09:34:00");
LAST_DAY(2017-02-10 09:34:00)
2017-02-28

#SQL[@32,N29]Result[20, 10]
SELECT LAST_DAY('2003-02-05');
LAST_DAY(2003-02-05)
2003-02-28

#SQL[@33,N29]Result[20, 10]
SELECT LAST_DAY('2004-02-05');
LAST_DAY(2004-02-05)
2004-02-29

#SQL[@34,N38]Result[29, 10]
SELECT LAST_DAY('2004-01-01 01:01:01');
LAST_DAY(2004-01-01 01:01:01)
2004-01-31

#SQL[@36,N38]Result[29, 4]
SELECT LAST_DAY('2024-02-01 23:01:61');
LAST_DAY(2024-02-01 23:01:61)
null

#SQL[@37,N38]Result[29, 4]
SELECT LAST_DAY('2024-02-01 24:01:01');
LAST_DAY(2024-02-01 24:01:01)
null

#SQL[@38,N38]Result[29, 4]
SELECT LAST_DAY('2024-02-01 25:01:01');
LAST_DAY(2024-02-01 25:01:01)
null

#SQL[@39,N38]Result[29, 4]
SELECT LAST_DAY('2024-02-01 23:61:01');
LAST_DAY(2024-02-01 23:61:01)
null

#SQL[@42,N29]Result[20, 10]
SELECT LAST_DAY('2003-02-05');
LAST_DAY(2003-02-05)
2003-02-28

#SQL[@43,N29]Result[20, 10]
SELECT LAST_DAY('2004-02-05');
LAST_DAY(2004-02-05)
2004-02-29

#SQL[@44,N38]Result[29, 10]
SELECT LAST_DAY('2004-01-01 01:01:01');
LAST_DAY(2004-01-01 01:01:01)
2004-01-31

#SQL[@45,N29]Result[20, 4]
SELECT LAST_DAY('2003-03-32');
LAST_DAY(2003-03-32)
null

#SQL[@46,N29]Result[20, 4]
SELECT LAST_DAY('2003-02-30');
LAST_DAY(2003-02-30)
null

#SQL[@47,N38]Result[29, 4]
SELECT LAST_DAY('2024-13-01 01:01:01');
LAST_DAY(2024-13-01 01:01:01)
null

#SQL[@48,N38]Result[29, 4]
SELECT LAST_DAY('2024-02-99 23:01:01');
LAST_DAY(2024-02-99 23:01:01)
null

#SQL[@49,N38]Result[29, 4]
SELECT LAST_DAY('2024-02-01 23:01:61');
LAST_DAY(2024-02-01 23:01:61)
null

#SQL[@50,N38]Result[29, 4]
SELECT LAST_DAY('2024-02-01 24:01:01');
LAST_DAY(2024-02-01 24:01:01)
null

#SQL[@51,N38]Result[29, 4]
SELECT LAST_DAY('2024-02-01 25:01:01');
LAST_DAY(2024-02-01 25:01:01)
null

#SQL[@52,N38]Result[29, 4]
SELECT LAST_DAY('2024-02-01 23:61:01');
LAST_DAY(2024-02-01 23:61:01)
null

#SQL[@53,N38]Result[29, 4]
SELECT LAST_DAY('2024-02-01 23:61:AA');
LAST_DAY(2024-02-01 23:61:AA)
null

#SQL[@54,N27]Result[18, 10]
SELECT LAST_DAY('20240603');
LAST_DAY(20240603)
2024-06-30

#SQL[@55,N24]Result[15, 4]
SELECT LAST_DAY('hello');
LAST_DAY(hello)
null

#SQL[@56,N17]Error[78]
SELECT LAST_DAY();
invalid argument last_day function have invalid input args length, bad value 0

#SQL[@57,N36]Result[29, 10]
SELECT LAST_DAY(MAKEDATE(2024, 100));
LAST_DAY(MAKEDATE(2024, 100))
2024-04-30

#SQL[@58,N26]Result[19, 10]
SELECT LAST_DAY(CURDATE());
LAST_DAY(CURDATE())
2025-10-31

#SQL[@60,N22]Result[15, 10]
SELECT LAST_DAY(NOW());
LAST_DAY(NOW())
2025-10-31

#SQL[@62,N87]Result[26, 10]
SELECT LAST_DAY(DATE_SUB('1991-01-01', INTERVAL 1 MONTH)) AS last_day_of_previous_month;
last_day_of_previous_month
1990-12-31

#SQL[@63,N25]Result[18, 10]
SELECT LAST_DAY(20240601);
LAST_DAY(20240601)
2024-06-30

#SQL[@64,N27]Result[22, 4]
SELECT LAST_DAY(2024-06-01);
LAST_DAY(2024 - 6 - 1)
null

#SQL[@65,N30]Result[23, 4]
SELECT LAST_DAY(0b11111100101);
LAST_DAY(0b11111100101)
null

#SQL[@66,N22]Result[15, 4]
SELECT LAST_DAY(0x82d);
LAST_DAY(0x82d)
null

#SQL[@67,N29]Result[20, 10]
SELECT LAST_DAY('0001-12-30');
LAST_DAY(0001-12-30)
0001-12-31

#SQL[@68,N29]Result[20, 10]
SELECT LAST_DAY('9999-01-30');
LAST_DAY(9999-01-30)
9999-01-31

#SQL[@69,N29]Result[20, 10]
SELECT LAST_DAY('0213-04-30');
LAST_DAY(0213-04-30)
0213-04-30

#SQL[@70,N21]Result[14, 4]
SELECT LAST_DAY(NULL);
LAST_DAY(null)
null

#SQL[@71,N34]Error[78]
SELECT LAST_DAY('2024-06-30', 123);
invalid argument last_day function have invalid input args length, bad value 2

#SQL[@72,N33]Error[78]
SELECT LAST_DAY('2024-06-30', '');
invalid argument last_day function have invalid input args length, bad value 2

#SQL[@73,N19]Result[10, 4]
SELECT LAST_DAY('');
LAST_DAY()
null

#SQL[@74,N26]Result[19, 4]
SELECT LAST_DAY(0x134d9a1);
LAST_DAY(0x134d9a1)
null

#SQL[@75,N44]Result[37, 4]
SELECT LAST_DAY(0b1001101001101100110100001);
LAST_DAY(0b1001101001101100110100001)
null

#SQL[@76,N48]Result[41, 4]
SELECT LAST_DAY(9898088989808980890808980809808);
LAST_DAY(9898088989808980890808980809808)
null

