#SQL[@2,N77]Error[33]
select log(exp(10)),log(-1),log(NULL),log(1,1),log(3,9),log(-1,2),log(NULL,2);
invalid argument ln, bad value -1

#SQL[@4,N27]Result[22, 18]
select exp(log(sqrt(10))*2);
exp(log(sqrt(10)) * 2)
10.000000000000002

#SQL[@7,N13]Result[6, 18]
SELECT LOG(2);
LOG(2)
0.6931471805599453

#SQL[@8,N14]Error[33]
SELECT LOG(-2);
invalid argument ln, bad value -2

#SQL[@10,N19]Result[13, 2]
SELECT LOG(2,65536);
LOG(2, 65536)
16

#SQL[@11,N18]Result[12, 1]
SELECT LOG(10,100);
LOG(10, 100)
2

#SQL[@12,N17]Error[38]
SELECT LOG(1,100);
invalid argument log base, bad value 1

#SQL[@17,N16]Error[42]
select log(2,-1);
invalid argument log input, bad value <= 0

#SQL[@18,N16]Error[42]
select log(-2,1);
invalid argument log input, bad value <= 0

#SQL[@21,N31]Result[24, 18]
select log(0.00000000000000001);
log(0.00000000000000001)
-39.14394658089878

#SQL[@22,N18]Result[11, 18]
select log(10e100);
log(10e100)
232.56109439239862

#SQL[@25,N52]Result[45, 19]
select log(0.141241241241313, 124314124124.12412341);
log(0.141241241241313, 124314124124.12412341)
-13.051786251584147

#SQL[@26,N54]Error[42]
select log(-0.141241241241313, -124314124124.12412341);
invalid argument log input, bad value <= 0

#SQL[@33,N18]Result[12, 4]
select log(null,2);
log(null, 2)
null

#SQL[@34,N19]Result[12, 4]
select log(2, null);
log(2, null)
null

#SQL[@35,N21]Result[15, 4]
select log(null,null);
log(null, null)
null

#SQL[@40,N25]Result[]
CREATE TABLE t1(a DOUBLE);

#SQL[@41,N31]Result[]
INSERT INTO t1 select (log(56));

#SQL[@42,N35]Result[]
INSERT INTO t1 select (log(10,100));

#SQL[@43,N32]Result[]
INSERT INTO t1 select (log(2,4));

#SQL[@44,N27]Result[1, 1, 1, 16]
SELECT * FROM t1 ORDER BY a;
a
2
2
4.02535169073515

#SQL[@45,N13]Result[]
drop table t1;

#SQL[@50,N164]Result[]
create table t1(a tinyint, b SMALLINT, c bigint, d INT, e BIGINT, f FLOAT, g DOUBLE, h decimal(38,19), i DATE, k datetime, l TIMESTAMP, m char(255), n varchar(255));

#SQL[@51,N130]Result[]
insert into t1 values(1, 1, 2, 4, 5, 5.5, 31.13, 14.314, "2012-03-12", "2012-03-12 10:03:12", "2012-03-12 13:03:12", "abc", "dcf");

#SQL[@52,N105]Error[47]
select log(a),log(b),log(c),log(d),log(e),log(f),log(g),log(h),log(i),log(k),log(l),log(m),log(n) from t1;
invalid argument function log, bad value [DATE]

#SQL[@53,N125]Error[58]
select log(a,b), log(b,c),log(c,d),log(d,e),log(e,f),log(f,g),log(g,h), log(h,i), log(i,k),log(k,l),log(l,m),log(m,n) from t1;
invalid argument function log, bad value [DECIMAL128 DATE]

#SQL[@54,N13]Result[]
drop table t1;

#SQL[@65,N25]Result[20, 19]
select log(123.54-123.03);
log(123.54 - 123.03)
-0.6733445532637656

#SQL[@66,N34]Result[31, 18]
select log(123.54*0.34, 1203-1200);
log(123.54 * 0.34, 1203 - 1200)
0.2939230077942669

#SQL[@67,N24]Result[19, 19]
select log(134)-log(194);
log(134) - log(194)
-0.3700183591124171

#SQL[@71,N23]Result[]
drop table if exists t1;

#SQL[@72,N34]Result[]
create table t1(a float,  b float);

#SQL[@73,N43]Result[]
insert into t1 values(10, 100), (100, 1000);

#SQL[@74,N43]Result[8, 11]
select distinct * from t1 where log(a, b)=2;
a  ¦  b
10  ¦  100

#SQL[@75,N13]Result[]
drop table t1;

#SQL[@79,N29]Result[]
create table t1(a INT, b int);

#SQL[@80,N29]Result[]
create table t2(a INT, b int);

#SQL[@81,N36]Result[]
insert into t1 values(2,4), (100,23);

#SQL[@82,N37]Result[]
insert into t2 values(10,100), (4,41);

#SQL[@83,N72]Result[8, 9]
SELECT t1.a, t2.a FROM t1 JOIN t2 ON (log(t1.a, t1.b) = log(t2.a, t2.b));
a  ¦  a
2  ¦  10

#SQL[@84,N13]Result[]
drop table t1;

#SQL[@85,N13]Result[]
drop table t2;

#SQL[@90,N23]Result[]
drop table if exists t1;

#SQL[@91,N34]Result[]
create table t1(a float,  b float);

#SQL[@92,N65]Result[]
insert into t1 values(14124.413, 4213.413), (984798.123, 980.409);

#SQL[@93,N43]Result[1, 8, 7]
select b from t1 group by b having log(b)>0;
b
4213.413
980.409

#SQL[@94,N13]Result[]
drop table t1;

