#SQL[@2,N22]Result[]
set time_zone="+00:00";

#SQL[@4,N32]Result[25, 19]
select from_unixtime(2147483647);
from_unixtime(2147483647)
2038-01-19 03:14:07

#SQL[@5,N32]Result[25, 19]
select from_unixtime(2147483648);
from_unixtime(2147483648)
2038-01-19 03:14:08

#SQL[@6,N23]Result[16, 19]
select from_unixtime(0);
from_unixtime(0)
1970-01-01 00:00:00

#SQL[@8,N24]Result[17, 4]
select from_unixtime(-1);
from_unixtime(-1)
null

#SQL[@9,N33]Result[26, 4]
select from_unixtime(-2147483648);
from_unixtime(-2147483648)
null

#SQL[@13,N48]Result[41, 10]
select unix_timestamp(from_unixtime(2147483647));
unix_timestamp(from_unixtime(2147483647))
2147483647

#SQL[@14,N48]Result[41, 10]
select unix_timestamp(from_unixtime(2147483648));
unix_timestamp(from_unixtime(2147483648))
2147483648

#SQL[@18,N44]Result[35, 10]
select unix_timestamp('2039-01-20 01:00:00');
unix_timestamp(2039-01-20 01:00:00)
2179098000

#SQL[@19,N44]Result[35, 4]
select unix_timestamp('1968-01-20 01:00:00');
unix_timestamp(1968-01-20 01:00:00)
null

#SQL[@21,N44]Result[35, 10]
select unix_timestamp('2038-02-10 01:00:00');
unix_timestamp(2038-02-10 01:00:00)
2149376400

#SQL[@22,N44]Result[35, 4]
select unix_timestamp('1969-11-20 01:00:00');
unix_timestamp(1969-11-20 01:00:00)
null

#SQL[@24,N44]Result[35, 10]
select unix_timestamp('2038-01-20 01:00:00');
unix_timestamp(2038-01-20 01:00:00)
2147562000

#SQL[@25,N44]Result[35, 4]
select unix_timestamp('1969-12-30 01:00:00');
unix_timestamp(1969-12-30 01:00:00)
null

#SQL[@29,N44]Result[35, 10]
select unix_timestamp('2038-01-17 12:00:00');
unix_timestamp(2038-01-17 12:00:00)
2147342400

#SQL[@34,N44]Result[35, 5]
select unix_timestamp('1970-01-01 03:00:01');
unix_timestamp(1970-01-01 03:00:01)
10801

#SQL[@36,N44]Result[35, 10]
select unix_timestamp('2038-01-19 07:14:07');
unix_timestamp(2038-01-19 07:14:07)
2147498047

#SQL[@39,N22]Result[]
set time_zone="+01:00";

#SQL[@40,N200]Result[199, 50]
select unix_timestamp('1970-01-01 01:00:00'),
unix_timestamp('1970-01-01 01:00:01'),
unix_timestamp('2038-01-19 04:14:07'),
unix_timestamp('2038-01-19 04:14:08'),
unix_timestamp('2021-02-29 04:14:08');
unix_timestamp(1970-01-01 01:00:00)  ¦  unix_timestamp(1970-01-01 01:00:01)  ¦  unix_timestamp(2038-01-19 04:14:07)  ¦  unix_timestamp(2038-01-19 04:14:08)  ¦  unix_timestamp(2021-02-29 04:14:08)
0  ¦  1  ¦  2147483647  ¦  2147483648  ¦  null

#SQL[@46,N22]Result[]
SET time_zone='+00:00';

#SQL[@47,N33]Result[]
CREATE TABLE t1 (a DECIMAL(20,7));

#SQL[@48,N424]Result[]
INSERT INTO t1 VALUES
(32536771199.999999),
(32536771199.9999990),
(32536771199.9999991),
(32536771199.9999992),
(32536771199.9999993),
(32536771199.9999994),
(32536771199.9999995),
(32536771199.9999996),
(32536771199.9999997),
(32536771199.9999998),
(32536771199.9999999),
(32536771199.1234567),
(2147483648.1234567),
(1447430881.1234567),
(1451606400.123456),
(2147483647.123456),
(2147483647.999999),
(2147483647.9999999);

#SQL[@67,N34]Result[23, 29, 29, 29, 29, 29, 29, 29, 29, 29, 29, 29, 29, 50, 50, 50, 50, 50, 50]
SELECT a, FROM_UNIXTIME(a) FROM t1;
a  ¦  FROM_UNIXTIME(a)
32536771199.9999990  ¦  null
32536771199.9999990  ¦  null
32536771199.9999991  ¦  null
32536771199.9999992  ¦  null
32536771199.9999993  ¦  null
32536771199.9999994  ¦  null
32536771199.9999995  ¦  null
32536771199.9999996  ¦  null
32536771199.9999997  ¦  null
32536771199.9999998  ¦  null
32536771199.9999999  ¦  null
32536771199.1234567  ¦  null
2147483648.1234567  ¦  2038-01-19 03:14:08.123456
1447430881.1234567  ¦  2015-11-13 16:08:01.123457
1451606400.1234560  ¦  2016-01-01 00:00:00.123456
2147483647.1234560  ¦  2038-01-19 03:14:07.123456
2147483647.9999990  ¦  2038-01-19 03:14:07.999999
2147483647.9999999  ¦  2038-01-19 03:14:08.000000

#SQL[@68,N13]Result[]
DROP TABLE t1;

#SQL[@70,N22]Result[]
SET time_zone='+00:00';

#SQL[@71,N188]Result[34, 111]
SELECT
FROM_UNIXTIME(2147483647) AS c1,
FROM_UNIXTIME(2147483648) AS c2,
FROM_UNIXTIME(2147483647.9999999) AS c3,
FROM_UNIXTIME(32536771199) AS c4,
FROM_UNIXTIME(32536771199.9999999) AS c5;
c1  ¦  c2  ¦  c3  ¦  c4  ¦  c5
2038-01-19 03:14:07  ¦  2038-01-19 03:14:08  ¦  2038-01-19 03:14:08.000000  ¦  3001-01-18 23:59:59  ¦  null

#SQL[@79,N24]Result[]
SET time_zone = '+08:00';

#SQL[@81,N33]Result[26, 19]
SELECT FROM_UNIXTIME(32536771199);
FROM_UNIXTIME(32536771199)
3001-01-19 07:59:59

#SQL[@82,N44]Result[35, 11]
SELECT UNIX_TIMESTAMP('3001-01-18 23:59:59');
UNIX_TIMESTAMP(3001-01-18 23:59:59)
32536742399

#SQL[@83,N33]Result[26, 4]
SELECT FROM_UNIXTIME(32536771200);
FROM_UNIXTIME(32536771200)
null

#SQL[@85,N44]Result[35, 11]
SELECT UNIX_TIMESTAMP('3001-01-19 00:00:00');
UNIX_TIMESTAMP(3001-01-19 00:00:00)
32536742400

#SQL[@86,N24]Result[]
SET time_zone = "+00:00";

#SQL[@87,N33]Result[26, 4]
SELECT FROM_UNIXTIME(32536771200);
FROM_UNIXTIME(32536771200)
null

#SQL[@88,N44]Result[35, 11]
SELECT UNIX_TIMESTAMP('3001-01-19 00:00:00');
UNIX_TIMESTAMP(3001-01-19 00:00:00)
32536771200

#SQL[@89,N24]Result[]
SET time_zone = "+01:00";

#SQL[@91,N33]Result[26, 19]
SELECT FROM_UNIXTIME(32536771199);
FROM_UNIXTIME(32536771199)
3001-01-19 00:59:59

#SQL[@92,N44]Result[35, 11]
SELECT UNIX_TIMESTAMP('3001-01-19 00:59:59');
UNIX_TIMESTAMP(3001-01-19 00:59:59)
32536771199

#SQL[@93,N33]Result[26, 4]
SELECT FROM_UNIXTIME(32536771200);
FROM_UNIXTIME(32536771200)
null

#SQL[@94,N44]Result[35, 11]
SELECT UNIX_TIMESTAMP('3001-01-19 01:00:00');
UNIX_TIMESTAMP(3001-01-19 01:00:00)
32536771200

#SQL[@95,N24]Result[]
SET time_zone = "+09:00";

#SQL[@96,N33]Result[26, 19]
SELECT FROM_UNIXTIME(32536771199);
FROM_UNIXTIME(32536771199)
3001-01-19 08:59:59

#SQL[@97,N44]Result[35, 11]
SELECT UNIX_TIMESTAMP("3001-01-19 08:59:59");
UNIX_TIMESTAMP(3001-01-19 08:59:59)
32536771199

#SQL[@98,N44]Result[35, 11]
SELECT UNIX_TIMESTAMP("3001-01-19 09:00:00");
UNIX_TIMESTAMP(3001-01-19 09:00:00)
32536771200

#SQL[@99,N24]Result[]
SET time_zone = "-01:00";

#SQL[@101,N33]Result[26, 19]
SELECT FROM_UNIXTIME(32536771199);
FROM_UNIXTIME(32536771199)
3001-01-18 22:59:59

#SQL[@102,N44]Result[35, 11]
SELECT UNIX_TIMESTAMP('3001-01-18 22:59:59');
UNIX_TIMESTAMP(3001-01-18 22:59:59)
32536771199

#SQL[@104,N33]Result[26, 4]
SELECT FROM_UNIXTIME(32536771200);
FROM_UNIXTIME(32536771200)
null

#SQL[@105,N44]Result[35, 11]
SELECT UNIX_TIMESTAMP('3001-01-18 23:59:59');
UNIX_TIMESTAMP(3001-01-18 23:59:59)
32536774799

#SQL[@106,N24]Result[]
SET TIME_ZONE = "-07:00";

#SQL[@107,N33]Result[26, 19]
SELECT FROM_UNIXTIME(32536771199);
FROM_UNIXTIME(32536771199)
3001-01-18 16:59:59

#SQL[@108,N44]Result[35, 11]
SELECT UNIX_TIMESTAMP('3001-01-18 15:59:59');
UNIX_TIMESTAMP(3001-01-18 15:59:59)
32536767599

#SQL[@109,N44]Result[35, 11]
SELECT UNIX_TIMESTAMP('3001-01-18 16:00:00');
UNIX_TIMESTAMP(3001-01-18 16:00:00)
32536767600

#SQL[@111,N41]Result[34, 4]
SELECT FROM_UNIXTIME(9223372036854775807);
FROM_UNIXTIME(9223372036854775807)
null

#SQL[@112,N42]Result[35, 4]
SELECT FROM_UNIXTIME(-9223372036854775808);
FROM_UNIXTIME(-9223372036854775808)
null

#SQL[@113,N41]Result[34, 4]
SELECT FROM_UNIXTIME(9223372036854775808);
FROM_UNIXTIME(9223372036854775808)
null

#SQL[@115,N87]Error[132]
SELECT FROM_UNIXTIME(99999999999999999999999999999999999999999999999999999999999999999);
invalid input: 99999999999999999999999999999999999999999999999999999999999999999 beyond the range, can't be converted to Decimal128.

#SQL[@116,N30]Result[23, 1]
select count(unix_timestamp());
count(unix_timestamp())
1

#SQL[@119,N24]Result[]
SET TIME_ZONE = "SYSTEM";

