#SQL[@2,N121]Result[156, 98]
select power(exp(10), log(100)),exp(power(2,2)),power(-1,1),power(NULL,0),power(1,1),power(3,9),power(-1,2),power(NULL,2);
power(exp(10), log(100))  ¦  exp(power(2, 2))  ¦  power(-1, 1)  ¦  power(null, 0)  ¦  power(1, 1)  ¦  power(3, 9)  ¦  power(-1, 2)  ¦  power(null, 2)
100000000000000460000  ¦  54.598150033144236  ¦  -1  ¦  null  ¦  1  ¦  19683  ¦  1  ¦  null

#SQL[@5,N18]Result[12, 4]
SELECT power(2,13);
power(2, 13)
8192

#SQL[@6,N19]Result[13, 6]
SELECT power(-2,-3);
power(-2, -3)
-0.125

#SQL[@7,N19]Result[13, 31]
SELECT power(2,100);
power(2, 100)
1267650600228229400000000000000

#SQL[@8,N20]Result[14, 101]
SELECT power(10,100);
power(10, 100)
10000000000000002000000000000000000000000000000000000000000000000000000000000000000000000000000000000

#SQL[@9,N19]Result[13, 1]
SELECT power(1,100);
power(1, 100)
1

#SQL[@12,N18]Result[12, 3]
select power(2,-1);
power(2, -1)
0.5

#SQL[@13,N18]Result[12, 2]
select power(-2,1);
power(-2, 1)
-2

#SQL[@14,N40]Result[34, 1]
select power(0.00000000000000001,123413);
power(0.00000000000000001, 123413)
0

#SQL[@15,N30]Result[24, 1]
select power(10e100,-39413312);
power(10e100, -39413312)
0

#SQL[@16,N54]Result[47, 1]
select power(0.141241241241313, 124314124124.12412341);
power(0.141241241241313, 124314124124.12412341)
0

#SQL[@20,N20]Result[14, 4]
select power(null,2);
power(null, 2)
null

#SQL[@21,N21]Result[14, 4]
select power(2, null);
power(2, null)
null

#SQL[@22,N23]Result[17, 4]
select power(null,null);
power(null, null)
null

#SQL[@25,N25]Result[]
CREATE TABLE t1(a DOUBLE);

#SQL[@26,N37]Result[]
INSERT INTO t1 select (power(56,124));

#SQL[@27,N37]Result[]
INSERT INTO t1 select (power(10,100));

#SQL[@28,N36]Result[]
INSERT INTO t1 select (power(2,234));

#SQL[@29,N27]Result[1, 71, 101, 217]
SELECT * FROM t1 ORDER BY a;
a
27606985387162255000000000000000000000000000000000000000000000000000000
10000000000000002000000000000000000000000000000000000000000000000000000000000000000000000000000000000
5960948212289980000000000000000000000000000000000000000000000000000000000000000000000000000000000000000000000000000000000000000000000000000000000000000000000000000000000000000000000000000000000000000000000000000000000

#SQL[@30,N13]Result[]
drop table t1;

#SQL[@33,N102]Result[]
create table t1(a tinyint, b SMALLINT, c bigint, d INT, e BIGINT, f FLOAT, g DOUBLE, h decimal(38,19));

#SQL[@34,N56]Result[]
insert into t1 values(1, 1, 2, 4, 5, 5.5, 31.13, 14.314);

#SQL[@35,N91]Result[113, 107]
select power(a,b),power(b,c),power(c,d),power(d,e),power(e,f),power(f,g),power(g,h) from t1;
power(a, b)  ¦  power(b, c)  ¦  power(c, d)  ¦  power(d, e)  ¦  power(e, f)  ¦  power(f, g)  ¦  power(g, h)
1  ¦  1  ¦  16  ¦  1024  ¦  6987.712429686843  ¦  111555381037261880000000  ¦  2362467993555654000000

#SQL[@36,N13]Result[]
drop table t1;

#SQL[@39,N34]Result[31, 18]
select power(123.54-123.03, 12-34);
power(123.54 - 123.03, 12 - 34)
2713039.5562672615

#SQL[@40,N36]Result[33, 17]
select power(123.54*0.34, 1203-1200);
power(123.54 * 0.34, 1203 - 1200)
74107.05283300664

#SQL[@41,N34]Result[31, 102]
select power(134,34)-power(194,44);
power(134, 34) - power(194, 44)
-46054928980284170000000000000000000000000000000000000000000000000000000000000000000000000000000000000

#SQL[@45,N23]Result[]
drop table if exists t1;

#SQL[@46,N34]Result[]
create table t1(a float,  b float);

#SQL[@47,N38]Result[]
insert into t1 values(10, 100), (2, 5);

#SQL[@48,N45]Result[8, 11, 8]
select distinct * from t1 where power(a, b)>0;
a  ¦  b
10  ¦  100
2  ¦  5

#SQL[@49,N13]Result[]
drop table t1;

#SQL[@52,N29]Result[]
create table t1(a INT, b int);

#SQL[@53,N29]Result[]
create table t2(a INT, b int);

#SQL[@54,N36]Result[]
insert into t1 values(2,4), (100,23);

#SQL[@55,N37]Result[]
insert into t2 values(10,100), (4,41);

#SQL[@56,N77]Result[8, 9, 8, 11, 10]
SELECT t1.a, t2.a FROM t1 JOIN t2 ON (power(t1.a, t1.b) <> power(t2.a, t2.b));
a  ¦  a
2  ¦  10
2  ¦  4
100  ¦  10
100  ¦  4

#SQL[@57,N13]Result[]
drop table t1;

#SQL[@58,N13]Result[]
drop table t2;

#SQL[@62,N23]Result[]
drop table if exists t1;

#SQL[@63,N34]Result[]
create table t1(a float,  b float);

#SQL[@64,N50]Result[]
insert into t1 values(14.3, 4.413), (9.123, 9.409);

#SQL[@65,N47]Result[1, 5, 5]
select b from t1 group by b having power(1,b)>0;
b
4.413
9.409

#SQL[@66,N13]Result[]
drop table t1;

