#SQL[@3,N45]Result[36, 2]
SELECT dayofyear(date('2007-02-03 03:42:24'));
dayofyear(date(2007-02-03 03:42:24))
34

#SQL[@7,N22]Result[15, 4]
SELECT dayofyear(NULL);
dayofyear(null)
null

#SQL[@13,N164]Result[]
create table t1(a tinyint, b SMALLINT, c bigint, d INT, e BIGINT, f FLOAT, g DOUBLE, h decimal(38,19), i DATE, k datetime, l TIMESTAMP, m char(255), n varchar(255));

#SQL[@14,N136]Result[]
insert into t1 values(1, 1, 2, 43, 5, 35.5, 31.133, 14.314, "2012-03-10", "2012-03-12 10:03:12", "2022-03-12 13:03:12", "ab23c", "d5cf");

#SQL[@15,N137]Result[]
insert into t1 values(71, 1, 2, 34, 5, 5.5, 341.13, 15.314, "2012-03-22", "2013-03-12 10:03:12", "2032-03-12 13:04:12", "abr23c", "3dcf");

#SQL[@16,N137]Result[]
insert into t1 values(1, 1, 21, 4, 54, 53.5, 431.13, 14.394, "2011-03-12", "2015-03-12 10:03:12", "2002-03-12 13:03:12", "afbc", "dct5f");

#SQL[@17,N138]Result[]
insert into t1 values(1, 71, 2, 34, 5, 5.5, 31.313, 124.314, "2012-01-12", "2019-03-12 10:03:12", "2013-03-12 13:03:12", "3abd1c", "dcvf");

#SQL[@18,N133]Result[]
insert into t1 values(1, 1, 2, 34, 5, 5.5, 31.133, 14.314, "2023-11-08", "2023-11-08 15:03", "2023-11-08 15:03", "abcads3c", "dcdff");

#SQL[@19,N92]Error[56]
select dayofyear(a),dayofyear(b),dayofyear(c),dayofyear(d),dayofyear(e),dayofyear(f) from t1;
invalid argument function dayofyear, bad value [TINYINT]

#SQL[@20,N105]Error[55]
select dayofyear(g),dayofyear(h),dayofyear(i),dayofyear(k),dayofyear(l),dayofyear(m),dayofyear(n) from t1;
invalid argument function dayofyear, bad value [DOUBLE]

#SQL[@21,N13]Result[]
drop table t1;

#SQL[@34,N43]Result[9, 3]
SELECT dayofyear("2015-09-03") as dayofyear;
dayofyear
246

#SQL[@35,N39]Error[55]
SELECT dayofyear(20150904) as dayofyear;
invalid argument function dayofyear, bad value [BIGINT]

#SQL[@36,N38]Error[55]
SELECT dayofyear(1340124) as dayofyear;
invalid argument function dayofyear, bad value [BIGINT]

#SQL[@37,N38]Error[58]
SELECT dayofyear(0.45133) as dayofyear;
invalid argument function dayofyear, bad value [DECIMAL64]

#SQL[@38,N33]Error[55]
SELECT dayofyear(10) as dayofyear;
invalid argument function dayofyear, bad value [BIGINT]

#SQL[@39,N34]Error[53]
SELECT dayofyear(1=1) as dayofyear;
invalid argument function dayofyear, bad value [BOOL]

#SQL[@40,N43]Result[9, 3]
SELECT dayofyear('2015-09-30') as dayofyear;
dayofyear
273

#SQL[@42,N39]Error[44]
SELECT dayofyear('2015-0') as dayofyear;
invalid argument parsedate, bad value 2015-0

#SQL[@44,N46]Error[51]
SELECT dayofyear('2015-09.30 12') as dayofyear;
invalid argument parsedate, bad value 2015-09.30 12

#SQL[@45,N52]Result[9, 3]
SELECT dayofyear('2015-09-26 08:09:22') AS dayofyear;
dayofyear
269

#SQL[@49,N27]Error[45]
select dayofyear("2020-08");
invalid argument parsedate, bad value 2020-08

#SQL[@50,N30]Error[48]
select dayofyear("0000-00-00");
invalid argument parsedate, bad value 0000-00-00

#SQL[@51,N31]Error[49]
select dayofyear("-0001-03-03");
invalid argument parsedate, bad value -0001-03-03

#SQL[@52,N31]Error[49]
select dayofyear("10000-03-02");
invalid argument parsedate, bad value 10000-03-02

#SQL[@53,N30]Error[48]
select dayofyear("2021-13-09");
invalid argument parsedate, bad value 2021-13-09

#SQL[@54,N30]Error[48]
select dayofyear("2020-10-32");
invalid argument parsedate, bad value 2020-10-32

#SQL[@58,N55]Result[45, 3]
SELECT dayofyear("2015-09-10")- dayofyear("2016-04-24");
dayofyear(2015-09-10) - dayofyear(2016-04-24)
138

#SQL[@59,N55]Result[45, 3]
SELECT dayofyear("2015-09-10")+ dayofyear("2016-04-24");
dayofyear(2015-09-10) + dayofyear(2016-04-24)
368

#SQL[@60,N54]Result[45, 5]
SELECT dayofyear("2015-09-10")*dayofyear("2016-04-24");
dayofyear(2015-09-10) * dayofyear(2016-04-24)
29095

#SQL[@61,N54]Result[45, 3]
SELECT dayofyear("2015-09-10")/dayofyear("2016-04-24");
dayofyear(2015-09-10) / dayofyear(2016-04-24)
2.2

#SQL[@64,N54]Result[45, 4]
SELECT dayofyear("2015-09-10")>dayofyear("2016-04-24");
dayofyear(2015-09-10) > dayofyear(2016-04-24)
true

#SQL[@65,N54]Result[45, 5]
SELECT dayofyear("2015-09-10")<dayofyear("2016-04-24");
dayofyear(2015-09-10) < dayofyear(2016-04-24)
false

#SQL[@66,N54]Result[45, 5]
SELECT dayofyear("2015-09-10")=dayofyear("2016-04-24");
dayofyear(2015-09-10) = dayofyear(2016-04-24)
false

#SQL[@67,N55]Result[46, 4]
SELECT dayofyear("2015-09-10")<>dayofyear("2016-04-24");
dayofyear(2015-09-10) != dayofyear(2016-04-24)
true

#SQL[@68,N55]Result[46, 4]
SELECT dayofyear("2015-09-10")!=dayofyear("2016-04-24");
dayofyear(2015-09-10) != dayofyear(2016-04-24)
true

#SQL[@73,N199]Result[]
CREATE TABLE Product(Product_id INT,  Product_name VARCHAR(100) NOT NULL,Buying_price DECIMAL(13, 2) NOT NULL,Selling_price DECIMAL(13, 2) NOT NULL,Selling_Date Date NOT NULL,PRIMARY KEY(Product_id));

#SQL[@74,N526]Error[60]
INSERT INTO  Product(Product_name, Buying_price, Selling_price, Selling_Date) VALUES ('Audi Q8', 10000000.00, 15000000.00, '2018-01-26' ),('Volvo XC40', 2000000.00, 3000000.00, '2018-04-20' ),('Audi A6', 4000000.00, 5000000.00, '2018-07-25' ),('BMW X5', 5000500.00, 7006500.00, '2018-10-18'  ),('Jaguar XF', 5000000, 7507000.00, '2019-01-27'  ),('Mercedes-Benz C-Class', 4000000.00, 6000000.00, '2019-04-01'  ),('Jaguar F-PACE', 5000000.00, 7000000.00, '2019-12-26'  ),('Porsche Macan', 6500000.00, 8000000.00, '2020-04-16' ) ;
invalid input: invalid default value for column 'product_id'

#SQL[@75,N156]Result[]
SELECT  dayofyear (Selling_Date) dayofyear,  COUNT(Product_id) Product_Sold FROM Product GROUP BY dayofyear (Selling_Date) ORDER BY dayofyear (Selling_Date);

#SQL[@76,N18]Result[]
DROP TABLE Product;

#SQL[@80,N23]Result[]
drop table if exists t1;

#SQL[@81,N31]Result[]
create table t1(a INT,  b date);

#SQL[@82,N59]Result[]
insert into t1 select dayofyear("2012-10-12"), "2012-10-12";

#SQL[@83,N59]Result[]
insert into t1 select dayofyear("2004-04-24"), "2004-04-24";

#SQL[@84,N59]Result[]
insert into t1 select dayofyear("2008-12-04"), "2008-12-04";

#SQL[@85,N16]Result[8, 19, 19, 19]
select * from t1;
a  ¦  b
286  ¦  2012-10-12
115  ¦  2004-04-24
339  ¦  2008-12-04

#SQL[@86,N13]Result[]
drop table t1;

#SQL[@91,N23]Result[]
drop table if exists t1;

#SQL[@92,N31]Result[]
create table t1(a INT,  b date);

#SQL[@93,N92]Result[]
insert into t1 values(1, "2012-10-12"),(2, "2004-04-24"),(3, "2008-12-04"),(4, "2012-03-23");

#SQL[@94,N38]Result[8, 17, 17, 17, 17]
select * from t1 where dayofyear(b)<>0;
a  ¦  b
1  ¦  2012-10-12
2  ¦  2004-04-24
3  ¦  2008-12-04
4  ¦  2012-03-23

#SQL[@95,N13]Result[]
drop table t1;

#SQL[@99,N23]Result[]
drop table if exists t1;

#SQL[@100,N23]Result[]
drop table if exists t2;

#SQL[@101,N31]Result[]
create table t1(a INT,  b date);

#SQL[@102,N31]Result[]
create table t2(a INT,  b date);

#SQL[@103,N92]Result[]
insert into t1 values(1, "2012-10-12"),(2, "2004-04-24"),(3, "2008-12-04"),(4, "2012-03-23");

#SQL[@104,N92]Result[]
insert into t2 values(1, "2013-04-30"),(2, "1994-10-04"),(3, "2018-06-04"),(4, "2012-08-12");

#SQL[@105,N73]Result[8, 8, 8, 8, 8, 8, 8, 8, 8, 8, 8, 8, 8, 8, 8, 8, 8]
SELECT t1.a, t2.a FROM t1 JOIN t2 ON (dayofyear(t1.b) <> dayofyear(t2.b));
a  ¦  a
1  ¦  1
1  ¦  2
1  ¦  3
1  ¦  4
2  ¦  1
2  ¦  2
2  ¦  3
2  ¦  4
3  ¦  1
3  ¦  2
3  ¦  3
3  ¦  4
4  ¦  1
4  ¦  2
4  ¦  3
4  ¦  4

#SQL[@106,N13]Result[]
drop table t1;

#SQL[@107,N13]Result[]
drop table t2;

#SQL[@111,N23]Result[]
drop table if exists t1;

#SQL[@112,N31]Result[]
create table t1(a INT,  b date);

#SQL[@113,N110]Result[]
insert into t1 values(1, "2012-10-12"),(1, "2012-07-12"),(2, "2004-04-24"),(3, "2008-12-04"),(4, "2012-03-23");

#SQL[@114,N49]Result[1, 10, 10, 10, 10, 10]
select b from t1 group by b having dayofyear(b)>0;
b
2012-10-12
2012-07-12
2004-04-24
2008-12-04
2012-03-23

#SQL[@115,N13]Result[]
drop table t1;

#SQL[@118,N23]Result[]
drop table if exists t1;

#SQL[@119,N31]Result[]
create table t1(a INT,  b date);

#SQL[@120,N128]Result[]
insert into t1 values(1, "2012-10-12"),(1, "2012-07-12"),(2, "2004-04-24"),(3, "2004-04-24"),(3, "2008-12-04"),(4, "2012-03-23");

#SQL[@121,N36]Result[12, 3, 3, 3, 3, 2]
select distinct dayofyear(b) from t1;
dayofyear(b)
286
194
115
339
83

#SQL[@122,N13]Result[]
drop table t1;

#SQL[@131,N33]Result[]
CREATE TABLE t3(c1 DATE NOT NULL);

#SQL[@132,N35]Result[]
INSERT INTO t3 VALUES('2000-01-01');

#SQL[@133,N35]Result[]
INSERT INTO t3 VALUES('1999-12-31');

#SQL[@134,N35]Result[]
INSERT INTO t3 VALUES('2000-01-01');

#SQL[@135,N35]Result[]
INSERT INTO t3 VALUES('2006-12-25');

#SQL[@136,N35]Result[]
INSERT INTO t3 VALUES('2008-02-29');

#SQL[@137,N28]Result[13, 1, 3, 1, 3, 2]
SELECT DAYOFYEAR(c1) FROM t3;
DAYOFYEAR(c1)
1
365
1
359
60

#SQL[@138,N13]Result[]
DROP TABLE t3;

#SQL[@139,N37]Result[]
CREATE TABLE t3(c1 DATETIME NOT NULL);

#SQL[@140,N35]Result[]
INSERT INTO t3 VALUES('2000-01-01');

#SQL[@141,N35]Result[]
INSERT INTO t3 VALUES('1999-12-31');

#SQL[@142,N35]Result[]
INSERT INTO t3 VALUES('2000-01-01');

#SQL[@143,N35]Result[]
INSERT INTO t3 VALUES('2006-12-25');

#SQL[@144,N35]Result[]
INSERT INTO t3 VALUES('2008-02-29');

#SQL[@145,N28]Result[13, 1, 3, 1, 3, 2]
SELECT DAYOFYEAR(c1) FROM t3;
DAYOFYEAR(c1)
1
365
1
359
60

#SQL[@146,N13]Result[]
DROP TABLE t3;

#SQL[@147,N38]Result[]
CREATE TABLE t3(c1 TIMESTAMP NOT NULL);

#SQL[@148,N35]Result[]
INSERT INTO t3 VALUES('2000-01-01');

#SQL[@149,N35]Result[]
INSERT INTO t3 VALUES('1999-12-31');

#SQL[@150,N35]Result[]
INSERT INTO t3 VALUES('2000-01-01');

#SQL[@151,N35]Result[]
INSERT INTO t3 VALUES('2006-12-25');

#SQL[@152,N35]Result[]
INSERT INTO t3 VALUES('2008-02-29');

#SQL[@153,N28]Result[13, 1, 3, 1, 3, 2]
SELECT DAYOFYEAR(c1) FROM t3;
DAYOFYEAR(c1)
1
365
1
359
60

#SQL[@154,N13]Result[]
DROP TABLE t3;

