#SQL[@1,N71]Result[29, 58]
SELECT NOW() AS `current_time`, NOW() - INTERVAL 1 DAY AS `one_day_ago`;
current_time  ¦  one_day_ago
2025-10-10 06:40:48.668693  ¦  2025-10-09 06:40:48.668693

#SQL[@3,N73]Result[31, 58]
SELECT NOW() AS `current_time`, NOW() + INTERVAL 1 DAY AS `one_day_later`;
current_time  ¦  one_day_later
2025-10-10 06:40:48.668889  ¦  2025-10-11 06:40:48.668889

#SQL[@5,N71]Result[30, 58]
SELECT NOW() AS `current_time`, NOW() - INTERVAL 1 WEEK AS one_week_ago;
current_time  ¦  one_week_ago
2025-10-10 06:40:48.669084  ¦  2025-10-03 06:40:48.669084

#SQL[@7,N73]Result[32, 58]
SELECT NOW() AS `current_time`, NOW() + INTERVAL 1 WEEK AS one_week_later;
current_time  ¦  one_week_later
2025-10-10 06:40:48.669257  ¦  2025-10-17 06:40:48.669257

#SQL[@9,N82]Result[31, 58]
SELECT NOW() AS `current_time`, DATE_SUB(NOW(), INTERVAL 1 MONTH) AS one_month_ago;
current_time  ¦  one_month_ago
2025-10-10 06:40:48.669511  ¦  2025-09-10 06:40:48.669511

#SQL[@11,N84]Result[33, 58]
SELECT NOW() AS `current_time`, DATE_ADD(NOW(), INTERVAL 1 MONTH) AS one_month_later;
current_time  ¦  one_month_later
2025-10-10 06:40:48.669834  ¦  2025-11-10 06:40:48.669834

#SQL[@13,N80]Result[30, 58]
SELECT NOW() AS `current_time`, DATE_SUB(NOW(), INTERVAL 1 YEAR) AS one_year_ago;
current_time  ¦  one_year_ago
2025-10-10 06:40:48.670152  ¦  2024-10-10 06:40:48.670152

#SQL[@15,N82]Result[32, 58]
SELECT NOW() AS `current_time`, DATE_ADD(NOW(), INTERVAL 1 YEAR) AS one_year_later;
current_time  ¦  one_year_later
2025-10-10 06:40:48.670333  ¦  2026-10-10 06:40:48.670333

#SQL[@17,N80]Result[36, 58]
SELECT NOW() AS `current_time`, NOW() - INTERVAL 30 MINUTE AS thirty_minutes_ago;
current_time  ¦  thirty_minutes_ago
2025-10-10 06:40:48.670500  ¦  2025-10-10 06:10:48.670500

#SQL[@19,N82]Result[38, 58]
SELECT NOW() AS `current_time`, NOW() + INTERVAL 30 MINUTE AS thirty_minutes_later;
current_time  ¦  thirty_minutes_later
2025-10-10 06:40:48.670662  ¦  2025-10-10 07:10:48.670662

