#SQL[@2,N22]Result[15, 8]
select bin(0b11111111);
bin(0b11111111)
11111111

#SQL[@3,N14]Result[7, 4]
select bin(12);
bin(12)
1100

#SQL[@4,N16]Result[9, 11]
SELECT bin(1314);
bin(1314)
10100100010

#SQL[@5,N15]Result[8, 18]
select bin(2e5);
bin(2e5)
110000110101000000

#SQL[@8,N16]Result[9, 4]
SELECT bin(null);
bin(null)
null

#SQL[@11,N43]Result[34, 22]
SELECT concat_ws(",", bin(1000), bin(2000));
concat_ws(,, bin(1000), bin(2000))
1111101000,11111010000

#SQL[@13,N13]Result[6, 1]
select bin(0);
bin(0)
0

#SQL[@14,N14]Result[7, 64]
select bin(-1);
bin(-1)
1111111111111111111111111111111111111111111111111111111111111111

#SQL[@15,N17]Error[46]
select bin(10e50);
invalid input: The input value is out of range

#SQL[@16,N18]Error[46]
select bin(-10e50);
invalid input: The input value is out of range

#SQL[@17,N40]Result[33, 1]
select bin(0.00000000000000000000000001);
bin(0.00000000000000000000000001)
0

#SQL[@18,N41]Result[34, 1]
select bin(-0.00000000000000000000000001);
bin(-0.00000000000000000000000001)
0

#SQL[@19,N20]Error[46]
select bin("你好");
invalid argument cast to int, bad value 你好

#SQL[@20,N22]Result[]
create table t1(a int);

#SQL[@21,N23]Result[]
insert into t1 values();

#SQL[@22,N21]Result[6, 4]
select bin(a) from t1;
bin(a)
null

#SQL[@23,N13]Result[]
drop table t1;

#SQL[@35,N44]Result[]
CREATE TABLE t1(a char(255), b varchar(255));

#SQL[@36,N39]Result[]
INSERT INTO t1 select bin(56), bin(234);

#SQL[@37,N40]Result[]
INSERT INTO t1 select bin(100), bin(234);

#SQL[@38,N54]Result[18, 51, 47]
SELECT distinct bin(a), bin(b) FROM t1 ORDER BY bin(a);
bin(a)  ¦  bin(b)
100001100100101000100  ¦  101010010110001101010010
11011000110011000  ¦  101010010110001101010010

#SQL[@39,N13]Result[]
drop table t1;

#SQL[@40,N23]Result[]
CREATE TABLE t1 (a int);

#SQL[@41,N33]Result[]
INSERT INTO t1 VALUES (100), (12);

#SQL[@42,N45]Result[1, 3, 2]
SELECT a FROM t1
GROUP BY a
HAVING bin(a) <>0;
a
100
12

#SQL[@45,N13]Result[]
DROP TABLE t1;

#SQL[@46,N23]Result[]
drop table if exists t1;

#SQL[@47,N23]Result[]
CREATE TABLE t1 (a int);

#SQL[@48,N23]Result[]
CREATE TABLE t2 (a int);

#SQL[@49,N47]Result[]
INSERT INTO t1 VALUES (100), (200), (300), (10);

#SQL[@50,N52]Result[]
INSERT INTO t2 VALUES (100), (50), (20), (10), (300);

#SQL[@51,N60]Result[8, 12, 12, 10]
SELECT t1.a, t2.a FROM t1 JOIN t2 ON (bin(t1.a) = bin(t2.a));
a  ¦  a
100  ¦  100
300  ¦  300
10  ¦  10

#SQL[@52,N13]Result[]
drop table t1;

#SQL[@53,N13]Result[]
drop table t2;

