#SQL[@7,N33]Result[14, 3]
select left('abcde', 3) from dual;
left(abcde, 3)
abc

#SQL[@8,N33]Result[14, 0]
select left('abcde', 0) from dual;
left(abcde, 0)


#SQL[@9,N34]Result[15, 5]
select left('abcde', 10) from dual;
left(abcde, 10)
abcde

#SQL[@10,N34]Result[15, 0]
select left('abcde', -1) from dual;
left(abcde, -1)


#SQL[@11,N36]Result[17, 4]
select left('abcde', null) from dual;
left(abcde, null)
null

#SQL[@12,N30]Result[13, 4]
select left(null, 3) from dual;
left(null, 3)
null

#SQL[@13,N33]Result[16, 4]
select left(null, null) from dual;
left(null, null)
null

#SQL[@14,N37]Result[18, 5]
select left('foobarbar', 5) from dual;
left(foobarbar, 5)
fooba

#SQL[@15,N36]Result[17, 1]
select left('qwerty', 1.2) from dual;
left(qwerty, 1.2)
q

#SQL[@16,N36]Result[17, 2]
select left('qwerty', 1.5) from dual;
left(qwerty, 1.5)
qw

#SQL[@17,N36]Result[17, 2]
select left('qwerty', 1.8) from dual;
left(qwerty, 1.8)
qw

#SQL[@18,N48]Result[30, 9]
select left("是都方式快递费",3) from dual;
left(是都方式快递费, 3)
是都方

#SQL[@19,N42]Result[24, 9]
select left("あいうえお",3) from dual;
left(あいうえお, 3)
あいう

#SQL[@20,N43]Result[25, 9]
select left("あいうえお ",3) from dual;
left(あいうえお , 3)
あいう

#SQL[@21,N44]Result[26, 9]
select left("あいうえお  ",3) from dual;
left(あいうえお  , 3)
あいう

#SQL[@22,N45]Result[27, 9]
select left("あいうえお   ",3) from dual;
left(あいうえお   , 3)
あいう

#SQL[@23,N42]Result[24, 9]
select left("龔龖龗龞龡",3) from dual;
left(龔龖龗龞龡, 3)
龔龖龗

#SQL[@24,N43]Result[25, 9]
select left("龔龖龗龞龡 ",3) from dual;
left(龔龖龗龞龡 , 3)
龔龖龗

#SQL[@25,N44]Result[26, 9]
select left("龔龖龗龞龡  ",3) from dual;
left(龔龖龗龞龡  , 3)
龔龖龗

#SQL[@26,N45]Result[27, 9]
select left("龔龖龗龞龡   ",3) from dual;
left(龔龖龗龞龡   , 3)
龔龖龗

#SQL[@30,N23]Result[]
drop table if exists t1;

#SQL[@32,N52]Result[]
CREATE TABLE t1 (str VARCHAR(100) NOT NULL, len INT);

#SQL[@33,N41]Result[]
insert into t1 values('abcdefghijklmn',3);

#SQL[@34,N44]Result[]
insert into t1 values('  ABCDEFGH123456', 3);

#SQL[@35,N45]Result[]
insert into t1 values('ABCDEF  GHIJKLMN', 20);

#SQL[@36,N46]Result[]
insert into t1 values('ABCDEFGHijklmn   ', -1);

#SQL[@37,N50]Result[]
insert into t1 values('ABCDEFGH123456', -35627164);

#SQL[@38,N28]Result[]
insert into t1 values('', 3);

#SQL[@42,N29]Result[14, 3, 3, 16, 0, 0, 0]
select left(str, len) from t1;
left(str, len)
abc
  A
ABCDEF  GHIJKLMN




#SQL[@43,N64]Result[]
SELECT * from t1 where left(str, cos(0) + 3) = 'ABC' and len > 3;

#SQL[@44,N27]Result[12, 3, 3, 3, 3, 3, 0]
select left(str, 3) from t1;
left(str, 3)
abc
  A
ABC
ABC
ABC


#SQL[@45,N40]Result[23, 3, 3, 12, 0, 0, 3]
select left('sdfsdfsdfsdf', len) from t1;
left(sdfsdfsdfsdf, len)
sdf
sdf
sdfsdfsdfsdf


sdf

#SQL[@46,N34]Result[19, 4, 4, 4, 4, 4, 4]
select left(NULL, TAN(45)) FROM t1;
left(null, TAN(45))
null
null
null
null
null
null

#SQL[@47,N71]Result[27, 3]
select left('str', COS(0) + TAN(45)) from t1 where len between 6 AND 21;
left(str, COS(0) + TAN(45))
str

#SQL[@48,N44]Result[]
SELECT left(str, -2) from t1 where len%3 = 1;

#SQL[@49,N13]Result[]
drop table t1;

#SQL[@53,N22]Result[]
DROP TABLE IF EXISTS t;

#SQL[@55,N59]Result[]
CREATE table t(age INT, name CHAR(20), address VARCHAR(30));

#SQL[@56,N58]Result[]
INSERT INTO t VALUES(20,'ejifwvewv','shanghaishi1032long');

#SQL[@57,N60]Result[]
INSERT INTO t VALUES(30,'zhangzianjd','minhangqulongminglu');

#SQL[@58,N58]Result[]
INSERT INTO t VALUES(3627832,'hcdusanjfds','xuhuiqudadao');

#SQL[@59,N55]Result[]
INSERT INTO t VALUES(3782,'ehuwqhd3283&*^','ehiw3232$');

#SQL[@60,N36]Result[]
INSERT INTO t VALUES(42,'','nkej32');

#SQL[@61,N43]Error[55]
INSERT INTO t VALUES(-2281928939,'wlll','');
data out of range: data type int32, value '-2281928939'

#SQL[@64,N43]Error[55]
INSERT INTO t VALUES(-2281928939,'wlll','');
data out of range: data type int32, value '-2281928939'

#SQL[@69,N29]Result[15, 4, 4, 4, 4, 4]
SELECT left(age, NULL) from t;
left(age, null)
null
null
null
null
null

#SQL[@70,N26]Result[12, 0, 0, 0, 0, 0]
SELECT left(age, 0) from t;
left(age, 0)






#SQL[@71,N56]Result[54, 29, 29, 29, 28, 20]
SELECT left(age, 2),left(name,5),left(address,10) from t;
left(age, 2)  ¦  left(name, 5)  ¦  left(address, 10)
20  ¦  ejifw  ¦  shanghaish
30  ¦  zhang  ¦  minhangqul
36  ¦  hcdus  ¦  xuhuiqudad
37  ¦  ehuwq  ¦  ehiw3232$
42  ¦    ¦  nkej32

#SQL[@72,N62]Result[53, 18, 18, 18, 18, 16]
SELECT left(age,'1'),left(name,'2'), left(address, '3') from t;
left(age, 1)  ¦  left(name, 2)  ¦  left(address, 3)
2  ¦  ej  ¦  sha
3  ¦  zh  ¦  min
3  ¦  hc  ¦  xuh
3  ¦  eh  ¦  ehi
4  ¦    ¦  nke

#SQL[@73,N82]Result[78, 20, 20, 20, 20, 18]
SELECT left(age, COS(0)),left(name, sin(90) + 1),left(address, TAN(45) + 3) from t;
left(age, COS(0))  ¦  left(name, sin(90) + 1)  ¦  left(address, TAN(45) + 3)
2  ¦  ej  ¦  shang
3  ¦  zh  ¦  minha
3  ¦  hc  ¦  xuhui
3  ¦  eh  ¦  ehiw3
4  ¦    ¦  nkej3

#SQL[@74,N54]Result[46, 9, 9, 13, 11, 6]
SELECT left(age, length(name) / 2),left(name,1) from t;
left(age, length(name) / 2)  ¦  left(name, 1)
20  ¦  e
30  ¦  z
362783  ¦  h
3782  ¦  e
  ¦  

#SQL[@75,N43]Result[13, 3, 3, 3, 3, 0]
SELECT left(name, 3) from t where age >= 20;
left(name, 3)
eji
zha
hcd
ehu


#SQL[@76,N55]Result[]
SELECT left(age, -4) from t where LENGTH(address) >= 20;

#SQL[@77,N56]Result[12, 2]
SELECT left(age, 2) from t where name LIKE 'hcdusanjfds';
left(age, 2)
36

#SQL[@78,N59]Result[25, 27]
SELECT left(age, 2), address from t where name LIKE '%vewv';
left(age, 2)  ¦  address
20  ¦  shanghaishi1032long

#SQL[@79,N49]Result[7, 19]
SELECT address from t where left(name, 3) = 'eji';
address
shanghaishi1032long

#SQL[@83,N22]Result[]
DROP TABLE IF EXISTS t;

#SQL[@85,N79]Result[]
CREATE TABLE t(id INT,dd1 DATE, dd2 DATETIME,  dd3 TIMESTAMP, PRIMARY KEY (id));

#SQL[@86,N88]Result[]
INSERT INTO t VALUES (1, '2020-01-01', '2020-01-01 12:12:12', '2020-02-02 06:06:06.163');

#SQL[@87,N88]Result[]
INSERT INTO t VALUES (2, '2021-11-11', '2021-01-11 23:23:23', '2021-12-12 16:16:16.843');

#SQL[@88,N88]Result[]
INSERT INTO t VALUES (3, '2002-11-11', '2002-01-11 23:23:23', '2002-12-12 16:16:16.843');

#SQL[@93,N36]Result[22, 10, 10, 10]
SELECT left(dd1, length(dd2)) FROM t;
left(dd1, length(dd2))
2020-01-01
2021-11-11
2002-11-11

#SQL[@94,N36]Result[22, 8, 8, 8]
SELECT left(dd1, TAN(45) + 6) FROM t;
left(dd1, TAN(45) + 6)
2020-01-
2021-11-
2002-11-

#SQL[@95,N35]Result[22, 0, 0, 0]
SELECT left(dd1,COS(10) + 1) FROM t;
left(dd1, COS(10) + 1)




#SQL[@96,N28]Result[15, 4, 4, 4]
SELECT left(dd1,NULL) FROM t;
left(dd1, null)
null
null
null

#SQL[@97,N28]Result[14, 4, 4, 4]
SELECT left(NULL, -2) FROM t;
left(null, -2)
null
null
null

#SQL[@98,N54]Result[]
SELECT left(dd3, 4) FROM t WHERE dd1 LIKE '0001-01-01';

#SQL[@99,N39]Result[29, 67, 67, 67]
SELECT * from t WHERE left(dd1, 2) = 20;
id  ¦  dd1  ¦  dd2  ¦  dd3
1  ¦  2020-01-01  ¦  2020-01-01 12:12:12  ¦  2020-02-02 06:06:06
2  ¦  2021-11-11  ¦  2021-01-11 23:23:23  ¦  2021-12-12 16:16:17
3  ¦  2002-11-11  ¦  2002-01-11 23:23:23  ¦  2002-12-12 16:16:17

#SQL[@100,N61]Result[29, 67]
SELECT * from t WHERE MONTH(dd1) = 11 AND left(dd1, 4) = 2021;
id  ¦  dd1  ¦  dd2  ¦  dd3
2  ¦  2021-11-11  ¦  2021-01-11 23:23:23  ¦  2021-12-12 16:16:17

#SQL[@105,N22]Result[]
DROP TABLE IF EXISTS t;

#SQL[@107,N68]Result[]
CREATE TABLE t(id INT,d1 BIGINT,d2 FLOAT,d3 DOUBLE,PRIMARY KEY (id));

#SQL[@108,N59]Result[]
INSERT INTO t VALUES(1,12345678977,4679.45,-46576898.09877);

#SQL[@109,N57]Result[]
INSERT INTO t VALUES(2,4251382834,-456.785,32913023.3213);

#SQL[@110,N49]Result[]
INSERT INTO t VALUES(3,-46382749832,0,456215.454);

#SQL[@111,N33]Result[]
INSERT INTO t VALUES(4,0,8.121,0);

#SQL[@112,N41]Result[]
INSERT INTO t VALUES(5,-329323809293,0,0);

#SQL[@113,N86]Error[219]
INSERT INTO t VALUES(6,47832745,4672493280324.37644342323242,-1.8976931348623157E+308);
SQL parser error: You have an error in your SQL syntax; check the manual that corresponds to your MatrixOne server version for the right syntax to use. syntax error at line 1 column 85 near \"1.8976931348623157E+308)\";

#SQL[@114,N59]Error[64]
INSERT INTO t VALUES(7,47832745,4.402823466351E+38,666.666);
data out of range: data type float32, value '4.402823466351e+38'

#SQL[@118,N86]Error[219]
INSERT INTO t VALUES(6,47832745,4672493280324.37644342323242,-1.8976931348623157E+308);
SQL parser error: You have an error in your SQL syntax; check the manual that corresponds to your MatrixOne server version for the right syntax to use. syntax error at line 1 column 85 near \"1.8976931348623157E+308)\";

#SQL[@119,N59]Error[64]
INSERT INTO t VALUES(7,47832745,4.402823466351E+38,666.666);
data out of range: data type float32, value '4.402823466351e+38'

#SQL[@124,N30]Result[17, 5, 5, 5, 1, 5]
SELECT left(d1,abs(-5)) from t;
left(d1, abs(-5))
12345
42513
-4638
0
-3293

#SQL[@125,N38]Result[24, 6, 5, 1, 0, 1]
SELECT left(d2, LENGTH(d1) - 5) from t;
left(d2, LENGTH(d1) - 5)
4679.4
-456.
0

0

#SQL[@126,N49]Result[28, 10, 10, 12, 15, 15]
SELECT left(d1, 3),left(d2, 6) from t ORDER by d1;
left(d1, 3)  ¦  left(d2, 6)
-32  ¦  0
-46  ¦  0
0  ¦  8.121
425  ¦  -456.7
123  ¦  4679.4

#SQL[@127,N38]Result[26, 52, 50, 42, 34]
SELECT * from t where ABS(d1) > 200000;
id  ¦  d1  ¦  d2  ¦  d3
1  ¦  12345678977  ¦  4679.45  ¦  -46576898.09877
2  ¦  4251382834  ¦  -456.785  ¦  32913023.3213
3  ¦  -46382749832  ¦  0  ¦  456215.454
5  ¦  -329323809293  ¦  0  ¦  0

#SQL[@132,N22]Result[]
DROP TABLE IF EXISTS t;

#SQL[@133,N23]Result[]
DROP TABLE IF EXISTS t1;

#SQL[@135,N63]Result[]
CREATE TABLE t(d INT,d1 VARCHAR(20), d2 BIGINT,PRIMARY KEY (d));

#SQL[@136,N59]Result[]
CREATE TABLE t1( d INT,d1 CHAR(20),d2 DATE,PRIMARY KEY (d));

#SQL[@137,N77]Result[]
INSERT INTO t VALUES (1,'lijklnfdsalj',19290988), (2,'xlziblkfdi',1949100132);

#SQL[@138,N78]Result[]
INSERT INTO t VALUES (3,'ixioklakmaria',69456486), (4,'brzilaiusd',6448781575);

#SQL[@139,N88]Result[]
INSERT INTO t1 VALUES (1,'usaisagoodnat','1970-01-02'),(2,'chanialfakbjap','1971-11-12');

#SQL[@140,N85]Result[]
INSERT INTO t1 VALUES (3,'indiaisashit','1972-09-09'),(4,'xingoporelka','1973-12-07');

#SQL[@144,N38]Result[26, 11, 11, 11, 11]
SELECT t.d, LEFT(t.d1, abs(-4)) FROM t;
d  ¦  LEFT(t.d1, abs(-4))
1  ¦  lijk
2  ¦  xlzi
3  ¦  ixio
4  ¦  brzi

#SQL[@145,N101]Result[72, 21, 21, 21, 21]
SELECT t.d, LEFT(t.d2, FIND_IN_SET('d','a,b,c,d')), LEFT(t1.d1, ABS(-3)+1) FROM t,t1 WHERE t.d = t1.d;
d  ¦  LEFT(t.d2, FIND_IN_SET(d, a,b,c,d))  ¦  LEFT(t1.d1, ABS(-3) + 1)
1  ¦  1929  ¦  usai
2  ¦  1949  ¦  chan
3  ¦  6945  ¦  indi
4  ¦  6448  ¦  xing

#SQL[@146,N58]Result[24, 11, 11, 11, 11]
SELECT t.d, LEFT(t1.d2, NULL) FROM t JOIN t1 ON t.d = t1.d;
d  ¦  LEFT(t1.d2, null)
1  ¦  null
2  ¦  null
3  ¦  null
4  ¦  null

#SQL[@147,N81]Result[59, 19, 19, 19, 19]
SELECT t.d,left(t1.d2, abs(-1)+1),left(t.d2, cos(0)+3) from t join t1 on t.d=t1.d;
d  ¦  left(t1.d2, abs(-1) + 1)  ¦  left(t.d2, cos(0) + 3)
1  ¦  19  ¦  1929
2  ¦  19  ¦  1949
3  ¦  19  ¦  6945
4  ¦  19  ¦  6448

#SQL[@148,N101]Result[69, 20, 20, 20, 20]
SELECT t.d,left(t.d2, find_in_set('e','a,b,c,d,e')),left(t1.d1, 20%3)from t right join t1 on t.d=t1.d;
d  ¦  left(t.d2, find_in_set(e, a,b,c,d,e))  ¦  left(t1.d1, 20 % 3)
1  ¦  19290  ¦  us
2  ¦  19491  ¦  ch
3  ¦  69456  ¦  in
4  ¦  64487  ¦  xi

#SQL[@149,N101]Result[69, 19, 19, 19, 19]
SELECT t.d,left(t.d1, find_in_set('d','a,b,c,d,e')),left(t1.d2, 20%3)from t right join t1 on t.d=t1.d;
d  ¦  left(t.d1, find_in_set(d, a,b,c,d,e))  ¦  left(t1.d2, 20 % 3)
1  ¦  lijk  ¦  19
2  ¦  xlzi  ¦  19
3  ¦  ixio  ¦  19
4  ¦  brzi  ¦  19

#SQL[@151,N22]Result[]
DROP TABLE IF EXISTS t;

#SQL[@152,N23]Result[]
DROP TABLE IF EXISTS t1;

