#SQL[@1,N59]Result[6, 4]
SELECT REGEXP_SUBSTR('Thailand or Cambodia', 'l.nd') Result;
Result
land

#SQL[@3,N50]Result[6, 4]
SELECT REGEXP_SUBSTR('Lend for land', '^C') Result;
Result
null

#SQL[@5,N52]Result[6, 3]
SELECT REGEXP_SUBSTR('Cat Cut Cot', 'C.t', 2) Result;
Result
Cut

#SQL[@7,N62]Result[11, 3]
SELECT REGEXP_SUBSTR('Cat Cut Cot', 'C.t', 1, 1) 'Occurrence1';
Occurrence1
Cat

#SQL[@8,N62]Result[11, 3]
SELECT REGEXP_SUBSTR('Cat Cut Cot', 'C.t', 1, 2) 'Occurrence2';
Occurrence2
Cut

#SQL[@9,N62]Result[11, 3]
SELECT REGEXP_SUBSTR('Cat Cut Cot', 'C.t', 1, 3) 'Occurrence3';
Occurrence3
Cot

#SQL[@11,N62]Result[11, 3]
SELECT REGEXP_SUBSTR('Cat Cut Cot', 'C.t', 2, 1) 'Occurrence1';
Occurrence1
Cut

#SQL[@12,N62]Result[11, 3]
SELECT REGEXP_SUBSTR('Cat Cut Cot', 'C.t', 2, 2) 'Occurrence2';
Occurrence2
Cot

#SQL[@13,N62]Result[11, 4]
SELECT REGEXP_SUBSTR('Cat Cut Cot', 'C.t', 2, 3) 'Occurrence3';
Occurrence3
null

#SQL[@15,N39]Result[30, 4]
SELECT REGEXP_SUBSTR(NULL, 'C.t', 2, 1);
REGEXP_SUBSTR(null, C.t, 2, 1)
null

#SQL[@16,N47]Result[38, 4]
SELECT REGEXP_SUBSTR('Cat Cut Cot', NULL, 2, 1);
REGEXP_SUBSTR(Cat Cut Cot, null, 2, 1)
null

#SQL[@17,N38]Result[31, 4]
SELECT REGEXP_SUBSTR(NULL, NULL, 2, 1);
REGEXP_SUBSTR(null, null, 2, 1)
null

#SQL[@18,N45]Result[34, 4]
SELECT REGEXP_SUBSTR('Cat Cut Cot', "", 2, 1);
REGEXP_SUBSTR(Cat Cut Cot, , 2, 1)
null

#SQL[@20,N38]Result[]
create table t1(a int, b varchar(100));

#SQL[@21,N39]Result[]
insert into t1 values(1 , "PowerSlave");

#SQL[@22,N37]Result[]
insert into t1 values(2 , "Powerage");

#SQL[@23,N52]Result[]
insert into t1 values( 3 , "Singing Down the Lane" );

#SQL[@24,N51]Result[]
insert into t1 values(4 , "Ziltoid the Omniscient");

#SQL[@25,N47]Result[]
insert into t1 values(5 , "Casualties of Cool");

#SQL[@26,N38]Result[]
insert into t1 values( 6 , "Epicloud");

#SQL[@27,N46]Result[]
insert into t1 values(7 , "Somewhere in Time");

#SQL[@28,N42]Result[]
insert into t1 values(8 , "Piece of Mind");

#SQL[@29,N40]Result[27, 11, 11, 9, 9, 9, 9, 9, 9]
SELECT a, REGEXP_SUBSTR(b, '.i') from t1;
a  ¦  REGEXP_SUBSTR(b, .i)
1  ¦  null
2  ¦  null
3  ¦  Si
4  ¦  Zi
5  ¦  ti
6  ¦  pi
7  ¦   i
8  ¦  Pi

#SQL[@30,N13]Result[]
drop table t1;

#SQL[@32,N38]Result[]
create table t1(a int, b varchar(100));

#SQL[@33,N39]Result[]
insert into t1 values(1 , "PowerSlave");

#SQL[@34,N37]Result[]
insert into t1 values(2 , "Powerage");

#SQL[@35,N52]Result[]
insert into t1 values( 3 , "Singing Down the Lane" );

#SQL[@36,N51]Result[]
insert into t1 values(4 , "Ziltoid the Omniscient");

#SQL[@37,N47]Result[]
insert into t1 values(5 , "Casualties of Cool");

#SQL[@38,N38]Result[]
insert into t1 values( 6 , "Epicloud");

#SQL[@39,N46]Result[]
insert into t1 values(7 , "Somewhere in Time");

#SQL[@40,N42]Result[]
insert into t1 values(8 , "Piece of Mind");

#SQL[@41,N43]Result[30, 11, 11, 9, 9, 9, 11, 9, 9]
SELECT a, REGEXP_SUBSTR(b, '.i', 3) from t1;
a  ¦  REGEXP_SUBSTR(b, .i, 3)
1  ¦  null
2  ¦  null
3  ¦  gi
4  ¦  oi
5  ¦  ti
6  ¦  null
7  ¦   i
8  ¦  Mi

#SQL[@42,N13]Result[]
drop table t1;

#SQL[@44,N38]Result[]
create table t1(a int, b varchar(100));

#SQL[@45,N39]Result[]
insert into t1 values(1 , "PowerSlave");

#SQL[@46,N37]Result[]
insert into t1 values(2 , "Powerage");

#SQL[@47,N52]Result[]
insert into t1 values( 3 , "Singing Down the Lane" );

#SQL[@48,N51]Result[]
insert into t1 values(4 , "Ziltoid the Omniscient");

#SQL[@49,N47]Result[]
insert into t1 values(5 , "Casualties of Cool");

#SQL[@50,N38]Result[]
insert into t1 values( 6 , "Epicloud");

#SQL[@51,N46]Result[]
insert into t1 values(7 , "Somewhere in Time");

#SQL[@52,N42]Result[]
insert into t1 values(8 , "Piece of Mind");

#SQL[@53,N46]Result[33, 11, 11, 11, 9, 11, 11, 9, 11]
SELECT a, REGEXP_SUBSTR(b, '.i', 3, 2) from t1;
a  ¦  REGEXP_SUBSTR(b, .i, 3, 2)
1  ¦  null
2  ¦  null
3  ¦  null
4  ¦  ni
5  ¦  null
6  ¦  null
7  ¦  Ti
8  ¦  null

#SQL[@54,N13]Result[]
drop table t1;

#SQL[@56,N22]Result[]
DROP TABLE IF EXISTS t;

#SQL[@57,N47]Result[]
CREATE TABLE t(str1 VARCHAR(20), str2 CHAR(20));

#SQL[@58,N81]Result[]
INSERT INTO t VALUES ('W * P', 'W + Z - O'), ('have has having', 'do does doing');

#SQL[@59,N79]Result[]
INSERT INTO t VALUES ('XV*XZ', 'PP-ZZ-DXA'), ('aa bbb cc ddd', 'k ii lll oooo');

#SQL[@60,N71]Error[66]
SELECT REGEXP_SUBSTR(str1, '*'), REGEXP_SUBSTR(str2,'hav','hiv') FROM t;
error parsing regexp: missing argument to repetition operator: `*`

#SQL[@61,N12]Result[]
drop table t;

