#SQL[@1,N30]Result[]
create table t1 (ts timestamp);

#SQL[@2,N22]Result[]
set time_zone='+00:00';

#SQL[@3,N70]Result[65, 1]
select unix_timestamp(utc_timestamp())-unix_timestamp(utc_timestamp());
unix_timestamp(utc_timestamp()) - unix_timestamp(utc_timestamp())
0

#SQL[@4,N50]Result[]
insert into t1 (ts) values ('2003-03-30 02:30:00');

#SQL[@5,N22]Result[]
set time_zone='+10:30';

#SQL[@6,N70]Result[65, 1]
select unix_timestamp(utc_timestamp())-unix_timestamp(utc_timestamp());
unix_timestamp(utc_timestamp()) - unix_timestamp(utc_timestamp())
0

#SQL[@7,N50]Result[]
insert into t1 (ts) values ('2003-03-30 02:30:00');

#SQL[@8,N22]Result[]
set time_zone='-10:00';

#SQL[@10,N50]Result[]
insert into t1 (ts) values ('2003-03-30 02:30:00');

#SQL[@11,N16]Result[2, 19, 19, 19]
select * from t1;
ts
2003-03-29 16:30:00
2003-03-29 06:00:00
2003-03-30 02:30:00

#SQL[@12,N13]Result[]
drop table t1;

#SQL[@17,N137]Result[146, 20]
select utc_timestamp()-utc_timestamp(),weekday(utc_timestamp())-weekday(utc_timestamp()),unix_timestamp()-unix_timestamp(utc_timestamp());
utc_timestamp() - utc_timestamp()  ¦  weekday(utc_timestamp()) - weekday(utc_timestamp())  ¦  unix_timestamp() - unix_timestamp(utc_timestamp())
0  ¦  0  ¦  -36000

#SQL[@29,N29]Result[]
CREATE TABLE t1 (a TIMESTAMP);

#SQL[@30,N39]Result[]
INSERT INTO t1 select (utc_timestamp());

#SQL[@31,N39]Result[]
INSERT INTO t1 select (utc_timestamp());

#SQL[@32,N27]Result[1, 1, 1]
SELECT 1 FROM t1 ORDER BY 1;
1
1
1

#SQL[@33,N13]Result[]
DROP TABLE t1;

#SQL[@37,N23]Result[]
DROP TABLE if exists t1;

#SQL[@39,N62]Result[]
create table t1 (a int primary key, b int, c int, d timestamp);

#SQL[@40,N43]Result[]
insert into t1 select 1,1,1,utc_timestamp();

#SQL[@41,N32]Result[]
insert into t1 select 2,0,0,null;

#SQL[@42,N28]Result[28, 25, 25]
select a,b,c,year(d) from t1;
a  ¦  b  ¦  c  ¦  year(d)
1  ¦  1  ¦  1  ¦  2025
2  ¦  0  ¦  0  ¦  null

#SQL[@43,N13]Result[]
DROP TABLE t1;

#SQL[@48,N29]Result[]
CREATE TABLE t1 (a TIMESTAMP);

#SQL[@49,N39]Result[]
INSERT INTO t1 select (utc_timestamp());

#SQL[@50,N39]Result[]
INSERT INTO t1 select (utc_timestamp());

#SQL[@51,N39]Result[]
INSERT INTO t1 select (utc_timestamp());

#SQL[@52,N45]Result[7, 4, 4, 4]
SELECT year(a) FROM t1 WHERE a > '2008-01-01';
year(a)
2025
2025
2025

#SQL[@53,N13]Result[]
DROP TABLE t1;

#SQL[@63,N24]Result[]
SET TIME_ZONE = "SYSTEM";

