#SQL[@2,N25]Result[16, 6]
SELECT RTRIM('barbar   ');
RTRIM(barbar   )
barbar

#SQL[@3,N24]Result[15, 6]
SELECT LTRIM('  barbar');
LTRIM(  barbar)
barbar

#SQL[@5,N96]Result[37, 36]
SELECT '    geeksforgeeks'  As OriginalString,
LTRIM ('    geeksforgeeks')  AS LeftTrimmedString;
OriginalString  ¦  LeftTrimmedString
    geeksforgeeks  ¦  geeksforgeeks

#SQL[@8,N57]Result[19, 20]
SELECT '    MySQL' AS String, RTRIM ('MySQL')  AS Tstring;
String  ¦  Tstring
    MySQL  ¦  MySQL

#SQL[@12,N47]Result[39, 5]
select cast(rtrim('  20.06 ') as decimal(19,2));
cast(rtrim(  20.06 ) as decimal(19, 2))
20.06

#SQL[@13,N54]Result[46, 5]
select cast(rtrim(ltrim('  20.06 ')) as decimal(19,2));
cast(rtrim(ltrim(  20.06 )) as decimal(19, 2))
20.06

#SQL[@14,N66]Result[53, 18]
select concat_ws(':',ltrim('  left  '),':',rtrim('  right  '),':');
concat_ws(:, ltrim(  left  ), :, rtrim(  right  ), :)
left  :::  right::

#SQL[@17,N31]Result[]
CREATE TABLE t (a int NOT NULL);

#SQL[@18,N27]Result[]
INSERT INTO t values(21123);

#SQL[@19,N37]Result[]
SELECT 1 FROM t WHERE rtrim(a & NULL);

#SQL[@20,N37]Result[]
SELECT 1 FROM t WHERE ltrim(a & NULL);

#SQL[@21,N12]Result[]
DROP TABLE t;

#SQL[@25,N29]Result[]
drop table if exists `Ｔ１`;

#SQL[@26,N29]Result[]
drop table if exists `Ｔ２`;

#SQL[@27,N29]Result[]
drop table if exists `Ｔ３`;

#SQL[@28,N29]Result[]
drop table if exists `Ｔ４`;

#SQL[@29,N29]Result[]
drop table if exists `Ｔ５`;

#SQL[@30,N29]Result[]
drop table if exists `Ｔ６`;

#SQL[@31,N29]Result[]
drop table if exists `Ｔ７`;

#SQL[@32,N29]Result[]
drop table if exists `Ｔ８`;

#SQL[@33,N29]Result[]
drop table if exists `Ｔ９`;

#SQL[@34,N41]Result[]
CREATE TABLE `Ｔ１` (`Ｃ１` char(80));

#SQL[@35,N41]Result[]
CREATE TABLE `Ｔ２` (`Ｃ１` char(80));

#SQL[@36,N41]Result[]
CREATE TABLE `Ｔ３` (`Ｃ１` char(80));

#SQL[@37,N41]Result[]
CREATE TABLE `Ｔ４` (`Ｃ１` char(80));

#SQL[@38,N41]Result[]
CREATE TABLE `Ｔ５` (`Ｃ１` char(80));

#SQL[@39,N41]Result[]
CREATE TABLE `Ｔ６` (`Ｃ１` char(80));

#SQL[@40,N41]Result[]
CREATE TABLE `Ｔ７` (`Ｃ１` char(80));

#SQL[@41,N41]Result[]
CREATE TABLE `Ｔ８` (`Ｃ１` char(80));

#SQL[@42,N41]Result[]
CREATE TABLE `Ｔ９` (`Ｃ１` char(80));

#SQL[@43,N47]Result[]
INSERT INTO `Ｔ１` VALUES ('ｱｲｳｴｵ');

#SQL[@44,N48]Result[]
INSERT INTO `Ｔ１` VALUES ('ｱｲｳｴｵ ');

#SQL[@45,N49]Result[]
INSERT INTO `Ｔ１` VALUES ('ｱｲｳｴｵ  ');

#SQL[@46,N50]Result[]
INSERT INTO `Ｔ１` VALUES ('ｱｲｳｴｵ   ');

#SQL[@47,N50]Result[]
INSERT INTO `Ｔ１` VALUES ('ｱｲｳｴｵ　');

#SQL[@48,N53]Result[]
INSERT INTO `Ｔ１` VALUES ('ｱｲｳｴｵ　　');

#SQL[@49,N56]Result[]
INSERT INTO `Ｔ１` VALUES ('ｱｲｳｴｵ　　　');

#SQL[@50,N47]Result[]
INSERT INTO `Ｔ２` VALUES ('あいうえお');

#SQL[@51,N48]Result[]
INSERT INTO `Ｔ２` VALUES ('あいうえお ');

#SQL[@52,N49]Result[]
INSERT INTO `Ｔ２` VALUES ('あいうえお  ');

#SQL[@53,N50]Result[]
INSERT INTO `Ｔ２` VALUES ('あいうえお   ');

#SQL[@54,N50]Result[]
INSERT INTO `Ｔ２` VALUES ('あいうえお　');

#SQL[@55,N53]Result[]
INSERT INTO `Ｔ２` VALUES ('あいうえお　　');

#SQL[@56,N56]Result[]
INSERT INTO `Ｔ２` VALUES ('あいうえお　　　');

#SQL[@57,N47]Result[]
INSERT INTO `Ｔ３` VALUES ('龔龖龗龞龡');

#SQL[@58,N48]Result[]
INSERT INTO `Ｔ３` VALUES ('龔龖龗龞龡 ');

#SQL[@59,N49]Result[]
INSERT INTO `Ｔ３` VALUES ('龔龖龗龞龡  ');

#SQL[@60,N50]Result[]
INSERT INTO `Ｔ３` VALUES ('龔龖龗龞龡   ');

#SQL[@61,N50]Result[]
INSERT INTO `Ｔ３` VALUES ('龔龖龗龞龡　');

#SQL[@62,N53]Result[]
INSERT INTO `Ｔ３` VALUES ('龔龖龗龞龡　　');

#SQL[@63,N56]Result[]
INSERT INTO `Ｔ３` VALUES ('龔龖龗龞龡　　　');

#SQL[@64,N47]Result[]
INSERT INTO `Ｔ４` VALUES ('ｱｲｳｴｵ');

#SQL[@65,N48]Result[]
INSERT INTO `Ｔ４` VALUES ('ｱｲｳｴｵ ');

#SQL[@66,N49]Result[]
INSERT INTO `Ｔ４` VALUES ('ｱｲｳｴｵ  ');

#SQL[@67,N50]Result[]
INSERT INTO `Ｔ４` VALUES ('ｱｲｳｴｵ   ');

#SQL[@68,N50]Result[]
INSERT INTO `Ｔ４` VALUES ('ｱｲｳｴｵ　');

#SQL[@69,N53]Result[]
INSERT INTO `Ｔ４` VALUES ('ｱｲｳｴｵ　　');

#SQL[@70,N56]Result[]
INSERT INTO `Ｔ４` VALUES ('ｱｲｳｴｵ　　　');

#SQL[@71,N47]Result[]
INSERT INTO `Ｔ５` VALUES ('あいうえお');

#SQL[@72,N48]Result[]
INSERT INTO `Ｔ５` VALUES ('あいうえお ');

#SQL[@73,N49]Result[]
INSERT INTO `Ｔ５` VALUES ('あいうえお  ');

#SQL[@74,N50]Result[]
INSERT INTO `Ｔ５` VALUES ('あいうえお   ');

#SQL[@75,N50]Result[]
INSERT INTO `Ｔ５` VALUES ('あいうえお　');

#SQL[@76,N53]Result[]
INSERT INTO `Ｔ５` VALUES ('あいうえお　　');

#SQL[@77,N56]Result[]
INSERT INTO `Ｔ５` VALUES ('あいうえお　　　');

#SQL[@78,N47]Result[]
INSERT INTO `Ｔ６` VALUES ('龔龖龗龞龡');

#SQL[@79,N48]Result[]
INSERT INTO `Ｔ６` VALUES ('龔龖龗龞龡 ');

#SQL[@80,N49]Result[]
INSERT INTO `Ｔ６` VALUES ('龔龖龗龞龡  ');

#SQL[@81,N50]Result[]
INSERT INTO `Ｔ６` VALUES ('龔龖龗龞龡   ');

#SQL[@82,N50]Result[]
INSERT INTO `Ｔ６` VALUES ('龔龖龗龞龡　');

#SQL[@83,N53]Result[]
INSERT INTO `Ｔ６` VALUES ('龔龖龗龞龡　　');

#SQL[@84,N56]Result[]
INSERT INTO `Ｔ６` VALUES ('龔龖龗龞龡　　　');

#SQL[@85,N47]Result[]
INSERT INTO `Ｔ７` VALUES ('ｱｲｳｴｵ');

#SQL[@86,N48]Result[]
INSERT INTO `Ｔ７` VALUES ('ｱｲｳｴｵ ');

#SQL[@87,N49]Result[]
INSERT INTO `Ｔ７` VALUES ('ｱｲｳｴｵ  ');

#SQL[@88,N50]Result[]
INSERT INTO `Ｔ７` VALUES ('ｱｲｳｴｵ   ');

#SQL[@89,N50]Result[]
INSERT INTO `Ｔ７` VALUES ('ｱｲｳｴｵ　');

#SQL[@90,N53]Result[]
INSERT INTO `Ｔ７` VALUES ('ｱｲｳｴｵ　　');

#SQL[@91,N56]Result[]
INSERT INTO `Ｔ７` VALUES ('ｱｲｳｴｵ　　　');

#SQL[@92,N47]Result[]
INSERT INTO `Ｔ８` VALUES ('あいうえお');

#SQL[@93,N48]Result[]
INSERT INTO `Ｔ８` VALUES ('あいうえお ');

#SQL[@94,N49]Result[]
INSERT INTO `Ｔ８` VALUES ('あいうえお  ');

#SQL[@95,N50]Result[]
INSERT INTO `Ｔ８` VALUES ('あいうえお   ');

#SQL[@96,N50]Result[]
INSERT INTO `Ｔ８` VALUES ('あいうえお　');

#SQL[@97,N53]Result[]
INSERT INTO `Ｔ８` VALUES ('あいうえお　　');

#SQL[@98,N56]Result[]
INSERT INTO `Ｔ８` VALUES ('あいうえお　　　');

#SQL[@99,N47]Result[]
INSERT INTO `Ｔ９` VALUES ('龔龖龗龞龡');

#SQL[@100,N48]Result[]
INSERT INTO `Ｔ９` VALUES ('龔龖龗龞龡 ');

#SQL[@101,N49]Result[]
INSERT INTO `Ｔ９` VALUES ('龔龖龗龞龡  ');

#SQL[@102,N50]Result[]
INSERT INTO `Ｔ９` VALUES ('龔龖龗龞龡   ');

#SQL[@103,N50]Result[]
INSERT INTO `Ｔ９` VALUES ('龔龖龗龞龡　');

#SQL[@104,N53]Result[]
INSERT INTO `Ｔ９` VALUES ('龔龖龗龞龡　　');

#SQL[@105,N56]Result[]
INSERT INTO `Ｔ９` VALUES ('龔龖龗龞龡　　　');

#SQL[@106,N36]Result[13, 15, 15, 15, 15, 18, 21, 24]
SELECT RTRIM(`Ｃ１`) from `Ｔ１`;
RTRIM(Ｃ１)
ｱｲｳｴｵ
ｱｲｳｴｵ
ｱｲｳｴｵ
ｱｲｳｴｵ
ｱｲｳｴｵ　
ｱｲｳｴｵ　　
ｱｲｳｴｵ　　　

#SQL[@107,N36]Result[13, 15, 15, 15, 15, 18, 21, 24]
SELECT RTRIM(`Ｃ１`) from `Ｔ２`;
RTRIM(Ｃ１)
あいうえお
あいうえお
あいうえお
あいうえお
あいうえお　
あいうえお　　
あいうえお　　　

#SQL[@108,N36]Result[13, 15, 15, 15, 15, 18, 21, 24]
SELECT RTRIM(`Ｃ１`) from `Ｔ３`;
RTRIM(Ｃ１)
龔龖龗龞龡
龔龖龗龞龡
龔龖龗龞龡
龔龖龗龞龡
龔龖龗龞龡　
龔龖龗龞龡　　
龔龖龗龞龡　　　

#SQL[@109,N36]Result[13, 15, 15, 15, 15, 18, 21, 24]
SELECT RTRIM(`Ｃ１`) from `Ｔ４`;
RTRIM(Ｃ１)
ｱｲｳｴｵ
ｱｲｳｴｵ
ｱｲｳｴｵ
ｱｲｳｴｵ
ｱｲｳｴｵ　
ｱｲｳｴｵ　　
ｱｲｳｴｵ　　　

#SQL[@110,N36]Result[13, 15, 15, 15, 15, 18, 21, 24]
SELECT RTRIM(`Ｃ１`) from `Ｔ５`;
RTRIM(Ｃ１)
あいうえお
あいうえお
あいうえお
あいうえお
あいうえお　
あいうえお　　
あいうえお　　　

#SQL[@111,N36]Result[13, 15, 15, 15, 15, 18, 21, 24]
SELECT RTRIM(`Ｃ１`) from `Ｔ６`;
RTRIM(Ｃ１)
龔龖龗龞龡
龔龖龗龞龡
龔龖龗龞龡
龔龖龗龞龡
龔龖龗龞龡　
龔龖龗龞龡　　
龔龖龗龞龡　　　

#SQL[@112,N36]Result[13, 15, 15, 15, 15, 18, 21, 24]
SELECT RTRIM(`Ｃ１`) from `Ｔ７`;
RTRIM(Ｃ１)
ｱｲｳｴｵ
ｱｲｳｴｵ
ｱｲｳｴｵ
ｱｲｳｴｵ
ｱｲｳｴｵ　
ｱｲｳｴｵ　　
ｱｲｳｴｵ　　　

#SQL[@113,N36]Result[13, 15, 15, 15, 15, 18, 21, 24]
SELECT RTRIM(`Ｃ１`) from `Ｔ８`;
RTRIM(Ｃ１)
あいうえお
あいうえお
あいうえお
あいうえお
あいうえお　
あいうえお　　
あいうえお　　　

#SQL[@114,N36]Result[13, 15, 15, 15, 15, 18, 21, 24]
SELECT RTRIM(`Ｃ１`) from `Ｔ９`;
RTRIM(Ｃ１)
龔龖龗龞龡
龔龖龗龞龡
龔龖龗龞龡
龔龖龗龞龡
龔龖龗龞龡　
龔龖龗龞龡　　
龔龖龗龞龡　　　

#SQL[@115,N19]Result[]
DROP TABLE `Ｔ１`;

#SQL[@116,N19]Result[]
DROP TABLE `Ｔ２`;

#SQL[@117,N19]Result[]
DROP TABLE `Ｔ３`;

#SQL[@118,N19]Result[]
DROP TABLE `Ｔ４`;

#SQL[@119,N19]Result[]
DROP TABLE `Ｔ５`;

#SQL[@120,N19]Result[]
DROP TABLE `Ｔ６`;

#SQL[@121,N19]Result[]
DROP TABLE `Ｔ７`;

#SQL[@122,N19]Result[]
DROP TABLE `Ｔ８`;

#SQL[@123,N19]Result[]
DROP TABLE `Ｔ９`;

#SQL[@124,N29]Result[]
drop table if exists `Ｔ１`;

#SQL[@125,N29]Result[]
drop table if exists `Ｔ２`;

#SQL[@126,N29]Result[]
drop table if exists `Ｔ３`;

#SQL[@127,N29]Result[]
drop table if exists `Ｔ４`;

#SQL[@128,N29]Result[]
drop table if exists `Ｔ５`;

#SQL[@129,N29]Result[]
drop table if exists `Ｔ６`;

#SQL[@130,N29]Result[]
drop table if exists `Ｔ７`;

#SQL[@131,N29]Result[]
drop table if exists `Ｔ８`;

#SQL[@132,N29]Result[]
drop table if exists `Ｔ９`;

#SQL[@136,N18]Result[11, 4]
SELECT RTRIM(NULL);
RTRIM(null)
null

#SQL[@137,N18]Result[11, 4]
SELECT LTRIM(NULL);
LTRIM(null)
null

#SQL[@140,N24]Result[15, 6]
SELECT RTRIM("你好  ");
RTRIM(你好  )
你好

#SQL[@141,N24]Result[15, 6]
SELECT LTRIM("  你好");
LTRIM(  你好)
你好

#SQL[@144,N23]Result[]
drop table if exists t1;

#SQL[@145,N31]Result[]
create table t1(a varchar(255));

#SQL[@146,N46]Result[]
insert into t1 select (RTRIM("2017-06-15   "));

#SQL[@147,N45]Result[]
insert into t1 select (LTRIM("  2019-06-25"));

#SQL[@148,N51]Result[]
insert into t1 select (RTRIM("2017-06-15        "));

#SQL[@149,N39]Result[]
insert into t1 select ("2017-06-15   ");

#SQL[@150,N55]Result[36, 26, 26]
select distinct RTRIM(ltrim(a)),LTRIM(rtrim(a)) from t1;
RTRIM(ltrim(a))  ¦  LTRIM(rtrim(a))
2017-06-15  ¦  2017-06-15
2019-06-25  ¦  2019-06-25

#SQL[@151,N13]Result[]
drop table t1;

#SQL[@155,N23]Result[]
drop table if exists t1;

#SQL[@156,N35]Result[]
create table t1(a INT,  b datetime);

#SQL[@157,N112]Result[]
insert into t1 values(1, "2017-06-15    "),(1, "2019-06-25    "),(2, "    2019-06-25  "),(3, "   2019-06-25   ");

#SQL[@158,N63]Result[1, 19]
select b from t1 group by b having rtrim(ltrim(b))>"2018-01-01";
b
2019-06-25 00:00:00

#SQL[@159,N13]Result[]
drop table t1;

#SQL[@162,N31]Result[]
create table t1(a INT,  b date);

#SQL[@163,N31]Result[]
create table t2(a INT,  b date);

#SQL[@164,N120]Error[49]
insert into t1 values(1, "    2012-10-12   "),(2, "   2004-04-24.   "),(3, "   2008-12-04.  "),(4, "    2012-03-23.   ");
invalid argument parsedate, bad value 2004-04-24.

#SQL[@165,N110]Result[]
insert into t2 values(1, "    2013-04-30  "),(2, "  1994-10-04  "),(3, "   2018-06-04  "),(4, " 2012-10-12  ");

#SQL[@166,N78]Result[]
SELECT t1.a, t2.a FROM t1 JOIN t2 ON (rtrim(ltrim(t1.b)) = ltrim(rtrim(t2.b)));

#SQL[@167,N13]Result[]
drop table t1;

#SQL[@168,N13]Result[]
drop table t2;

#SQL[@171,N36]Error[69]
SELECT RTRIM(space(100000000)+"123");
invalid input: the space count is greater than max allowed value 8000

#SQL[@172,N36]Error[69]
SELECT LTRIM("123"+space(100000000));
invalid input: the space count is greater than max allowed value 8000

#SQL[@173,N43]Result[34, 23]
SELECT LTRIM("    1241241^&@%#^*^!@#&*(!&");
LTRIM(    1241241^&@%#^*^!@#&*(!&)
1241241^&@%#^*^!@#&*(!&

#SQL[@174,N43]Result[34, 23]
SELECT RTRIM("1241241^&@%#^*^!@#&*(!&    ");
RTRIM(1241241^&@%#^*^!@#&*(!&    )
1241241^&@%#^*^!@#&*(!&

#SQL[@177,N21]Result[12, 4]
SELECT RTRIM(" 123 ");
RTRIM( 123 )
 123

#SQL[@178,N20]Result[13, 6]
SELECT RTRIM(123124);
RTRIM(123124)
123124

#SQL[@179,N23]Result[16, 9]
SELECT RTRIM(123.41231);
RTRIM(123.41231)
123.41231

#SQL[@180,N20]Result[11, 3]
SELECT LTRIM(" 123");
LTRIM( 123)
123

#SQL[@181,N20]Result[13, 6]
SELECT LTRIM(123124);
LTRIM(123124)
123124

#SQL[@182,N23]Result[16, 9]
SELECT LTRIM(123.41231);
LTRIM(123.41231)
123.41231

