#SQL[@1,N23]Result[16, 4]
select TO_SECONDS(null);
TO_SECONDS(null)
null

#SQL[@2,N29]Result[20, 11]
SELECT TO_SECONDS('19950501');
TO_SECONDS(19950501)
62966505600

#SQL[@3,N31]Result[22, 11]
SELECT TO_SECONDS('2007-10-07');
TO_SECONDS(2007-10-07)
63358934400

#SQL[@4,N31]Result[22, 11]
SELECT TO_SECONDS('2008-10-07');
TO_SECONDS(2008-10-07)
63390556800

#SQL[@5,N31]Result[22, 8]
SELECT TO_SECONDS('0001-01-01');
TO_SECONDS(0001-01-01)
31622400

#SQL[@7,N28]Result[]
drop table if exists t_dates;

#SQL[@8,N79]Result[]
create table t_dates(
a_date date,
b_datetime datetime,
c_timestamp timestamp
);

#SQL[@14,N86]Result[]
insert into t_dates values('1999-04-05', '1999-04-05 11:01:02', '1999-04-05 11:01:02');

#SQL[@15,N86]Result[]
insert into t_dates values('2004-04-03', '2004-04-03 13:11:10', '2004-04-03 13:11:10');

#SQL[@16,N93]Result[]
insert into t_dates values('2012-04-05', '2012-04-05 11:01:02', '2012-04-05 11:01:02.123456');

#SQL[@17,N93]Result[]
insert into t_dates values('1997-04-03', '1997-04-03 13:11:10', '1997-04-03 13:11:10.123456');

#SQL[@18,N100]Result[]
insert into t_dates values('2022-04-05', '2022-04-05 11:01:02.123456', '2022-04-05 11:01:02.123456');

#SQL[@19,N100]Result[]
insert into t_dates values('1999-09-05', '2004-09-03 13:11:10.123456', '2004-09-03 13:11:10.123456');

#SQL[@20,N44]Result[]
insert into t_dates values(null, null, null);

#SQL[@21,N38]Result[]
insert into t_dates values('', '', '');

#SQL[@23,N62]Result[30, 14, 14, 27, 27, 27, 27, 27, 27]
select a_date, TO_SECONDS(a_date) from t_dates order by a_date;
a_date  ¦  TO_SECONDS(a_date)
null  ¦  null
null  ¦  null
1997-04-03  ¦  63027244800
1999-04-05  ¦  63090489600
1999-09-05  ¦  63103708800
2004-04-03  ¦  63248169600
2012-04-05  ¦  63500803200
2022-04-05  ¦  63816336000

#SQL[@24,N55]Result[39, 60, 60, 60, 60, 60, 60]
select * from t_dates where TO_SECONDS(a_date) > 730214;
a_date  ¦  b_datetime  ¦  c_timestamp
1999-04-05  ¦  1999-04-05 11:01:02  ¦  1999-04-05 11:01:02
2004-04-03  ¦  2004-04-03 13:11:10  ¦  2004-04-03 13:11:10
2012-04-05  ¦  2012-04-05 11:01:02  ¦  2012-04-05 11:01:02
1997-04-03  ¦  1997-04-03 13:11:10  ¦  1997-04-03 13:11:10
2022-04-05  ¦  2022-04-05 11:01:02  ¦  2022-04-05 11:01:02
1999-09-05  ¦  2004-09-03 13:11:10  ¦  2004-09-03 13:11:10

#SQL[@26,N74]Result[38, 14, 14, 36, 36, 36, 36, 36, 36]
select b_datetime, TO_SECONDS(b_datetime) from t_dates order by b_datetime;
b_datetime  ¦  TO_SECONDS(b_datetime)
null  ¦  null
null  ¦  null
1997-04-03 13:11:10  ¦  63027292270
1999-04-05 11:01:02  ¦  63090529262
2004-04-03 13:11:10  ¦  63248217070
2004-09-03 13:11:10  ¦  63261436270
2012-04-05 11:01:02  ¦  63500842862
2022-04-05 11:01:02  ¦  63816375662

#SQL[@27,N59]Result[39, 60, 60, 60, 60, 60, 60]
select * from t_dates where TO_SECONDS(b_datetime) > 730214;
a_date  ¦  b_datetime  ¦  c_timestamp
1999-04-05  ¦  1999-04-05 11:01:02  ¦  1999-04-05 11:01:02
2004-04-03  ¦  2004-04-03 13:11:10  ¦  2004-04-03 13:11:10
2012-04-05  ¦  2012-04-05 11:01:02  ¦  2012-04-05 11:01:02
1997-04-03  ¦  1997-04-03 13:11:10  ¦  1997-04-03 13:11:10
2022-04-05  ¦  2022-04-05 11:01:02  ¦  2022-04-05 11:01:02
1999-09-05  ¦  2004-09-03 13:11:10  ¦  2004-09-03 13:11:10

#SQL[@29,N18]Result[]
drop table t_dates;

