#SQL[@6,N14]Result[7, 2]
select oct(12);
oct(12)
14

#SQL[@7,N16]Result[9, 4]
SELECT oct(1314);
oct(1314)
2442

#SQL[@9,N15]Result[8, 6]
select oct(2e5);
oct(2e5)
606500

#SQL[@12,N16]Result[9, 4]
SELECT oct(null);
oct(null)
null

#SQL[@15,N43]Result[34, 9]
SELECT concat_ws(",", oct(1000), oct(2000));
concat_ws(,, oct(1000), oct(2000))
1750,3720

#SQL[@19,N13]Result[6, 1]
select oct(0);
oct(0)
0

#SQL[@20,N14]Result[7, 22]
select oct(-1);
oct(-1)
1777777777777777777777

#SQL[@22,N17]Error[55]
select oct(10e50);
internal error: the input value is out of integer range

#SQL[@23,N18]Error[55]
select oct(-10e50);
internal error: the input value is out of integer range

#SQL[@24,N40]Result[33, 1]
select oct(0.00000000000000000000000001);
oct(0.00000000000000000000000001)
0

#SQL[@25,N41]Result[34, 1]
select oct(-0.00000000000000000000000001);
oct(-0.00000000000000000000000001)
0

#SQL[@26,N20]Error[46]
select oct("你好");
invalid argument cast to int, bad value 你好

#SQL[@28,N22]Result[]
create table t1(a int);

#SQL[@29,N23]Result[]
insert into t1 values();

#SQL[@30,N21]Result[6, 4]
select oct(a) from t1;
oct(a)
null

#SQL[@31,N13]Result[]
drop table t1;

#SQL[@36,N164]Result[]
create table t1(a tinyint, b SMALLINT, c BIGINT, d INT, e BIGINT, f FLOAT, g DOUBLE, h decimal(38,19), i DATE, k datetime, l TIMESTAMP, m char(255), n varchar(255));

#SQL[@37,N130]Result[]
insert into t1 values(1, 1, 2, 4, 5, 5.5, 31.13, 14.314, "2012-03-12", "2012-03-12 10:03:12", "2012-03-12 13:03:12", "abc", "dcf");

#SQL[@38,N130]Result[]
insert into t1 values(1, 1, 2, 4, 5, 5.5, 31.13, 14.314, "2012-03-12", "2012-03-12 10:03:12", "2012-03-12 13:03:12", "abc", "dcf");

#SQL[@39,N130]Result[]
insert into t1 values(1, 1, 2, 4, 5, 5.5, 31.13, 14.314, "2012-03-12", "2012-03-12 10:03:12", "2012-03-12 13:03:12", "abc", "dcf");

#SQL[@40,N130]Result[]
insert into t1 values(1, 1, 2, 4, 5, 5.5, 31.13, 14.314, "2012-03-12", "2012-03-12 10:03:12", "2012-03-12 13:03:12", "abc", "dcf");

#SQL[@41,N105]Error[47]
select oct(a),oct(b),oct(c),oct(d),oct(e),oct(f),oct(g),oct(h),oct(i),oct(k),oct(l),oct(m),oct(n) from t1;
invalid argument function oct, bad value [DATE]

#SQL[@42,N13]Result[]
drop table t1;

#SQL[@47,N44]Result[]
CREATE TABLE t1(a char(255), b varchar(255));

#SQL[@48,N39]Result[]
INSERT INTO t1 select oct(56), oct(234);

#SQL[@49,N40]Result[]
INSERT INTO t1 select oct(100), oct(234);

#SQL[@50,N54]Result[18, 12, 12]
SELECT distinct oct(a), oct(b) FROM t1 ORDER BY oct(a);
oct(a)  ¦  oct(b)
106  ¦  540
220  ¦  540

#SQL[@51,N13]Result[]
drop table t1;

#SQL[@55,N23]Result[]
CREATE TABLE t1 (a int);

#SQL[@56,N33]Result[]
INSERT INTO t1 VALUES (100), (12);

#SQL[@57,N34]Error[104]
SELECT a FROM t1
HAVING oct(a) <>0;
SQL syntax error: column \"t1.a\" must appear in the GROUP BY clause or be used in an aggregate function

#SQL[@59,N13]Result[]
DROP TABLE t1;

#SQL[@62,N23]Result[]
drop table if exists t1;

#SQL[@63,N30]Result[]
create table t1(a INT,  b int);

#SQL[@64,N48]Result[]
insert into t1 values(1, 2),(2, 3),(3, 4),(4, 5);

#SQL[@65,N51]Result[15, 1, 1, 1, 1]
select oct(a)+oct(b) from t1 where oct(a)+oct(b)<>0;
oct(a) + oct(b)
3
5
7
9

#SQL[@66,N13]Result[]
drop table t1;

#SQL[@69,N23]Result[]
CREATE TABLE t1 (a int);

#SQL[@70,N23]Result[]
CREATE TABLE t2 (a int);

#SQL[@71,N47]Result[]
INSERT INTO t1 VALUES (100), (200), (300), (10);

#SQL[@72,N52]Result[]
INSERT INTO t2 VALUES (100), (50), (20), (10), (300);

#SQL[@73,N60]Result[8, 12, 12, 10]
SELECT t1.a, t2.a FROM t1 JOIN t2 ON (oct(t1.a) = oct(t2.a));
a  ¦  a
100  ¦  100
300  ¦  300
10  ¦  10

#SQL[@74,N13]Result[]
drop table t1;

#SQL[@75,N13]Result[]
drop table t2;

#SQL[@77,N27]Result[20, 4]
SELECT OCT(NULL) IS UNKNOWN;
OCT(null) is unknown
true

