#SQL[@2,N62]Result[5, 19]
select convert_tz('2023-11-06 10:28:00','GMT', 'MET') as dtime;
dtime
2023-11-06 11:28:00

#SQL[@3,N71]Result[5, 19]
select convert_tz('1999-06-06 10:28:00','MET','Europe/Moscow') as dtime;
dtime
1999-06-06 12:28:00

#SQL[@4,N77]Result[5, 19]
select convert_tz('2020-05-09 10:28:00','Japan', 'Mexico/BajaNorte') as dtime;
dtime
2020-05-08 18:28:00

#SQL[@5,N71]Result[5, 19]
select convert_tz('2023-08-06 10:28:00','MET','Europe/Moscow') as dtime;
dtime
2023-08-06 11:28:00

#SQL[@6,N80]Result[5, 19]
select convert_tz('2007-09-11 02:00:00','America/Cambridge_Bay','GMT-0')as dtime;
dtime
2007-09-11 08:00:00

#SQL[@7,N62]Result[5, 19]
select convert_tz('2000-10-06 10:28:00','GMT', 'UTC') as dtime;
dtime
2000-10-06 10:28:00

#SQL[@8,N61]Result[5, 19]
select convert_tz('2003-12-06 10:28:00','CET','EST') as dtime;
dtime
2003-12-06 04:28:00

#SQL[@9,N78]Result[5, 19]
select convert_tz('2023-12-31 10:28:00','+08:00', 'America/New_York') as dtime;
dtime
2023-12-30 21:28:00

#SQL[@10,N66]Result[5, 19]
select convert_tz('2023-02-06 10:28:00','MET','Hongkong') as dtime;
dtime
2023-02-06 17:28:00

#SQL[@11,N73]Result[5, 19]
select convert_tz('2023-03-11 02:00:00','Asia/Shanghai','+05:00')as dtime;
dtime
2023-03-10 23:00:00

#SQL[@13,N74]Result[5, 19]
select convert_tz('2023-11-05 05:00:00','US/Eastern','US/Central')as dtime;
dtime
2023-11-05 04:00:00

#SQL[@16,N68]Result[5, 19]
select convert_tz('2023-01-06 10:28:00','+08:00', '+10:00') as dtime;
dtime
2023-01-06 12:28:00

#SQL[@17,N68]Result[5, 19]
select convert_tz('2023-02-06 10:28:00','+08:00', '+00:00') as dtime;
dtime
2023-02-06 02:28:00

#SQL[@18,N68]Result[5, 19]
select convert_tz('2023-03-06 10:28:00','+08:00', '+05:00') as dtime;
dtime
2023-03-06 07:28:00

#SQL[@19,N68]Result[5, 19]
select convert_tz('2023-04-26 10:28:00','+05:00', '+08:00') as dtime;
dtime
2023-04-26 13:28:00

#SQL[@20,N68]Result[5, 19]
select convert_tz('2023-05-16 10:28:00','+00:00', '+08:00') as dtime;
dtime
2023-05-16 18:28:00

#SQL[@21,N68]Result[5, 4]
select convert_tz('2023-06-01 10:28:00','+00:00', '+23:00') as dtime;
dtime
null

#SQL[@22,N68]Result[5, 19]
select convert_tz('2023-07-06 10:28:00','+06:00', '+12:00') as dtime;
dtime
2023-07-06 16:28:00

#SQL[@23,N68]Result[5, 19]
select convert_tz('2023-08-30 10:28:00','+12:00', '+06:00') as dtime;
dtime
2023-08-30 04:28:00

#SQL[@24,N68]Result[5, 19]
select convert_tz('2020-09-19 19:59:00','+00:00', '+05:30') as dtime;
dtime
2020-09-20 01:29:00

#SQL[@25,N68]Result[5, 19]
select convert_tz('2020-10-19 19:59:00','-05:00', '+05:30') as dtime;
dtime
2020-10-20 06:29:00

#SQL[@26,N67]Result[5, 19]
select convert_tz('2010-11-01 12:00:00','+00:00','-07:00') as dtime;
dtime
2010-11-01 05:00:00

#SQL[@27,N58]Result[5, 19]
select convert_tz('2010-12-30','+00:00','-07:00') as dtime;
dtime
2010-12-29 17:00:00

#SQL[@30,N51]Result[5, 4]
select convert_tz(NULL,'-05:00', '+05:30') as dtime;
dtime
null

#SQL[@31,N64]Result[5, 4]
select convert_tz('2023-11-06 10:28:00',NULL, '+08:00') as dtime;
dtime
null

#SQL[@32,N64]Result[5, 4]
select convert_tz('2023-11-06 10:28:00','+00:00', NULL) as dtime;
dtime
null

#SQL[@35,N68]Result[5, 19]
select convert_tz('9999-12-31 23:59:59','+08:00', '+12:30') as dtime;
dtime
9999-12-31 23:59:59

#SQL[@36,N67]Result[5, 19]
select convert_tz('0001-01-01 00:00:01','+00:00', '-5:30') as dtime;
dtime
0001-01-01 00:00:01

#SQL[@38,N67]Result[5, 4]
select convert_tz('2023-11-06 10:28:00','+00:00', '11111') as dtime;
dtime
null

#SQL[@39,N68]Result[5, 4]
select convert_tz('2023-11-06 10:28:00','+00:aa', '+08:00') as dtime;
dtime
null

#SQL[@40,N56]Error[45]
select convert_tz('2023-11','+00:00', '+08:00') as dtime;
invalid input: invalid datetime value 2023-11

#SQL[@42,N63]Result[]
create table convert_table(c1 datetime,c2 date,c3 timestamp(3));

#SQL[@43,N218]Result[]
insert into convert_table values('2010-09-26','2022-01-02 10:02:00','2021-05-02 12:02:00.0923'),('2011-02-20 10:02:00','2020-01-02','2021-05-02'),('2019-03-16 11:12:00','2022-01-02 10:02:00','2021-05-02 12:02:00.0923');

#SQL[@44,N62]Result[38, 44, 44, 44]
select convert_tz(c1,'+00:00', '+08:00'),c1 from convert_table;
convert_tz(c1, +00:00, +08:00)  ¦  c1
2010-09-26 08:00:00  ¦  2010-09-26 00:00:00
2011-02-20 18:02:00  ¦  2011-02-20 10:02:00
2019-03-16 19:12:00  ¦  2019-03-16 11:12:00

#SQL[@45,N62]Result[38, 35, 35, 35]
select convert_tz(c2,'+00:00', '+08:00'),c2 from convert_table;
convert_tz(c2, +00:00, +08:00)  ¦  c2
2022-01-02 08:00:00  ¦  2022-01-02
2020-01-02 08:00:00  ¦  2020-01-02
2022-01-02 08:00:00  ¦  2022-01-02

#SQL[@46,N62]Result[38, 48, 48, 48]
select convert_tz(c3,'+00:00', '+08:00'),c3 from convert_table;
convert_tz(c3, +00:00, +08:00)  ¦  c3
2021-05-02 20:02:00  ¦  2021-05-02 12:02:00.092
2021-05-02 08:00:00  ¦  2021-05-02 00:00:00.000
2021-05-02 20:02:00  ¦  2021-05-02 12:02:00.092

#SQL[@49,N100]Result[5, 19]
select convert_tz(str_to_date('2022-05-27 11:30:00','%Y-%m-%d %H:%i:%s'),'-05:00', '+05:30')as dtime;
dtime
2022-05-27 22:00:00

