#SQL[@3,N23]Result[]
drop table if exists t1;

#SQL[@4,N60]Result[]
create table t1 (
name varchar(10),
level smallint unsigned);

#SQL[@7,N34]Result[]
insert into t1 values ('string',1);

#SQL[@8,N48]Result[33, 7]
select reverse("123"+space(level)+"456") from t1;
reverse(123 + space(level) + 456)
654 321

#SQL[@9,N87]Result[74, 26]
select concat_ws("abc", name,space(level)), concat_ws("abc",name, space(level)) from t1;
concat_ws(abc, name, space(level))  ¦  concat_ws(abc, name, space(level))
stringabc   ¦  stringabc 

#SQL[@10,N13]Result[]
drop table t1;

#SQL[@14,N34]Result[]
create table t1 (a varchar(16383));

#SQL[@15,N34]Error[69]
insert into t1 select space(50000);
invalid input: the space count is greater than max allowed value 8000

#SQL[@16,N24]Result[]
select length(a) from t1;

#SQL[@17,N13]Result[]
drop table t1;

#SQL[@21,N43]Result[39, 18]
select space(5),concat_ws('*',space(5),'*');
space(5)  ¦  concat_ws(*, space(5), *)
       ¦       **

#SQL[@22,N16]Result[9, 0]
select space(-1);
space(-1)


#SQL[@23,N25]Result[18, 0]
select space(-4294967295);
space(-4294967295)


#SQL[@24,N24]Error[69]
select space(4294967295);
invalid input: the space count is greater than max allowed value 8000

#SQL[@25,N25]Result[18, 0]
select space(-4294967296);
space(-4294967296)


#SQL[@26,N24]Error[69]
select space(4294967296);
invalid input: the space count is greater than max allowed value 8000

#SQL[@27,N25]Result[18, 0]
select space(-4294967297);
space(-4294967297)


#SQL[@28,N24]Error[69]
select space(4294967297);
invalid input: the space count is greater than max allowed value 8000

#SQL[@29,N35]Error[66]
select space(-18446744073709551615);
data out of range: data type uint64, value '-18446744073709551615'

#SQL[@31,N34]Error[69]
select space(18446744073709551615);
invalid input: the space count is greater than max allowed value 8000

#SQL[@33,N35]Error[66]
select space(-18446744073709551616);
data out of range: data type uint64, value '-18446744073709551616'

#SQL[@37,N35]Error[66]
select space(-18446744073709551617);
data out of range: data type uint64, value '-18446744073709551617'

#SQL[@43,N33]Error[69]
SELECT space(9223372036854775808);
invalid input: the space count is greater than max allowed value 8000

#SQL[@44,N41]Error[69]
SELECT length(space(9223372036854775809));
invalid input: the space count is greater than max allowed value 8000

#SQL[@47,N18]Result[11, 4]
SELECT SPACE(NULL);
SPACE(null)
null

#SQL[@51,N22]Result[15, 15]
SELECT SPACE(12)+"123";
SPACE(12) + 123
            123

#SQL[@52,N31]Error[69]
SELECT SPACE(12314.14123)+"123";
invalid input: the space count is greater than max allowed value 8000

#SQL[@54,N26]Result[17, 1234]
SELECT SPACE("1231")+"123";
SPACE(1231) + 123
                                                                                                                                                                                                                                                                                                                                                                                                                                                                                                                                                                                                                                                                                                                                                                                                                                                                                                                                                                                                                                                                                                                                                                                                                                                                               123

#SQL[@55,N32]Error[50]
SELECT SPACE("2012-03-12")+"123";
invalid argument cast to int, bad value 2012-03-12

#SQL[@58,N33]Result[]
CREATE TABLE t(i BIGINT UNSIGNED);

#SQL[@59,N41]Result[]
INSERT INTO t values(9223372036854775808);

#SQL[@60,N22]Error[69]
SELECT space(i) FROM t;
invalid input: the space count is greater than max allowed value 8000

#SQL[@61,N12]Result[]
DROP TABLE t;

#SQL[@63,N24]Error[69]
SELECT space(1073741824);
invalid input: the space count is greater than max allowed value 8000

#SQL[@64,N28]Result[20, 4]
SELECT TO_DATE(SPACE(2),'1');
TO_DATE(SPACE(2), 1)
null

#SQL[@67,N23]Result[]
drop table if exists t1;

#SQL[@68,N22]Result[]
create table t1(a INT);

#SQL[@69,N36]Result[]
insert into t1 values(1),(1),(2),(3);

#SQL[@70,N49]Result[1, 1]
select a from t1 group by a having space(a)="   ";
a
3

#SQL[@71,N13]Result[]
drop table t1;

#SQL[@74,N23]Result[]
drop table if exists t1;

#SQL[@75,N31]Result[]
create table t1(a INT,  b date);

#SQL[@76,N92]Result[]
insert into t1 values(1, "2012-10-12"),(2, "2004-04-24"),(3, "2008-12-04"),(4, "2012-03-23");

#SQL[@77,N35]Result[8, 17]
select * from t1 where space(a)=" ";
a  ¦  b
1  ¦  2012-10-12

#SQL[@78,N13]Result[]
drop table t1;

#SQL[@81,N23]Result[]
drop table if exists t1;

#SQL[@82,N23]Result[]
drop table if exists t2;

#SQL[@83,N31]Result[]
create table t1(a INT,  b date);

#SQL[@84,N31]Result[]
create table t2(a INT,  b date);

#SQL[@85,N92]Result[]
insert into t1 values(1, "2012-10-12"),(1, "2004-04-24"),(3, "2008-12-04"),(4, "2012-03-23");

#SQL[@86,N92]Result[]
insert into t2 values(1, "2013-04-30"),(1, "1994-10-04"),(3, "2018-06-04"),(4, "2012-10-12");

#SQL[@87,N73]Result[8, 8, 8, 8]
SELECT distinct t1.a, t2.a FROM t1 JOIN t2 ON (space(t1.a) = space(t2.a));
a  ¦  a
1  ¦  1
3  ¦  3
4  ¦  4

#SQL[@88,N13]Result[]
drop table t1;

#SQL[@89,N13]Result[]
drop table t2;

#SQL[@92,N31]Error[46]
SELECT space("你好")+"你好";
invalid argument cast to int, bad value 你好

