#SQL[@2,N15]Result[8, 2]
select abs(-10);
abs(-10)
10

#SQL[@3,N19]Result[12, 2]
select abs(-2) * -2;
abs(-2) * -2
-4

#SQL[@4,N16]Result[9, 11]
select abs(1e10);
abs(1e10)
10000000000

#SQL[@7,N16]Result[9, 4]
select abs(NULL);
abs(null)
null

#SQL[@10,N34]Result[27, 22]
select abs(9999999999999999999999);
abs(9999999999999999999999)
9999999999999999999999

#SQL[@11,N35]Result[28, 22]
select abs(-9999999999999999999999);
abs(-9999999999999999999999)
9999999999999999999999

#SQL[@12,N16]Error[16]
select abs(10/0);
division by zero

#SQL[@15,N68]Error[47]
select abs(cast(-2 as unsigned)), abs(18446744073709551614), abs(-2);
data out of range: data type uint64, value '-2'

#SQL[@18,N43]Result[]
CREATE TABLE t(u TINYINT UNSIGNED NOT NULL);

#SQL[@19,N36]Result[]
INSERT INTO t VALUES (0), (3), (255);

#SQL[@20,N34]Error[47]
SELECT * FROM t WHERE ABS(u=256)=0;
invalid argument function abs, bad value [BOOL]

#SQL[@21,N12]Result[]
DROP TABLE t;

#SQL[@24,N36]Result[]
create table t1(a int, b int, c int);

#SQL[@25,N60]Result[]
insert into t1 values(100,1,2),(200,1,1),(300,2,1),(400,2,2);

#SQL[@26,N41]Error[86]
select distinct b from t1 order by abs(b);
SQL syntax error: for SELECT DISTINCT, ORDER BY expressions must appear in select list

#SQL[@27,N46]Error[86]
select distinct b as z from t1 order by abs(z);
SQL syntax error: for SELECT DISTINCT, ORDER BY expressions must appear in select list

#SQL[@28,N46]Result[1, 1, 1]
select distinct abs(b) as z from t1 order by z;
z
1
2

#SQL[@29,N51]Result[1, 1, 1]
select distinct abs(b) as z from t1 order by abs(b);
z
1
2

#SQL[@30,N46]Result[6, 1, 1]
select distinct abs(b) from t1 order by abs(b);
abs(b)
1
2

#SQL[@31,N13]Result[]
drop table t1;

#SQL[@34,N51]Result[]
CREATE TABLE t1(c0 INTEGER, c1 INTEGER, c2 INTEGER);

#SQL[@35,N41]Result[]
INSERT INTO t1 VALUES(1, 1, 1), (1, 1, 1);

#SQL[@36,N81]Result[70, 11]
SELECT CASE any_value(c1) WHEN any_value(c1) + 1 THEN 1 END, ABS(AVG(c0)) FROM t1;
case any_value(c1) when any_value(c1) + 1 then 1 end  ¦  ABS(AVG(c0))
null  ¦  1

#SQL[@37,N13]Result[]
DROP TABLE t1;

#SQL[@38,N21]Result[]
CREATE TABLE t(i INT);

#SQL[@39,N33]Result[]
INSERT INTO t VALUES (-1),(2),(1);

#SQL[@44,N12]Result[]
DROP TABLE t;

#SQL[@50,N51]Result[]
CREATE TABLE t1(c0 INTEGER, c1 INTEGER, c2 INTEGER);

#SQL[@51,N51]Result[]
CREATE TABLE t2(c0 INTEGER, c1 INTEGER, c2 INTEGER);

#SQL[@52,N66]Result[]
INSERT INTO t1 select abs(-341.741), abs(-234141113), abs(-141241);

#SQL[@53,N62]Result[]
INSERT INTO t2 select abs(-341.5612), abs(-23413), abs(-14141);

#SQL[@54,N16]Result[18, 30]
select * from t1;
c0  ¦  c1  ¦  c2
342  ¦  234141113  ¦  141241

#SQL[@55,N16]Result[18, 25]
select * from t2;
c0  ¦  c1  ¦  c2
342  ¦  23413  ¦  14141

#SQL[@57,N84]Error[105]
SELECT t1.c0, t2.c0 from t1 join t2 on abs(t1.c0) = abs(t2.c0) having abs(t1.c0)>100;
SQL syntax error: column \"t1.c0\" must appear in the GROUP BY clause or be used in an aggregate function

#SQL[@59,N13]Result[]
drop table t1;

#SQL[@60,N13]Result[]
drop table t2;

#SQL[@66,N23]Result[18, 3]
SELECT abs(10)-abs(-34);
abs(10) - abs(-34)
-24

#SQL[@67,N29]Result[24, 8]
SELECT abs(1241)*abs(-0.4141);
abs(1241) * abs(-0.4141)
513.8981

#SQL[@70,N26]Result[21, 5]
SELECT abs(-100)>abs(-102);
abs(-100) > abs(-102)
false

#SQL[@71,N26]Result[21, 5]
SELECT abs(-100)<>abs(100);
abs(-100) != abs(100)
false

