#SQL[@3,N23]Result[]
drop table if exists t1;

#SQL[@4,N50]Result[]
create table t1 (id int,d int,fl float,de decimal);

#SQL[@5,N41]Result[]
insert into t1 values(1,1,123.0213,1.001);

#SQL[@6,N39]Result[]
insert into t1 values(2,2,1.0213,1.001);

#SQL[@7,N39]Result[]
insert into t1 values(3,null,null,null);

#SQL[@8,N30]Result[]
insert into t1 values(4,0,0,0);

#SQL[@13,N30]Result[21, 78, 41, 14, 8]
select sinh(d),sinh(fl)from t1;
sinh(d)  ¦  sinh(fl)
1.1752011936438014  ¦  133795745037774560000000000000000000000000000000000000
3.626860407847019  ¦  1.2083378295843907
null  ¦  null
0  ¦  0

#SQL[@14,N30]Result[21, 42, 42, 14, 8]
select atan(d),atan(fl)from t1;
atan(d)  ¦  atan(fl)
0.7853981633974483  ¦  1.5626678322541752
1.1071487177940904  ¦  0.7959355256441749
null  ¦  null
0  ¦  0

#SQL[@15,N30]Error[34]
select acos(d),acos(fl)from t1;
invalid argument acos, bad value 2

#SQL[@17,N29]Error[33]
select cot(d),cot(fl) from t1;
invalid argument cot, bad value 0

#SQL[@18,N42]Result[19, 42, 43]
select cot(d),cot(fl) from t1 where d <> 0;
cot(d)  ¦  cot(fl)
0.6420926159343306  ¦  1.8340266997618755
-0.4576575543602858  ¦  0.6124124816462909

#SQL[@20,N29]Result[19, 41, 41, 14, 8]
select tan(d),tan(fl) from t1;
tan(d)  ¦  tan(fl)
1.557407724654902  ¦  0.5452483326059671
-2.185039863261519  ¦  1.632886379637126
null  ¦  null
0  ¦  0

#SQL[@21,N29]Result[19, 44, 42, 14, 8]
select sin(d),sin(fl) from t1;
sin(d)  ¦  sin(fl)
0.8414709848078965  ¦  -0.47871259002208294
0.9092974268256816  ¦  0.8527876556479776
null  ¦  null
0  ¦  0

#SQL[@26,N24]Result[]
drop table if exists abs;

#SQL[@27,N60]Result[]
create table abs(id int,d int,dl double,fl float,de decimal);

#SQL[@28,N50]Result[]
insert into abs values(1,-10,-10,-10.0321,-10.312);

#SQL[@29,N47]Result[]
insert into abs values(2,-2,-2,-2.0321,-2.3765);

#SQL[@30,N68]Result[]
insert into abs values(3,-10,-18446744073709551614,-10.0321,-10.312);

#SQL[@31,N74]Result[]
insert into abs values(4,-31232,-9223372036854775808,-1312.0321,-973.3072);

#SQL[@32,N59]Result[]
insert into abs values(1,-6,-432432.43,-8756.4321,-356.421);

#SQL[@33,N45]Result[]
insert into abs values(1,null,null,null,null);

#SQL[@38,N38]Result[32, 34, 31, 52, 54, 36, 24]
select abs(d),abs(dl),abs(fl) from abs;
abs(d)  ¦  abs(dl)  ¦  abs(fl)
10  ¦  10  ¦  10.032099723815918
2  ¦  2  ¦  2.032099962234497
10  ¦  18446744073709552000  ¦  10.032099723815918
31232  ¦  9223372036854776000  ¦  1312.0321044921875
6  ¦  432432.43  ¦  8756.431640625
null  ¦  null  ¦  null

#SQL[@39,N23]Result[10, 2, 1, 4, 2]
select abs(d)-2 from t1;
abs(d) - 2
-1
0
null
-2

#SQL[@40,N23]Result[10, 1, 1, 4, 1]
select abs(d)*2 from t1;
abs(d) * 2
2
4
null
0

#SQL[@41,N28]Result[15, 17, 17, 4, 1]
select abs(tan(d))*2 from t1;
abs(tan(d)) * 2
3.114815449309804
4.370079726523038
null
0

