#SQL[@10,N27]Result[]
CREATE TABLE t1 (s CHAR(8));

#SQL[@11,N30]Result[]
INSERT INTO t1 VALUES ('test');

#SQL[@12,N24]Result[9, 1]
SELECT LENGTH(s) FROM t1;
LENGTH(s)
4

#SQL[@13,N28]Result[]
CREATE TABLE t2 (s CHAR(10));

#SQL[@14,N36]Result[]
INSERT INTO t2 VALUES ('1234589002');

#SQL[@15,N24]Result[9, 2]
SELECT LENGTH(s) FROM t2;
LENGTH(s)
10

#SQL[@16,N13]Result[]
drop table t1;

#SQL[@17,N13]Result[]
drop table t2;

#SQL[@21,N84]Result[]
CREATE TABLE t1 (s char(8), b CHAR(100), c VARCHAR(255), d int, e float, f datetime);

#SQL[@22,N109]Result[]
INSERT INTO t1 VALUES ('test', "hhhhhhh", "12jknfjniosdjcoijcpowef", 1234, 0.14123123, "2012-02-08 12:03:23");

#SQL[@23,N79]Result[84, 39]
SELECT LENGTH(s), length(b), length(c), length(d), length(e), length(f) FROM t1;
LENGTH(s)  ¦  length(b)  ¦  length(c)  ¦  length(d)  ¦  length(e)  ¦  length(f)
4  ¦  7  ¦  23  ¦  4  ¦  10  ¦  19

#SQL[@24,N13]Result[]
DROP TABLE t1;

#SQL[@28,N45]Result[]
CREATE TABLE t1 (t1_fld1 int, b varchar(255));

#SQL[@29,N45]Result[]
CREATE TABLE t2 (t2_fld1 int, b varchar(255));

#SQL[@30,N45]Result[]
CREATE TABLE t3 (t3_fld1 int, b varchar(255));

#SQL[@31,N51]Result[]
INSERT INTO t1 select LENGTH(space(300)), "abcdefg";

#SQL[@32,N53]Result[]
INSERT INTO t1 select LENGTH(space(300)), "123124141";

#SQL[@33,N53]Error[69]
INSERT INTO t2 select LENGTH(space(65680)), "abcdefg";
invalid input: the space count is greater than max allowed value 8000

#SQL[@34,N53]Error[69]
INSERT INTO t2 select LENGTH(space(65680)), "1238193";
invalid input: the space count is greater than max allowed value 8000

#SQL[@35,N53]Error[69]
INSERT INTO t3 select LENGTH(space(65680)), "1238193";
invalid input: the space count is greater than max allowed value 8000

#SQL[@36,N57]Error[69]
INSERT INTO t3 select LENGTH(space(16777300)),"123124141";
invalid input: the space count is greater than max allowed value 8000

#SQL[@37,N55]Error[69]
INSERT INTO t3 select LENGTH(space(16777300)),"123asdq";
invalid input: the space count is greater than max allowed value 8000

#SQL[@38,N25]Result[14, 16, 18]
SELECT DISTINCT * from t1;
t1_fld1  ¦  b
300  ¦  abcdefg
300  ¦  123124141

#SQL[@39,N98]Result[]
SELECT t1.t1_fld1, t2.t2_fld1, t3.t3_fld1 FROM t1 JOIN t2 JOIN t3 ON (length(t1.b) = length(t2.b));

#SQL[@40,N13]Result[]
drop table t1;

#SQL[@41,N13]Result[]
drop table t2;

#SQL[@42,N13]Result[]
drop table t3;

#SQL[@45,N33]Result[24, 2]
select length('\n\t\r\b\0\_\%\\');
length(\n\t\r\b\0\_\%\\)
10

#SQL[@47,N23]Result[16, 1]
select length(12314124);
length(12314124)
8

#SQL[@48,N28]Result[21, 2]
select length(0.14123124124);
length(0.14123124124)
13

#SQL[@50,N39]Result[30, 2]
select length('1039214-#**$&#@*#(*($*');
length(1039214-#**$&#@*#(*($*)
22

#SQL[@51,N19]Result[12, 4]
select length(NULL);
length(null)
null

#SQL[@52,N23]Result[14, 1]
select length("中文");
length(中文)
6

#SQL[@58,N31]Result[]
CREATE TABLE t1 (a varchar(10));

#SQL[@59,N38]Result[]
INSERT INTO t1 VALUES ('abc'), ('xyz');

#SQL[@60,N74]Error[104]
SELECT a, CONCAT_WS(",",a,' ',a) AS c FROM t1
HAVING LENGTH(REVERSE(c)) >0;
SQL syntax error: column \"t1.a\" must appear in the GROUP BY clause or be used in an aggregate function

#SQL[@62,N13]Result[]
DROP TABLE t1;

#SQL[@65,N28]Result[1, 1]
select length(space(1)) as a;
a
1

#SQL[@66,N41]Error[69]
select length(space(1024*1024*1024)) as a;
invalid input: the space count is greater than max allowed value 8000

#SQL[@67,N36]Error[69]
select length(space(1024*1024)) as a;
invalid input: the space count is greater than max allowed value 8000

#SQL[@69,N41]Error[69]
select length(space(1024*1024*1024)) as a;
invalid input: the space count is greater than max allowed value 8000

#SQL[@72,N23]Result[]
drop table if exists t1;

#SQL[@73,N31]Result[]
create table t1(a INT,  b date);

#SQL[@74,N92]Result[]
insert into t1 values(1, "2012-10-12"),(2, "2004-04-24"),(3, "2008-12-04"),(4, "2012-03-23");

#SQL[@75,N36]Result[8, 17, 17, 17, 17]
select * from t1 where length(b)-8>0;
a  ¦  b
1  ¦  2012-10-12
2  ¦  2004-04-24
3  ¦  2008-12-04
4  ¦  2012-03-23

#SQL[@76,N13]Result[]
drop table t1;

#SQL[@79,N23]Result[]
DROP table if exists t1;

#SQL[@80,N24]Result[]
CREATE TABLE t1 (s BLOB);

#SQL[@81,N30]Result[]
INSERT INTO t1 VALUES ('test');

#SQL[@82,N24]Result[9, 1]
SELECT LENGTH(s) FROM t1;
LENGTH(s)
4

#SQL[@83,N24]Result[]
CREATE TABLE t2 (s BLOB);

#SQL[@84,N36]Result[]
INSERT INTO t2 VALUES ('1234589002');

#SQL[@85,N24]Result[9, 2]
SELECT LENGTH(s) FROM t2;
LENGTH(s)
10

#SQL[@86,N13]Result[]
drop table t1;

#SQL[@87,N13]Result[]
drop table t2;

