#SQL[@1,N39]Result[30, 19]
select timestamp('2039-01-20 01:00:00');
timestamp(2039-01-20 01:00:00)
2039-01-20 01:00:00

#SQL[@2,N39]Result[30, 19]
select timestamp('1968-01-20 01:00:00');
timestamp(1968-01-20 01:00:00)
1968-01-20 01:00:00

#SQL[@3,N39]Result[30, 19]
select timestamp('2038-02-10 01:00:00');
timestamp(2038-02-10 01:00:00)
2038-02-10 01:00:00

#SQL[@4,N39]Result[30, 19]
select timestamp('1969-11-20 01:00:00');
timestamp(1969-11-20 01:00:00)
1969-11-20 01:00:00

#SQL[@5,N39]Result[30, 19]
select timestamp('2038-01-20 01:00:00');
timestamp(2038-01-20 01:00:00)
2038-01-20 01:00:00

#SQL[@6,N39]Result[30, 19]
select timestamp('1969-12-30 01:00:00');
timestamp(1969-12-30 01:00:00)
1969-12-30 01:00:00

#SQL[@7,N39]Result[30, 19]
select timestamp('0001-12-30 01:00:00');
timestamp(0001-12-30 01:00:00)
0001-12-30 01:00:00

#SQL[@8,N39]Result[30, 19]
select timestamp('9999-12-30 01:00:00');
timestamp(9999-12-30 01:00:00)
9999-12-30 01:00:00

