#SQL[@7,N48]Result[29, 1]
select field('Bb', 'Aa', 'Bb', 'Cc', 'Dd', 'Ff');
field(Bb, Aa, Bb, Cc, Dd, Ff)
2

#SQL[@8,N48]Result[29, 1]
select field('Gg', 'Aa', 'Bb', 'Cc', 'Dd', 'Ff');
field(Gg, Aa, Bb, Cc, Dd, Ff)
0

#SQL[@9,N41]Result[25, 1]
select field('aa', 'AA', 'BB','Aa', 'aA');
field(aa, AA, BB, Aa, aA)
1

#SQL[@10,N39]Result[20, 1]
select field(' ', 'a', ' ', '\t', '\n');
field( , a,  , 	, 
)
2

#SQL[@11,N39]Result[22, 1]
select field('', ' ', NULL, '\r', '\n');
field(,  , null, , 
)
0

#SQL[@12,N32]Result[15, 1]
select field('', '', '\r', '\n');
field(, , , 
)
1

#SQL[@15,N31]Error[52]
select field(1, '1', 1, 'true');
strconv.ParseFloat: parsing \"true\": invalid syntax

#SQL[@18,N26]Result[21, 1]
select field(1, 1, 2, 3-2);
field(1, 1, 2, 3 - 2)
1

#SQL[@19,N26]Result[21, 1]
select field(1, 3-2, 2, 1);
field(1, 3 - 2, 2, 1)
1

#SQL[@20,N26]Result[19, 1]
select field(1, 1.0, 2, 1);
field(1, 1.0, 2, 1)
1

#SQL[@21,N31]Result[28, 1]
select field(1+1, 1, 2, 3, 1+1);
field(1 + 1, 1, 2, 3, 1 + 1)
2

#SQL[@23,N22]Result[]
drop table if exists t;

#SQL[@24,N54]Result[]
create table t(
    i int,
    f float,
    d double
);

#SQL[@29,N76]Result[]
insert into t() values (1, 1.1, 2.2), (2, 3.3, 4.4), (0, 0, 0), (0, null, 0);

#SQL[@30,N15]Result[15, 19, 19, 15, 18]
select * from t;
i  ¦  f  ¦  d
1  ¦  1.1  ¦  2.2
2  ¦  3.3  ¦  4.4
0  ¦  0  ¦  0
0  ¦  null  ¦  0

#SQL[@31,N31]Result[17, 1, 1, 1, 1]
select field(1, i, f, d) from t;
field(1, i, f, d)
1
0
0
0

#SQL[@32,N31]Result[17, 1, 1, 1, 1]
select field(i, 0, 1, 2) from t;
field(i, 0, 1, 2)
2
3
1
1

#SQL[@33,N37]Result[23, 1, 1, 1, 1]
select field(i, f, d, 0, 1, 2) from t;
field(i, f, d, 0, 1, 2)
4
5
1
2

#SQL[@34,N40]Result[26, 1, 1, 1, 1]
select field(null, f, d, 0, 1, 2) from t;
field(null, f, d, 0, 1, 2)
0
0
0
0

#SQL[@35,N39]Result[23, 1, 1, 1, 1]
select field('1', f, d, 0, 1, 2) from t;
field(1, f, d, 0, 1, 2)
4
4
4
4

#SQL[@36,N39]Result[25, 1, 1, 1, 1]
select field(3.3, f, d, 0, 1, 2) from t;
field(3.3, f, d, 0, 1, 2)
0
0
0
0

#SQL[@37,N37]Result[23, 1, 1, 1, 1]
select field(3, f, d, 0, 1, 2) from t;
field(3, f, d, 0, 1, 2)
0
0
0
0

#SQL[@39,N22]Result[]
drop table if exists t;

#SQL[@40,N54]Result[]
create table t(
    str1 char(20),
    str2 char(20)
);

#SQL[@44,N89]Result[]
insert into t values ('hello','world'), ('jaja','haha'), ('didi','dodo'), ('papa','gaga');

#SQL[@45,N31]Result[17, 1, 1, 1, 1]
select field(str1, str2) from t;
field(str1, str2)
0
0
0
0

#SQL[@46,N31]Result[17, 1, 1, 1, 1]
select field(str2, str1) from t;
field(str2, str1)
0
0
0
0

#SQL[@47,N37]Result[23, 1, 1, 1, 1]
select field(str2, str1, NULL) from t;
field(str2, str1, null)
0
0
0
0

#SQL[@49,N22]Result[]
drop table if exists t;

#SQL[@50,N104]Result[]
create table t(
    str1 varchar(50),
    str2 varchar(50),
    str3 varchar(50),
    str4 varchar(50)
);

#SQL[@56,N87]Result[]
insert into t values ('&*()&DJHKSY&F', 'JHKHJD21k..fdai', 'kl;ji*(', '86168907()*&*fd');

#SQL[@57,N102]Result[]
insert into t values ('&*()&DJHKSY&F', 'JHKHJD21k..fdaiJHKHJD21k..fdai', 'kl;ji*(', '86168907()*&*fd');

#SQL[@58,N43]Result[29, 1, 1]
select field(str1, str2, str3, str4) from t;
field(str1, str2, str3, str4)
0
0

#SQL[@59,N36]Result[20, 1, 1]
select field('1', str1, str2) from t;
field(1, str1, str2)
0
0

#SQL[@60,N48]Result[32, 1, 1]
select field('&*()&DJHKSY&F', str1, str2) from t;
field(&*()&DJHKSY&F, str1, str2)
1
1

#SQL[@61,N60]Result[44, 1, 1]
select field('&*()&DJHKSY&F', str1, str2, str3, str4) from t;
field(&*()&DJHKSY&F, str1, str2, str3, str4)
1
1

#SQL[@62,N47]Result[31, 1, 1]
select field('', str1, str2, str3, str4) from t;
field(, str1, str2, str3, str4)
0
0

#SQL[@64,N23]Result[]
drop table if exists t1;

#SQL[@65,N23]Result[]
drop table if exists t2;

#SQL[@66,N61]Result[]
create table t1(
    str1 varchar(50),
    str2 varchar(50)
);

#SQL[@70,N61]Result[]
create table t2(
    str1 varchar(50),
    str2 varchar(50)
);

#SQL[@74,N59]Result[]
insert into t1 values ('',' '), ('aa', 'Aa'), ('null',null);

#SQL[@75,N61]Result[]
insert into t2 values ('','\r'), ('aa', 'AA'), (null, 'null');

#SQL[@76,N67]Result[23, 1, 1]
select field(t1.str1, t2.str1) from t1 join t2 on t1.str1 = t2.str1;
field(t1.str1, t2.str1)
1
1

#SQL[@77,N67]Result[23, 1, 1]
select field(t1.str2, t2.str2) from t1 join t2 on t1.str1 = t2.str1;
field(t1.str2, t2.str2)
0
1

#SQL[@78,N72]Result[23, 1, 1, 1]
select field(t1.str1, t2.str1) from t1 left join t2 on t1.str1 = t2.str1;
field(t1.str1, t2.str1)
1
1
0

#SQL[@79,N73]Result[23, 1, 1, 1]
select field(t1.str1, t2.str1) from t1 right join t2 on t1.str1 = t2.str1;
field(t1.str1, t2.str1)
1
1
0

#SQL[@81,N23]Result[]
drop table if exists t1;

#SQL[@82,N23]Result[]
drop table if exists t2;

#SQL[@83,N79]Result[]
create table t1(
    str1 char(50),
    str2 char(50),
    primary key (str1)
);

#SQL[@88,N79]Result[]
create table t2(
    str1 char(50),
    str2 char(50),
    primary key (str1)
);

#SQL[@93,N59]Result[]
insert into t1 values ('',' '), ('aa', 'Aa'), ('null',NULL);

#SQL[@94,N59]Result[]
insert into t2 values ('','\r'), ('aa', 'AA'), ('null', '');

#SQL[@95,N73]Result[23, 1, 1, 1]
select field(t1.str1, t2.str1) from t1 inner join t2 on t1.str1 = t2.str1;
field(t1.str1, t2.str1)
1
1
1

#SQL[@96,N22]Result[13, 1]
select field(null, '');
field(null, )
0

#SQL[@99,N67]Result[23, 1, 1, 1]
select field(t1.str2, t2.str2) from t1 join t2 on t1.str1 = t2.str1;
field(t1.str2, t2.str2)
0
1
0

#SQL[@102,N23]Result[]
drop table if exists t1;

#SQL[@103,N23]Result[]
drop table if exists t2;

#SQL[@104,N76]Result[]
create table t1(
    i int,
    f float,
    d double,
    primary key (i)
);

#SQL[@110,N76]Result[]
create table t2(
    i int,
    f float,
    d double,
    primary key (i)
);

#SQL[@116,N65]Result[]
insert into t1 values (9999999, 999.999, 888.888), (0, 0.0, 0.00);

#SQL[@117,N60]Result[]
insert into t2 values (9999999, 999.999, 888.888), (0, 0, 0);

#SQL[@118,N61]Result[17, 1, 1]
select field(t1.i, t2.i) from t1 inner join t2 on t1.i = t2.i;
field(t1.i, t2.i)
1
1

#SQL[@119,N60]Result[17, 1, 1]
select field(t1.d, t2.d) from t1 left join t2 on t1.d = t2.d;
field(t1.d, t2.d)
1
1

#SQL[@120,N61]Result[17, 1, 1]
select field(t1.f, t2.f) from t1 right join t2 on t1.f = t2.f;
field(t1.f, t2.f)
1
1

#SQL[@121,N61]Result[17, 1, 1]
select field(t1.f, t2.d) from t1 right join t2 on t1.f = t2.f;
field(t1.f, t2.d)
0
1

#SQL[@122,N61]Result[17, 1, 1]
select field(t1.i, t2.f) from t1 right join t2 on t1.f = t2.f;
field(t1.i, t2.f)
0
1

#SQL[@124,N23]Result[]
drop table if exists t1;

#SQL[@125,N23]Result[]
drop table if exists t2;

#SQL[@126,N72]Result[]
create table t1(
    i double,
    f decimal(6,3),
    primary key (i)
);

#SQL[@131,N72]Result[]
create table t2(
    i double,
    f decimal(6,3),
    primary key (i)
);

#SQL[@136,N65]Result[]
insert into t1 values (0.01, 0.001), (0.0, -1), (-0.000000001, 1);

#SQL[@137,N65]Result[]
insert into t2 values (0.01, 0.01), (-1.0, -1), (0.000000001, -1);

#SQL[@138,N61]Result[17, 1]
select field(t1.i, t2.i) from t1 inner join t2 on t1.i = t2.i;
field(t1.i, t2.i)
1

#SQL[@139,N73]Result[31, 23, 23, 23]
select t2.f, t1.f, field(t2.f, t1.f) from t1 right join t2 on t1.i = t2.i;
f  ¦  f  ¦  field(t2.f, t1.f)
0.010  ¦  0.001  ¦  0
-1.000  ¦  null  ¦  0
-1.000  ¦  null  ¦  0

#SQL[@142,N72]Result[31, 22, 18, 29]
select t1.i, t2.f, field(t1.i, t2.f) from t1 left join t2 on t1.i = t2.i;
i  ¦  f  ¦  field(t1.i, t2.f)
0.01  ¦  0.010  ¦  1
0  ¦  null  ¦  0
-0.000000001  ¦  null  ¦  0

