#SQL[@2,N33]Result[31, 9]
select ceiling(5.5),ceiling(-5.5);
ceiling(5.5)  ¦  ceiling(-5.5)
6  ¦  -5

#SQL[@3,N80]Error[47]
select ceiling(cast(-2 as unsigned)), ceiling(18446744073709551614), ceiling(-2);
data out of range: data type uint64, value '-2'

#SQL[@4,N21]Result[14, 6]
select ceiling(1.1e5);
ceiling(1.1e5)
110000

#SQL[@14,N24]Result[]
create table t(a double);

#SQL[@15,N52]Result[]
insert into t select (CEILING(18446744073709551615));

#SQL[@16,N50]Result[]
insert into t select (FLOOR(18446744073709551615));

#SQL[@17,N15]Result[1, 20, 20]
select * from t;
a
18446744073709552000
18446744073709552000

#SQL[@18,N12]Result[]
drop table t;

#SQL[@23,N31]Result[]
create table t(a decimal(19,0));

#SQL[@24,N75]Result[]
insert into t select (CEILING(CAST(1844674407370955161 AS DECIMAL(19, 0))));

#SQL[@25,N73]Result[]
insert into t select (FLOOR(CAST(1844674407370955161 AS DECIMAL(19, 0))));

#SQL[@26,N15]Result[1, 19, 19]
SELECT * FROM t;
a
1844674407370955161
1844674407370955161

#SQL[@27,N12]Result[]
DROP TABLE t;

#SQL[@28,N31]Result[]
create table t(a decimal(19,0));

#SQL[@29,N76]Result[]
insert into t select (CEILING(CAST(-9223372036854775808 AS DECIMAL(19, 0))));

#SQL[@30,N74]Result[]
insert into t select (FLOOR(CAST(-9223372036854775808 AS DECIMAL(19, 0))));

#SQL[@31,N15]Result[1, 20, 20]
SELECT * FROM t;
a
-9223372036854775808
-9223372036854775808

#SQL[@32,N12]Result[]
DROP TABLE t;

#SQL[@33,N31]Result[]
create table t(a decimal(18,0));

#SQL[@34,N74]Result[]
insert into t select (CEILING(CAST(184467440737095516 AS DECIMAL(18, 0))));

#SQL[@35,N72]Result[]
insert into t select (FLOOR(CAST(184467440737095516 AS DECIMAL(18, 0))));

#SQL[@36,N15]Result[1, 18, 18]
SELECT * FROM t;
a
184467440737095516
184467440737095516

#SQL[@37,N12]Result[]
DROP TABLE t;

#SQL[@38,N31]Result[]
create table t(a decimal(18,0));

#SQL[@39,N75]Result[]
insert into t select (CEILING(CAST(-922337203685477580 AS DECIMAL(18, 0))));

#SQL[@40,N73]Result[]
insert into t select (FLOOR(CAST(-922337203685477580 AS DECIMAL(18, 0))));

#SQL[@41,N15]Result[1, 19, 19]
SELECT * FROM t;
a
-922337203685477580
-922337203685477580

#SQL[@42,N12]Result[]
DROP TABLE t;

#SQL[@56,N31]Result[]
CREATE table t1(a int, b float);

#SQL[@57,N60]Result[]
insert into t1 select ceiling(12124.413), ceiling(-4213.413);

#SQL[@58,N61]Result[]
insert into t1 select ceiling(12124.123), ceiling(-42413.409);

#SQL[@59,N34]Result[10, 5]
select distinct ceiling(a) from t1;
ceiling(a)
12125

#SQL[@60,N13]Result[]
drop table t1;

#SQL[@63,N20]Result[13, 4]
select ceiling(null);
ceiling(null)
null

#SQL[@66,N32]Result[27, 1]
select ceil(123.34)-ceil(123.03);
ceil(123.34) - ceil(123.03)
0

#SQL[@69,N23]Result[]
drop table if exists t1;

#SQL[@70,N32]Result[]
create table t1(a INT,  b float);

#SQL[@71,N60]Result[]
insert into t1 select ceiling(12124.413), ceiling(-4213.413);

#SQL[@72,N61]Result[]
insert into t1 select ceiling(12124.123), ceiling(-42413.409);

#SQL[@73,N39]Result[8, 16, 17]
select * from t1 where ceiling(a)=12125;
a  ¦  b
12125  ¦  -4213
12125  ¦  -42413

#SQL[@74,N13]Result[]
drop table t1;

#SQL[@78,N23]Result[]
drop table if exists t1;

#SQL[@79,N23]Result[]
drop table if exists t2;

#SQL[@80,N32]Result[]
create table t1(a INT,  b float);

#SQL[@81,N32]Result[]
create table t2(a INT,  b float);

#SQL[@82,N60]Result[]
insert into t1 select ceiling(12124.413), ceiling(-4213.413);

#SQL[@83,N61]Result[]
insert into t1 select ceiling(12124.123), ceiling(-42413.409);

#SQL[@84,N60]Result[]
insert into t2 select ceiling(14124.413), ceiling(-4213.413);

#SQL[@85,N60]Result[]
insert into t2 select ceiling(984798.123), ceiling(-980.409);

#SQL[@86,N68]Result[8, 16]
SELECT t1.a, t2.a FROM t1 JOIN t2 ON (ceiling(t1.b) = ceiling(t2.b));
a  ¦  a
12125  ¦  14125

#SQL[@87,N13]Result[]
drop table t1;

#SQL[@88,N13]Result[]
drop table t2;

#SQL[@92,N23]Result[]
drop table if exists t1;

#SQL[@93,N32]Result[]
create table t1(a INT,  b float);

#SQL[@94,N60]Result[]
insert into t1 select ceiling(14124.413), ceiling(-4213.413);

#SQL[@95,N60]Result[]
insert into t1 select ceiling(984798.123), ceiling(-980.409);

#SQL[@96,N48]Result[1, 5]
select b from t1 group by b having ceil(b)<-1000;
b
-4213

#SQL[@97,N13]Result[]
drop table t1;

#SQL[@100,N23]Result[16, 5]
select ceil(123.342, 1);
ceil(123.342, 1)
123.4

#SQL[@101,N23]Result[16, 3]
select ceil(123.45, -1);
ceil(123.45, -1)
130

#SQL[@102,N34]Result[27, 16]
select ceil(123.342124124214, 100);
ceil(123.342124124214, 100)
123.342124124214

#SQL[@103,N36]Error[67]
select ceil(-123.342124124214, -100);
data out of range: data type decimal64, ceil(decimal64(18,12),-100)

#SQL[@104,N26]Error[69]
select ceil(123.342, null);
invalid argument the second argument of the ceil, bad value not const

#SQL[@105,N20]Result[13, 4]
select ceil(null, 1);
ceil(null, 1)
null

#SQL[@106,N23]Error[69]
select ceil(null, null);
invalid argument the second argument of the ceil, bad value not const

#SQL[@108,N20]Result[14, 4]
select ceil(1.001,2);
ceil(1.001, 2)
1.01

#SQL[@109,N23]Result[17, 4]
select ceiling(1.001,2);
ceiling(1.001, 2)
1.01

#SQL[@111,N23]Result[]
drop table if exists t1;

#SQL[@112,N39]Result[]
create table t1(a int ,b decimal(10,5));

#SQL[@113,N28]Result[]
insert into t1 values(1,0.5);

#SQL[@114,N30]Result[]
insert into t1 values(2,0.499);

#SQL[@115,N30]Result[]
insert into t1 values(3,0.501);

#SQL[@116,N29]Result[]
insert into t1 values(4,20.5);

#SQL[@117,N31]Result[]
insert into t1 values(5,20.499);

#SQL[@118,N31]Result[]
insert into t1 values(6,13.500);

#SQL[@119,N31]Result[]
insert into t1 values(7,-0.500);

#SQL[@120,N31]Result[]
insert into t1 values(8,-0.499);

#SQL[@121,N31]Result[]
insert into t1 values(9,-0.501);

#SQL[@122,N33]Result[]
insert into t1 values(10,-20.499);

#SQL[@123,N33]Result[]
insert into t1 values(11,-20.500);

#SQL[@124,N33]Result[]
insert into t1 values(12,-13.500);

#SQL[@125,N36]Result[]
insert into t1 values (13, 20.89123);

#SQL[@126,N36]Result[]
insert into t1 values (14, 23.40123);

#SQL[@127,N37]Result[]
insert into t1 values (15, 123.45678);

#SQL[@128,N30]Result[24, 24, 24, 24, 26, 26, 26, 26, 26, 26, 29, 29, 29, 27, 27, 29]
select a, b, ceil(b,2) from t1;
a  ¦  b  ¦  ceil(b, 2)
1  ¦  0.50000  ¦  0.50
2  ¦  0.49900  ¦  0.50
3  ¦  0.50100  ¦  0.51
4  ¦  20.50000  ¦  20.50
5  ¦  20.49900  ¦  20.50
6  ¦  13.50000  ¦  13.50
7  ¦  -0.50000  ¦  -0.50
8  ¦  -0.49900  ¦  -0.49
9  ¦  -0.50100  ¦  -0.50
10  ¦  -20.49900  ¦  -20.49
11  ¦  -20.50000  ¦  -20.50
12  ¦  -13.50000  ¦  -13.50
13  ¦  20.89123  ¦  20.90
14  ¦  23.40123  ¦  23.41
15  ¦  123.45678  ¦  123.46

#SQL[@129,N33]Result[27, 24, 24, 24, 26, 26, 26, 26, 26, 26, 29, 29, 29, 27, 27, 29]
select a, b, ceiling(b,2) from t1;
a  ¦  b  ¦  ceiling(b, 2)
1  ¦  0.50000  ¦  0.50
2  ¦  0.49900  ¦  0.50
3  ¦  0.50100  ¦  0.51
4  ¦  20.50000  ¦  20.50
5  ¦  20.49900  ¦  20.50
6  ¦  13.50000  ¦  13.50
7  ¦  -0.50000  ¦  -0.50
8  ¦  -0.49900  ¦  -0.49
9  ¦  -0.50100  ¦  -0.50
10  ¦  -20.49900  ¦  -20.49
11  ¦  -20.50000  ¦  -20.50
12  ¦  -13.50000  ¦  -13.50
13  ¦  20.89123  ¦  20.90
14  ¦  23.40123  ¦  23.41
15  ¦  123.45678  ¦  123.46

