#SQL[@2,N50]Result[43, 10]
SELECT CAST('2006-09-26' AS DATE) + INTERVAL 1 DAY;
cast(2006-09-26 as date) + INTERVAL(1, day)
2006-09-27

#SQL[@3,N52]Result[45, 10]
SELECT CAST('2006-09-26' AS DATE) + INTERVAL 1 MONTH;
cast(2006-09-26 as date) + INTERVAL(1, month)
2006-10-26

#SQL[@4,N51]Result[44, 10]
SELECT CAST('2006-09-26' AS DATE) + INTERVAL 1 YEAR;
cast(2006-09-26 as date) + INTERVAL(1, year)
2007-09-26

#SQL[@5,N51]Result[44, 10]
SELECT CAST('2006-09-26' AS DATE) + INTERVAL 1 WEEK;
cast(2006-09-26 as date) + INTERVAL(1, week)
2006-10-03

#SQL[@9,N38]Result[]
create table t1 (a int, b varchar(10));

#SQL[@10,N57]Result[]
insert into t1 values (1, '2001-01-01'),(2, '2002-02-02');

#SQL[@11,N44]Result[29, 26, 26]
select '2007-01-01' + interval a day from t1;
2007-01-01 + interval(a, day)
2007-01-02 00:00:00.000000
2007-01-03 00:00:00.000000

#SQL[@12,N33]Result[20, 26, 26]
select b + interval a day from t1;
b + interval(a, day)
2001-01-02 00:00:00.000000
2002-02-04 00:00:00.000000

#SQL[@13,N13]Result[]
drop table t1;

#SQL[@18,N48]Result[43, 10]
SELECT ADDDATE(DATE'2021-01-01', INTERVAL 1 DAY);
ADDDATE(DATE(2021-01-01), INTERVAL(1, day))
2021-01-02

#SQL[@19,N49]Result[44, 19]
SELECT ADDDATE(DATE'2021-01-01', INTERVAL 1 HOUR);
ADDDATE(DATE(2021-01-01), INTERVAL(1, hour))
2021-01-01 01:00:00

#SQL[@20,N62]Result[57, 19]
SELECT ADDDATE(TIMESTAMP'2021-01-01 00:00:00', INTERVAL 1 DAY);
ADDDATE(TIMESTAMP(2021-01-01 00:00:00), INTERVAL(1, day))
2021-01-02 00:00:00

#SQL[@21,N63]Result[58, 19]
SELECT ADDDATE(TIMESTAMP'2021-01-01 00:00:00', INTERVAL 1 HOUR);
ADDDATE(TIMESTAMP(2021-01-01 00:00:00), INTERVAL(1, hour))
2021-01-01 01:00:00

#SQL[@22,N140]Result[25, 42]
SELECT '2021-01-01 00:00:00' + INTERVAL '1' DAY AS is_tomorrow, DATE(ts)
FROM (SELECT ADDDATE(DATE'2000-01-01', INTERVAL 1 DAY) AS ts) AS dt;
is_tomorrow  ¦  DATE(ts)
2021-01-02 00:00:00.000000  ¦  2000-01-02

#SQL[@25,N59]Result[54, 19]
SELECT ADDDATE(TIMESTAMP'2023-01-01 00:00', INTERVAL 1 DAY);
ADDDATE(TIMESTAMP(2023-01-01 00:00), INTERVAL(1, day))
2023-01-02 00:00:00

#SQL[@26,N60]Result[55, 19]
SELECT ADDDATE(TIMESTAMP'2023-01-01 00:00', INTERVAL 1 HOUR);
ADDDATE(TIMESTAMP(2023-01-01 00:00), INTERVAL(1, hour))
2023-01-01 01:00:00

#SQL[@28,N47]Result[42, 8]
SELECT ADDDATE(TIME'00:00:00', INTERVAL 1 HOUR);
ADDDATE(TIME(00:00:00), INTERVAL(1, hour))
01:00:00

#SQL[@29,N44]Result[37, 26]
SELECT ADDDATE('2021-01-01', INTERVAL 1 DAY);
ADDDATE(2021-01-01, INTERVAL(1, day))
2021-01-02 00:00:00.000000

#SQL[@30,N45]Result[38, 26]
SELECT ADDDATE('2021-01-01', INTERVAL 1 HOUR);
ADDDATE(2021-01-01, INTERVAL(1, hour))
2021-01-01 01:00:00.000000

#SQL[@31,N53]Result[46, 26]
SELECT ADDDATE('2021-01-01 00:00:00', INTERVAL 1 DAY);
ADDDATE(2021-01-01 00:00:00, INTERVAL(1, day))
2021-01-02 00:00:00.000000

#SQL[@32,N54]Result[47, 26]
SELECT ADDDATE('2021-01-01 00:00:00', INTERVAL 1 HOUR);
ADDDATE(2021-01-01 00:00:00, INTERVAL(1, hour))
2021-01-01 01:00:00.000000

#SQL[@33,N42]Error[46]
SELECT ADDDATE('00:00:00', INTERVAL 1 DAY);
invalid input: invalid datetime value 00:00:00

#SQL[@34,N43]Error[46]
SELECT ADDDATE('00:00:00', INTERVAL 1 HOUR);
invalid input: invalid datetime value 00:00:00

#SQL[@36,N56]Result[50, 26]
select date_add("1997-12-31 23:59:59",INTERVAL 1 SECOND);
date_add(1997-12-31 23:59:59, INTERVAL(1, second))
1998-01-01 00:00:00.000000

#SQL[@37,N56]Result[50, 26]
select date_add("1997-12-31 23:59:59",INTERVAL 1 MINUTE);
date_add(1997-12-31 23:59:59, INTERVAL(1, minute))
1998-01-01 00:00:59.000000

#SQL[@38,N54]Result[48, 26]
select date_add("1997-12-31 23:59:59",INTERVAL 1 HOUR);
date_add(1997-12-31 23:59:59, INTERVAL(1, hour))
1998-01-01 00:59:59.000000

#SQL[@39,N53]Result[47, 26]
select date_add("1997-12-31 23:59:59",INTERVAL 1 DAY);
date_add(1997-12-31 23:59:59, INTERVAL(1, day))
1998-01-01 23:59:59.000000

#SQL[@40,N55]Result[49, 26]
select date_add("1997-12-31 23:59:59",INTERVAL 1 MONTH);
date_add(1997-12-31 23:59:59, INTERVAL(1, month))
1998-01-31 23:59:59.000000

#SQL[@41,N54]Result[48, 26]
select date_add("1997-12-31 23:59:59",INTERVAL 1 YEAR);
date_add(1997-12-31 23:59:59, INTERVAL(1, year))
1998-12-31 23:59:59.000000

#SQL[@42,N67]Result[59, 26]
select date_add("1997-12-31 23:59:59",INTERVAL "1:1" MINUTE_SECOND);
date_add(1997-12-31 23:59:59, INTERVAL(1:1, minute_second))
1998-01-01 00:01:00.000000

#SQL[@43,N65]Result[57, 26]
select date_add("1997-12-31 23:59:59",INTERVAL "1:1" HOUR_MINUTE);
date_add(1997-12-31 23:59:59, INTERVAL(1:1, hour_minute))
1998-01-01 01:00:59.000000

#SQL[@44,N62]Result[54, 26]
select date_add("1997-12-31 23:59:59",INTERVAL "1:1" DAY_HOUR);
date_add(1997-12-31 23:59:59, INTERVAL(1:1, day_hour))
1998-01-02 00:59:59.000000

#SQL[@45,N64]Result[56, 26]
select date_add("1997-12-31 23:59:59",INTERVAL "1 1" YEAR_MONTH);
date_add(1997-12-31 23:59:59, INTERVAL(1 1, year_month))
1999-01-31 23:59:59.000000

#SQL[@46,N67]Result[59, 26]
select date_add("1997-12-31 23:59:59",INTERVAL "1:1:1" HOUR_SECOND);
date_add(1997-12-31 23:59:59, INTERVAL(1:1:1, hour_second))
1998-01-01 01:01:00.000000

#SQL[@47,N66]Result[58, 26]
select date_add("1997-12-31 23:59:59",INTERVAL "1 1:1" DAY_MINUTE);
date_add(1997-12-31 23:59:59, INTERVAL(1 1:1, day_minute))
1998-01-02 01:00:59.000000

#SQL[@48,N68]Result[60, 26]
select date_add("1997-12-31 23:59:59",INTERVAL "1 1:1:1" DAY_SECOND);
date_add(1997-12-31 23:59:59, INTERVAL(1 1:1:1, day_second))
1998-01-02 01:01:00.000000

#SQL[@49,N61]Result[55, 26]
select date_add("1997-12-31 23:59:59",INTERVAL 100000 SECOND);
date_add(1997-12-31 23:59:59, INTERVAL(100000, second))
1998-01-02 03:46:39.000000

#SQL[@50,N62]Result[56, 26]
select date_add("1997-12-31 23:59:59",INTERVAL -100000 MINUTE);
date_add(1997-12-31 23:59:59, INTERVAL(-100000, minute))
1997-10-23 13:19:59.000000

#SQL[@51,N59]Result[53, 26]
select date_add("1997-12-31 23:59:59",INTERVAL 100000 HOUR);
date_add(1997-12-31 23:59:59, INTERVAL(100000, hour))
2009-05-29 15:59:59.000000

#SQL[@52,N59]Result[53, 26]
select date_add("1997-12-31 23:59:59",INTERVAL -100000 DAY);
date_add(1997-12-31 23:59:59, INTERVAL(-100000, day))
1724-03-17 23:59:59.000000

#SQL[@53,N60]Error[39]
select date_add("1997-12-31 23:59:59",INTERVAL 100000 MONTH);
data out of range: data type datetime, 

#SQL[@54,N60]Error[39]
select date_add("1997-12-31 23:59:59",INTERVAL -100000 YEAR);
data out of range: data type datetime, 

#SQL[@55,N71]Result[63, 26]
select date_add("1997-12-31 23:59:59",INTERVAL "10000:1" MINUTE_SECOND);
date_add(1997-12-31 23:59:59, INTERVAL(10000:1, minute_second))
1998-01-07 22:40:00.000000

#SQL[@58,N70]Result[62, 26]
select date_add("1997-12-31 23:59:59",INTERVAL "-10000:1" HOUR_MINUTE);
date_add(1997-12-31 23:59:59, INTERVAL(-10000:1, hour_minute))
1996-11-10 07:58:59.000000

#SQL[@61,N66]Result[58, 26]
select date_add("1997-12-31 23:59:59",INTERVAL "10000:1" DAY_HOUR);
date_add(1997-12-31 23:59:59, INTERVAL(10000:1, day_hour))
2025-05-19 00:59:59.000000

#SQL[@63,N67]Result[59, 26]
select date_add("1997-12-31 23:59:59",INTERVAL "-100 1" YEAR_MONTH);
date_add(1997-12-31 23:59:59, INTERVAL(-100 1, year_month))
1897-11-30 23:59:59.000000

#SQL[@66,N73]Result[65, 26]
select date_add("1997-12-31 23:59:59",INTERVAL "10000:99:99" HOUR_SECOND);
date_add(1997-12-31 23:59:59, INTERVAL(10000:99:99, hour_second))
1999-02-21 17:40:38.000000

#SQL[@69,N74]Result[66, 26]
select date_add("1997-12-31 23:59:59",INTERVAL " -10000 99:99" DAY_MINUTE);
date_add(1997-12-31 23:59:59, INTERVAL( -10000 99:99, day_minute))
1970-08-11 19:20:59.000000

#SQL[@72,N75]Result[67, 26]
select date_add("1997-12-31 23:59:59",INTERVAL "10000 99:99:99" DAY_SECOND);
date_add(1997-12-31 23:59:59, INTERVAL(10000 99:99:99, day_second))
2025-05-23 04:40:38.000000

#SQL[@73,N47]Result[41, 26]
select date_add("1997-12-31",INTERVAL 1 SECOND);
date_add(1997-12-31, INTERVAL(1, second))
1997-12-31 00:00:01.000000

#SQL[@74,N44]Result[38, 26]
select date_add("1997-12-31",INTERVAL 1 DAY);
date_add(1997-12-31, INTERVAL(1, day))
1998-01-01 00:00:00.000000

#SQL[@75,N44]Result[40, 4]
select date_add(NULL,INTERVAL 100000 SECOND);
date_add(null, INTERVAL(100000, second))
null

#SQL[@76,N59]Result[53, 4]
select date_add("1997-12-31 23:59:59",INTERVAL NULL SECOND);
date_add(1997-12-31 23:59:59, INTERVAL(null, second))
null

#SQL[@77,N66]Result[60, 4]
select date_add("1997-12-31 23:59:59",INTERVAL NULL MINUTE_SECOND);
date_add(1997-12-31 23:59:59, INTERVAL(null, minute_second))
null

#SQL[@78,N56]Error[39]
select date_add("9999-12-31 23:59:59",INTERVAL 1 SECOND);
data out of range: data type datetime, 

#SQL[@79,N46]Result[40, 26]
select date_add('1998-01-30',Interval 1 month);
date_add(1998-01-30, Interval(1, month))
1998-02-28 00:00:00.000000

#SQL[@80,N55]Result[47, 26]
select date_add('1998-01-30',Interval '2:1' year_month);
date_add(1998-01-30, Interval(2:1, year_month))
2000-02-29 00:00:00.000000

#SQL[@81,N47]Result[39, 26]
select date_add('1996-02-29',Interval '1' year);
date_add(1996-02-29, Interval(1, year))
1997-02-28 00:00:00.000000

#SQL[@82,N47]Result[41, 26]
select date_add("1997-12-31",INTERVAL 1 SECOND);
date_add(1997-12-31, INTERVAL(1, second))
1997-12-31 00:00:01.000000

#SQL[@83,N55]Result[47, 26]
select date_add("1997-12-31",INTERVAL "1 1" YEAR_MONTH);
date_add(1997-12-31, INTERVAL(1 1, year_month))
1999-01-31 00:00:00.000000

#SQL[@91,N74]Result[63, 2]
SELECT extract(week from DATE_ADD('2020-12-30 23:59:00', INTERVAL 1 year));
extract(week, DATE_ADD(2020-12-30 23:59:00, INTERVAL(1, year)))
52

#SQL[@95,N67]Result[]
CREATE TABLE t1 (datetime datetime, timestamp timestamp, date date);

#SQL[@96,N82]Result[]
INSERT INTO t1 values ("2001-01-02 03:04:05", "2002-01-02 03:04:05", "2003-01-02");

#SQL[@97,N52]Result[39, 19]
select date_add(datetime, INTERVAL 1 SECOND) from t1;
date_add(datetime, INTERVAL(1, second))
2001-01-02 03:04:06

#SQL[@98,N50]Result[37, 19]
select date_add(datetime, INTERVAL 1 YEAR) from t1;
date_add(datetime, INTERVAL(1, year))
2002-01-02 03:04:05

#SQL[@99,N47]Result[35, 19]
select date_add(date,INTERVAL 1 SECOND) from t1;
date_add(date, INTERVAL(1, second))
2003-01-02 00:00:01

#SQL[@100,N47]Result[35, 19]
select date_add(date,INTERVAL 1 MINUTE) from t1;
date_add(date, INTERVAL(1, minute))
2003-01-02 00:01:00

#SQL[@101,N45]Result[33, 19]
select date_add(date,INTERVAL 1 HOUR) from t1;
date_add(date, INTERVAL(1, hour))
2003-01-02 01:00:00

#SQL[@102,N44]Result[32, 10]
select date_add(date,INTERVAL 1 DAY) from t1;
date_add(date, INTERVAL(1, day))
2003-01-03

#SQL[@103,N46]Result[34, 10]
select date_add(date,INTERVAL 1 MONTH) from t1;
date_add(date, INTERVAL(1, month))
2003-02-02

#SQL[@104,N45]Result[33, 10]
select date_add(date,INTERVAL 1 YEAR) from t1;
date_add(date, INTERVAL(1, year))
2004-01-02

#SQL[@105,N58]Result[44, 19]
select date_add(date,INTERVAL "1:1" MINUTE_SECOND) from t1;
date_add(date, INTERVAL(1:1, minute_second))
2003-01-02 00:01:01

#SQL[@106,N56]Result[42, 19]
select date_add(date,INTERVAL "1:1" HOUR_MINUTE) from t1;
date_add(date, INTERVAL(1:1, hour_minute))
2003-01-02 01:01:00

#SQL[@107,N53]Result[39, 19]
select date_add(date,INTERVAL "1:1" DAY_HOUR) from t1;
date_add(date, INTERVAL(1:1, day_hour))
2003-01-03 01:00:00

#SQL[@108,N55]Result[41, 10]
select date_add(date,INTERVAL "1 1" YEAR_MONTH) from t1;
date_add(date, INTERVAL(1 1, year_month))
2004-02-02

#SQL[@109,N58]Result[44, 19]
select date_add(date,INTERVAL "1:1:1" HOUR_SECOND) from t1;
date_add(date, INTERVAL(1:1:1, hour_second))
2003-01-02 01:01:01

#SQL[@110,N57]Result[43, 19]
select date_add(date,INTERVAL "1 1:1" DAY_MINUTE) from t1;
date_add(date, INTERVAL(1 1:1, day_minute))
2003-01-03 01:01:00

#SQL[@111,N59]Result[45, 19]
select date_add(date,INTERVAL "1 1:1:1" DAY_SECOND) from t1;
date_add(date, INTERVAL(1 1:1:1, day_second))
2003-01-03 01:01:01

#SQL[@112,N47]Result[33, 10]
select date_add(date,INTERVAL "1" WEEK) from t1;
date_add(date, INTERVAL(1, week))
2003-01-09

#SQL[@113,N50]Result[36, 10]
select date_add(date,INTERVAL "1" QUARTER) from t1;
date_add(date, INTERVAL(1, quarter))
2003-04-02

#SQL[@114,N13]Result[]
drop table t1;

#SQL[@125,N49]Result[42, 26]
select DATE_ADD('20071108181000', INTERVAL 1 DAY);
DATE_ADD(20071108181000, INTERVAL(1, day))
2007-11-09 18:10:00.000000

#SQL[@128,N49]Result[42, 26]
select DATE_ADD(20071108181000,   INTERVAL 1 DAY);
DATE_ADD(20071108181000, INTERVAL(1, day))
2007-11-09 18:10:00.000000

#SQL[@130,N49]Result[36, 26]
select DATE_ADD('20071108',       INTERVAL 1 DAY);
DATE_ADD(20071108, INTERVAL(1, day))
2007-11-09 00:00:00.000000

#SQL[@133,N49]Result[36, 26]
select DATE_ADD(20071108,         INTERVAL 1 DAY);
DATE_ADD(20071108, INTERVAL(1, day))
2007-11-09 00:00:00.000000

#SQL[@135,N80]Result[71, 26]
select date_add('1000-01-01 00:00:00', interval '1.03:02:01.05' day_microsecond);
date_add(1000-01-01 00:00:00, interval(1.03:02:01.05, day_microsecond))
1000-01-02 03:02:01.050000

#SQL[@138,N71]Error[56]
select date_add('1000-01-01 00:00:00', interval '1.02' day_microsecond);
internal error: conv intervaltype has jagged array input

#SQL[@141,N56]Result[50, 26]
select date_add("0199-12-31 23:59:59",INTERVAL 2 SECOND);
date_add(0199-12-31 23:59:59, INTERVAL(2, second))
0200-01-01 00:00:01.000000

#SQL[@142,N58]Result[52, 26]
select date_add("2001-01-01 23:59:59",INTERVAL -2000 YEAR);
date_add(2001-01-01 23:59:59, INTERVAL(-2000, year))
0001-01-01 23:59:59.000000

#SQL[@147,N85]Error[45]
SELECT
date_add('1995-01-05', INTERVAL '9223372036854775807-02' YEAR_MONTH) as result;
invalid input: interval type, bad value '-10'

#SQL[@149,N85]Error[67]
SELECT
date_add('1995-01-05', INTERVAL '9223372036854775808-02' YEAR_MONTH) as result;
invalid input: invalid time interval value '9223372036854775808-02'

#SQL[@151,N78]Error[67]
SELECT
date_add('1995-01-05', INTERVAL '9223372036854775808-02' DAY) as result;
invalid input: invalid time interval value '9223372036854775808-02'

#SQL[@153,N79]Error[67]
SELECT
date_add('1995-01-05', INTERVAL '9223372036854775808-02' WEEK) as result;
invalid input: invalid time interval value '9223372036854775808-02'

#SQL[@155,N81]Error[67]
SELECT
date_add('1995-01-05', INTERVAL '9223372036854775808-02' SECOND) as result;
invalid input: invalid time interval value '9223372036854775808-02'

#SQL[@157,N85]Error[47]
SELECT
date_add('1995-01-05', INTERVAL '9223372036854775700-02' YEAR_MONTH) as result;
invalid input: interval type, bad value '-1294'

#SQL[@160,N76]Error[56]
SELECT
date_add('1995-01-05', INTERVAL 9223372036854775806 SECOND) as result;
invalid argument interval, bad value 9223372036854775806

#SQL[@162,N76]Error[56]
SELECT
date_add('1995-01-05', INTERVAL 9223372036854775806 MINUTE) as result;
invalid argument interval, bad value 9223372036854775806

#SQL[@164,N74]Error[56]
SELECT
date_add('1995-01-05', INTERVAL 9223372036854775806 HOUR) as result;
invalid argument interval, bad value 9223372036854775806

#SQL[@166,N77]Error[57]
SELECT
date_add('1995-01-05', INTERVAL -9223372036854775806 SECOND) as result;
invalid argument interval, bad value -9223372036854775806

#SQL[@168,N77]Error[57]
SELECT
date_add('1995-01-05', INTERVAL -9223372036854775806 MINUTE) as result;
invalid argument interval, bad value -9223372036854775806

#SQL[@170,N75]Error[57]
SELECT
date_add('1995-01-05', INTERVAL -9223372036854775806 HOUR) as result;
invalid argument interval, bad value -9223372036854775806

#SQL[@174,N43]Result[35, 4]
select date_add("2001-01-01 23:59:59",null);
date_add(2001-01-01 23:59:59, null)
null

#SQL[@175,N27]Result[20, 4]
select date_add(null, null);
date_add(null, null)
null

#SQL[@176,N23]Result[]
drop table if exists t1;

#SQL[@177,N31]Result[]
create table t1 (a int, b date);

#SQL[@178,N49]Result[]
insert into t1 values(1, "2010-10-30"), (2, NULL);

#SQL[@179,N16]Result[8, 17, 11]
select * from t1;
a  ¦  b
1  ¦  2010-10-30
2  ¦  null

#SQL[@180,N42]Result[29, 10, 4]
select date_add(b, interval 1 day) from t1;
date_add(b, interval(1, day))
2010-10-31
null

#SQL[@181,N13]Result[]
drop table t1;

#SQL[@184,N24]Result[]
create table t1 (a date);

#SQL[@185,N60]Result[]
insert into t1 select (DATE_ADD('20071108', INTERVAL 1 DAY));

#SQL[@186,N63]Result[]
insert into t1 select (date_add('1998-01-30',Interval 1 month));

#SQL[@187,N25]Result[1, 10, 10]
select distinct a from t1;
a
2007-11-09
1998-02-28

#SQL[@188,N13]Result[]
drop table t1;

#SQL[@192,N23]Result[]
drop table if exists t1;

#SQL[@193,N31]Result[]
create table t1(a INT,  b date);

#SQL[@194,N92]Result[]
insert into t1 values(1, "2012-10-12"),(2, "2004-04-24"),(3, "2008-12-04"),(4, "2012-03-23");

#SQL[@195,N63]Result[8, 17]
select * from t1 where date_add(b, INTERVAL 1 day)="2012-10-13";
a  ¦  b
1  ¦  2012-10-12

#SQL[@196,N13]Result[]
drop table t1;

#SQL[@200,N23]Result[]
drop table if exists t1;

#SQL[@201,N23]Result[]
drop table if exists t2;

#SQL[@202,N31]Result[]
create table t1(a INT,  b date);

#SQL[@203,N31]Result[]
create table t2(a INT,  b date);

#SQL[@204,N92]Result[]
insert into t1 values(1, "2012-10-11"),(2, "2004-04-24"),(3, "2008-12-04"),(4, "2012-03-23");

#SQL[@205,N92]Result[]
insert into t2 values(1, "2011-10-12"),(2, "1994-10-04"),(3, "2018-06-04"),(4, "2012-10-12");

#SQL[@206,N103]Result[8, 8]
SELECT t1.a, t2.a FROM t1 JOIN t2 ON (date_add(t1.b, INTERVAL 1 day) = date_add(t2.b, INTERVAL 1 year));
a  ¦  a
1  ¦  1

#SQL[@207,N13]Result[]
drop table t1;

#SQL[@208,N13]Result[]
drop table t2;

#SQL[@215,N23]Result[]
drop table if exists t1;

#SQL[@216,N35]Result[]
create table t1(a INT,  b datetime);

#SQL[@217,N128]Result[]
insert into t1 values(1, "2017-06-15 09:34:21"),(1, "2019-06-25 10:12:21"),(2, "2019-06-25 18:20:49"),(3, "2019-06-25 18:20:49");

#SQL[@218,N102]Result[1, 19, 19, 19]
select b from t1 group by b having (date_add(t1.b, INTERVAL 1 day)-date_add(t1.b, INTERVAL 1 hour))>10;
b
2017-06-15 09:34:21
2019-06-25 10:12:21
2019-06-25 18:20:49

#SQL[@219,N13]Result[]
drop table t1;

#SQL[@221,N277]Result[63, 99]
SELECT
DATE_SUB('2007-08-03', INTERVAL 1 MINUTE) AS field_str1,
DATE_SUB('2007-08-03 17:33:00', INTERVAL 1 MINUTE) AS field1_str2,
DATE_SUB(DATE('2007-08-03'), INTERVAL 1 DAY) AS field_date,
DATE_SUB(CAST('2007-08-03 17:33:00' AS DATETIME), INTERVAL 1 MINUTE) AS field_datetime;
field_str1  ¦  field1_str2  ¦  field_date  ¦  field_datetime
2007-08-02 23:59:00.000000  ¦  2007-08-03 17:32:00.000000  ¦  2007-08-02  ¦  2007-08-03 17:32:00

#SQL[@227,N297]Error[51]
SELECT
OCT(DATE_SUB('2007-08-03', INTERVAL 1 MINUTE)) AS field_str1,
OCT(DATE_SUB('2007-08-03 17:33:00', INTERVAL 1 MINUTE)) AS field1_str2,
OCT(DATE_SUB(DATE('2007-08-03'), INTERVAL 1 DAY)) AS field_date,
OCT(DATE_SUB(CAST('2007-08-03 17:33:00' AS DATETIME), INTERVAL 1 MINUTE)) AS field_datetime;
invalid argument function oct, bad value [DATETIME]

#SQL[@234,N87]Result[79, 26]
select date_sub("1998-01-01 00:00:00.000001",INTERVAL "1 1:1:1.000002" DAY_MICROSECOND);
date_sub(1998-01-01 00:00:00.000001, INTERVAL(1 1:1:1.000002, day_microsecond))
1997-12-30 22:58:58.999999

#SQL[@235,N86]Result[78, 26]
select date_sub("1998-01-01 00:00:00.000001",INTERVAL "1:1:1.000002" HOUR_MICROSECOND);
date_sub(1998-01-01 00:00:00.000001, INTERVAL(1:1:1.000002, hour_microsecond))
1997-12-31 22:58:58.999999

#SQL[@236,N86]Result[78, 26]
select date_sub("1998-01-01 00:00:00.000001",INTERVAL "1:1.000002" MINUTE_MICROSECOND);
date_sub(1998-01-01 00:00:00.000001, INTERVAL(1:1.000002, minute_microsecond))
1997-12-31 23:58:58.999999

#SQL[@237,N84]Result[76, 26]
select date_sub("1998-01-01 00:00:00.000001",INTERVAL "1.000002" SECOND_MICROSECOND);
date_sub(1998-01-01 00:00:00.000001, INTERVAL(1.000002, second_microsecond))
1997-12-31 23:59:58.999999

#SQL[@238,N75]Result[67, 26]
select date_sub("1998-01-01 00:00:00.000001",INTERVAL "000002" MICROSECOND);
date_sub(1998-01-01 00:00:00.000001, INTERVAL(000002, microsecond))
1997-12-31 23:59:59.999999

#SQL[@239,N56]Result[50, 26]
select date_sub("1998-01-01 00:00:00",INTERVAL 1 SECOND);
date_sub(1998-01-01 00:00:00, INTERVAL(1, second))
1997-12-31 23:59:59.000000

#SQL[@240,N56]Result[50, 26]
select date_sub("1998-01-01 00:00:00",INTERVAL 1 MINUTE);
date_sub(1998-01-01 00:00:00, INTERVAL(1, minute))
1997-12-31 23:59:00.000000

#SQL[@241,N54]Result[48, 26]
select date_sub("1998-01-01 00:00:00",INTERVAL 1 HOUR);
date_sub(1998-01-01 00:00:00, INTERVAL(1, hour))
1997-12-31 23:00:00.000000

#SQL[@242,N53]Result[47, 26]
select date_sub("1998-01-01 00:00:00",INTERVAL 1 DAY);
date_sub(1998-01-01 00:00:00, INTERVAL(1, day))
1997-12-31 00:00:00.000000

#SQL[@243,N55]Result[49, 26]
select date_sub("1998-01-01 00:00:00",INTERVAL 1 MONTH);
date_sub(1998-01-01 00:00:00, INTERVAL(1, month))
1997-12-01 00:00:00.000000

#SQL[@244,N54]Result[48, 26]
select date_sub("1998-01-01 00:00:00",INTERVAL 1 YEAR);
date_sub(1998-01-01 00:00:00, INTERVAL(1, year))
1997-01-01 00:00:00.000000

#SQL[@245,N67]Result[59, 26]
select date_sub("1998-01-01 00:00:00",INTERVAL "1:1" MINUTE_SECOND);
date_sub(1998-01-01 00:00:00, INTERVAL(1:1, minute_second))
1997-12-31 23:58:59.000000

#SQL[@246,N65]Result[57, 26]
select date_sub("1998-01-01 00:00:00",INTERVAL "1:1" HOUR_MINUTE);
date_sub(1998-01-01 00:00:00, INTERVAL(1:1, hour_minute))
1997-12-31 22:59:00.000000

#SQL[@247,N62]Result[54, 26]
select date_sub("1998-01-01 00:00:00",INTERVAL "1:1" DAY_HOUR);
date_sub(1998-01-01 00:00:00, INTERVAL(1:1, day_hour))
1997-12-30 23:00:00.000000

#SQL[@248,N64]Result[56, 26]
select date_sub("1998-01-01 00:00:00",INTERVAL "1 1" YEAR_MONTH);
date_sub(1998-01-01 00:00:00, INTERVAL(1 1, year_month))
1996-12-01 00:00:00.000000

#SQL[@249,N67]Result[59, 26]
select date_sub("1998-01-01 00:00:00",INTERVAL "1:1:1" HOUR_SECOND);
date_sub(1998-01-01 00:00:00, INTERVAL(1:1:1, hour_second))
1997-12-31 22:58:59.000000

#SQL[@250,N66]Result[58, 26]
select date_sub("1998-01-01 00:00:00",INTERVAL "1 1:1" DAY_MINUTE);
date_sub(1998-01-01 00:00:00, INTERVAL(1 1:1, day_minute))
1997-12-30 22:59:00.000000

#SQL[@251,N68]Result[60, 26]
select date_sub("1998-01-01 00:00:00",INTERVAL "1 1:1:1" DAY_SECOND);
date_sub(1998-01-01 00:00:00, INTERVAL(1 1:1:1, day_second))
1997-12-30 22:58:59.000000

#SQL[@252,N56]Result[50, 26]
select date_sub("0050-01-01 00:00:01",INTERVAL 2 SECOND);
date_sub(0050-01-01 00:00:01, INTERVAL(2, second))
0049-12-31 23:59:59.000000

#SQL[@253,N56]Result[50, 26]
select date_sub("0199-01-01 00:00:01",INTERVAL 2 SECOND);
date_sub(0199-01-01 00:00:01, INTERVAL(2, second))
0198-12-31 23:59:59.000000

#SQL[@254,N56]Result[50, 26]
select date_add("0199-12-31 23:59:59",INTERVAL 2 SECOND);
date_add(0199-12-31 23:59:59, INTERVAL(2, second))
0200-01-01 00:00:01.000000

#SQL[@255,N56]Result[50, 26]
select date_sub("0200-01-01 00:00:01",INTERVAL 2 SECOND);
date_sub(0200-01-01 00:00:01, INTERVAL(2, second))
0199-12-31 23:59:59.000000

#SQL[@256,N56]Result[50, 26]
select date_sub("0200-01-01 00:00:01",INTERVAL 1 SECOND);
date_sub(0200-01-01 00:00:01, INTERVAL(1, second))
0200-01-01 00:00:00.000000

#SQL[@257,N56]Result[50, 26]
select date_sub("0200-01-01 00:00:01",INTERVAL 2 SECOND);
date_sub(0200-01-01 00:00:01, INTERVAL(2, second))
0199-12-31 23:59:59.000000

#SQL[@258,N58]Result[52, 26]
select date_add("2001-01-01 23:59:59",INTERVAL -2000 YEAR);
date_add(2001-01-01 23:59:59, INTERVAL(-2000, year))
0001-01-01 23:59:59.000000

#SQL[@265,N56]Result[50, 26]
select date_sub("0069-01-01 00:00:01",INTERVAL 2 SECOND);
date_sub(0069-01-01 00:00:01, INTERVAL(2, second))
0068-12-31 23:59:59.000000

#SQL[@266,N56]Result[50, 26]
select date_sub("0169-01-01 00:00:01",INTERVAL 2 SECOND);
date_sub(0169-01-01 00:00:01, INTERVAL(2, second))
0168-12-31 23:59:59.000000

#SQL[@268,N42]Error[40]
select DATE_SUB(NOW(), INTERVAL 9999 YEAR);
data out of range: data type timestamp, 

#SQL[@271,N31]Result[]
CREATE TABLE t1 (a DATETIME(6));

#SQL[@272,N52]Result[]
INSERT INTO t1 VALUES ('1000-01-01 01:00:00.000000');

#SQL[@273,N52]Result[]
INSERT INTO t1 VALUES ('1000-01-01 01:00:00.000001');

#SQL[@274,N52]Result[]
INSERT INTO t1 VALUES ('2001-01-01 00:00:00.000000');

#SQL[@275,N52]Result[]
INSERT INTO t1 VALUES ('2001-01-01 00:00:00.000001');

#SQL[@276,N52]Result[]
INSERT INTO t1 VALUES ('2001-01-01 01:00:00.000000');

#SQL[@277,N52]Result[]
INSERT INTO t1 VALUES ('2001-01-01 01:00:00.000001');

#SQL[@278,N56]Result[32, 26, 26, 26, 26, 26, 26]
SELECT DATE_SUB(a, INTERVAL 1 MINUTE) FROM t1 ORDER BY a;
DATE_SUB(a, INTERVAL(1, minute))
1000-01-01 00:59:00.000000
1000-01-01 00:59:00.000001
2000-12-31 23:59:00.000000
2000-12-31 23:59:00.000001
2001-01-01 00:59:00.000000
2001-01-01 00:59:00.000001

#SQL[@279,N61]Result[41, 58, 58, 58, 58, 58, 58]
SELECT a, DATE_SUB(a, INTERVAL 1.1 SECOND) FROM t1 ORDER BY a;
a  ¦  DATE_SUB(a, INTERVAL(1.1, second))
1000-01-01 01:00:00.000000  ¦  1000-01-01 00:59:59.000000
1000-01-01 01:00:00.000001  ¦  1000-01-01 00:59:59.000001
2001-01-01 00:00:00.000000  ¦  2000-12-31 23:59:59.000000
2001-01-01 00:00:00.000001  ¦  2000-12-31 23:59:59.000001
2001-01-01 01:00:00.000000  ¦  2001-01-01 00:59:59.000000
2001-01-01 01:00:00.000001  ¦  2001-01-01 00:59:59.000001

#SQL[@280,N66]Result[46, 58, 58, 58, 58, 58, 58]
SELECT a, DATE_SUB(a, INTERVAL 1.000009 SECOND) FROM t1 ORDER BY a;
a  ¦  DATE_SUB(a, INTERVAL(1.000009, second))
1000-01-01 01:00:00.000000  ¦  1000-01-01 00:59:59.000000
1000-01-01 01:00:00.000001  ¦  1000-01-01 00:59:59.000001
2001-01-01 00:00:00.000000  ¦  2000-12-31 23:59:59.000000
2001-01-01 00:00:00.000001  ¦  2000-12-31 23:59:59.000001
2001-01-01 01:00:00.000000  ¦  2001-01-01 00:59:59.000000
2001-01-01 01:00:00.000001  ¦  2001-01-01 00:59:59.000001

#SQL[@281,N62]Result[42, 58, 58, 58, 58, 58, 58]
SELECT a, DATE_SUB(a, INTERVAL -0.1 SECOND) FROM t1 ORDER BY a;
a  ¦  DATE_SUB(a, INTERVAL(-0.1, second))
1000-01-01 01:00:00.000000  ¦  1000-01-01 01:00:00.000000
1000-01-01 01:00:00.000001  ¦  1000-01-01 01:00:00.000001
2001-01-01 00:00:00.000000  ¦  2001-01-01 00:00:00.000000
2001-01-01 00:00:00.000001  ¦  2001-01-01 00:00:00.000001
2001-01-01 01:00:00.000000  ¦  2001-01-01 01:00:00.000000
2001-01-01 01:00:00.000001  ¦  2001-01-01 01:00:00.000001

#SQL[@282,N74]Result[50, 19, 19, 19, 19, 19, 19]
SELECT DATE_SUB(CAST(a AS DATETIME), INTERVAL 1 MINUTE) FROM t1 ORDER BY a;
DATE_SUB(cast(a as datetime), INTERVAL(1, minute))
1000-01-01 00:59:00
1000-01-01 00:59:00
2000-12-31 23:59:00
2000-12-31 23:59:00
2001-01-01 00:59:00
2001-01-01 00:59:00

#SQL[@283,N79]Result[55, 26, 26, 26, 26, 26, 26]
SELECT DATE_SUB(CAST(a AS DATETIME), INTERVAL 1 MICROSECOND) FROM t1 ORDER BY a;
DATE_SUB(cast(a as datetime), INTERVAL(1, microsecond))
1000-01-01 00:59:59.999999
1000-01-01 01:00:00.000000
2000-12-31 23:59:59.999999
2001-01-01 00:00:00.000000
2001-01-01 00:59:59.999999
2001-01-01 01:00:00.000000

#SQL[@284,N13]Result[]
drop table t1;

#SQL[@287,N462]Result[]
CREATE TABLE `t2` (
  `DATE_ADD(a, INTERVAL 1 SECOND)` datetime(6) DEFAULT NULL,
  `DATE_SUB(a, INTERVAL 1 SECOND)` datetime(6) DEFAULT NULL,
  `DATE_ADD(CAST(a AS DATETIME), INTERVAL 1 SECOND)` datetime DEFAULT NULL,
  `DATE_SUB(CAST(a AS DATETIME), INTERVAL 1 SECOND)` datetime DEFAULT NULL,
  `DATE_ADD(CAST(a AS DATETIME), INTERVAL 1 MICROSECOND)` datetime(6) DEFAULT NULL,
  `DATE_SUB(CAST(a AS DATETIME), INTERVAL 1 MICROSECOND)` datetime(6) DEFAULT NULL
);

#SQL[@295,N13]Result[]
DROP TABLE t2;

