#SQL[@2,N21]Result[14, 4]
SELECT variance(null);
variance(null)
null

#SQL[@5,N164]Result[]
create table t1(a tinyint, b SMALLINT, c BIGINT, d INT, e BIGINT, f FLOAT, g DOUBLE, h decimal(38,10), i DATE, k datetime, l TIMESTAMP, m char(255), n varchar(255));

#SQL[@6,N136]Result[]
insert into t1 values(1, 1, 2, 43, 5, 35.5, 31.133, 14.314, "2012-03-10", "2012-03-12 10:03:12", "2022-03-12 13:03:12", "ab23c", "d5cf");

#SQL[@7,N137]Result[]
insert into t1 values(71, 1, 2, 34, 5, 5.5, 341.13, 15.314, "2012-03-22", "2013-03-12 10:03:12", "2032-03-12 13:04:12", "abr23c", "3dcf");

#SQL[@8,N137]Result[]
insert into t1 values(1, 1, 21, 4, 54, 53.5, 431.13, 14.394, "2011-03-12", "2015-03-12 10:03:12", "2002-03-12 13:03:12", "afbc", "dct5f");

#SQL[@9,N138]Result[]
insert into t1 values(1, 71, 2, 34, 5, 5.5, 31.313, 124.314, "2012-01-12", "2019-03-12 10:03:12", "2013-03-12 13:03:12", "3abd1c", "dcvf");

#SQL[@10,N26]Result[11, 6]
select variance(a) from t1;
variance(a)
918.75

#SQL[@11,N26]Result[11, 6]
select variance(b) from t1;
variance(b)
918.75

#SQL[@12,N26]Result[11, 7]
select variance(c) from t1;
variance(c)
67.6875

#SQL[@13,N26]Result[11, 8]
select variance(d) from t1;
variance(d)
217.6875

#SQL[@14,N26]Result[11, 8]
select variance(e) from t1;
variance(e)
450.1875

#SQL[@15,N26]Result[11, 6]
select variance(f) from t1;
variance(f)
420.75

#SQL[@16,N26]Result[11, 18]
select variance(g) from t1;
variance(g)
32502.248712250002

#SQL[@18,N26]Result[11, 17]
select variance(h) from t1;
variance(h)
2254.078700000000

#SQL[@19,N26]Error[62]
select variance(i) from t1;
invalid argument aggregate function variance, bad value [DATE]

#SQL[@20,N26]Error[66]
select variance(k) from t1;
invalid argument aggregate function variance, bad value [DATETIME]

#SQL[@21,N26]Error[67]
select variance(l) from t1;
invalid argument aggregate function variance, bad value [TIMESTAMP]

#SQL[@22,N26]Error[62]
select variance(m) from t1;
invalid argument aggregate function variance, bad value [CHAR]

#SQL[@23,N26]Error[65]
select variance(n) from t1;
invalid argument aggregate function variance, bad value [VARCHAR]

#SQL[@24,N13]Result[]
drop table t1;

#SQL[@36,N40]Result[33, 14]
select variance(99999999999999999.99999);
variance(99999999999999999.99999)
0.000000000000

#SQL[@37,N47]Result[40, 14]
select variance(999999999999999933193939.99999);
variance(999999999999999933193939.99999)
0.000000000000

#SQL[@38,N65]Result[58, 14]
select variance(9999999999999999999999999999999999.9999999999999);
variance(9999999999999999999999999999999999.9999999999999)
0.000000000000

#SQL[@39,N41]Result[34, 14]
select variance(-99999999999999999.99999);
variance(-99999999999999999.99999)
0.000000000000

#SQL[@40,N48]Result[41, 14]
select variance(-999999999999999933193939.99999);
variance(-999999999999999933193939.99999)
0.000000000000

#SQL[@41,N66]Result[59, 14]
select variance(-9999999999999999999999999999999999.9999999999999);
variance(-9999999999999999999999999999999999.9999999999999)
0.000000000000

#SQL[@42,N25]Result[]
create table t1(a bigint);

#SQL[@43,N26]Result[11, 4]
select variance(a) from t1;
variance(a)
null

#SQL[@44,N48]Result[]
insert into t1 values(null),(null),(null),(null);

#SQL[@45,N26]Result[11, 4]
select variance(a) from t1;
variance(a)
null

#SQL[@46,N89]Result[]
insert into t1 values(12417249128419),(124124125124151),(5124125151415),(124125152651515);

#SQL[@47,N26]Result[11, 28]
select variance(a) from t1;
variance(a)
3333282253265103400000000000

#SQL[@48,N13]Result[]
drop table t1;

#SQL[@49,N56]Result[]
create table t1 ( a int not null default 1, big bigint );

#SQL[@50,N85]Result[]
insert into t1 (big) values (-1),(1234567890167),(92233720368547),(18446744073709515);

#SQL[@51,N16]Result[10, 9, 20, 21, 24]
select * from t1;
a  ¦  big
1  ¦  -1
1  ¦  1234567890167
1  ¦  92233720368547
1  ¦  18446744073709515

#SQL[@52,N62]Result[50, 93]
select distinct variance(big),max(big),variance(big)-1 from t1;
variance(big)  ¦  max(big)  ¦  variance(big) - 1
63589001724387040000000000000000  ¦  18446744073709515  ¦  63589001724387040000000000000000

#SQL[@53,N64]Result[50, 93]
select variance(big),max(big),variance(big)-1 from t1 group by a;
variance(big)  ¦  max(big)  ¦  variance(big) - 1
63589001724387040000000000000000  ¦  18446744073709515  ¦  63589001724387040000000000000000

#SQL[@54,N45]Result[]
insert into t1 (big) values (184467440737615);

#SQL[@55,N16]Result[10, 9, 20, 21, 24, 22]
select * from t1;
a  ¦  big
1  ¦  -1
1  ¦  1234567890167
1  ¦  92233720368547
1  ¦  18446744073709515
1  ¦  184467440737615

#SQL[@56,N53]Result[50, 93]
select variance(big),max(big),variance(big)-1 from t1;
variance(big)  ¦  max(big)  ¦  variance(big) - 1
54040435399637660000000000000000  ¦  18446744073709515  ¦  54040435399637660000000000000000

#SQL[@57,N64]Result[50, 93]
select variance(big),max(big),variance(big)-1 from t1 group by a;
variance(big)  ¦  max(big)  ¦  variance(big) - 1
54040435399637660000000000000000  ¦  18446744073709515  ¦  54040435399637660000000000000000

#SQL[@58,N13]Result[]
drop table t1;

#SQL[@61,N69]Result[]
CREATE TABLE t1 (Fld1 int(11) default NULL,Fld2 int(11) default NULL);

#SQL[@62,N60]Result[]
INSERT INTO t1 VALUES (1,10),(1,20),(2,NULL),(2,NULL),(3,50);

#SQL[@63,N75]Result[11, 9, 8]
select Fld1, variance(Fld2) as q from t1 group by Fld1 having q is not null;
Fld1  ¦  q
1  ¦  25
3  ¦  0

#SQL[@64,N83]Result[24, 9, 8]
select Fld1, variance(Fld2) from t1 group by Fld1 having variance(Fld2) is not null;
Fld1  ¦  variance(Fld2)
1  ¦  25
3  ¦  0

#SQL[@65,N78]Result[24, 9, 8]
select Fld1, variance(Fld2) from t1 group by Fld1 having avg(Fld2) is not null;
Fld1  ¦  variance(Fld2)
1  ¦  25
3  ¦  0

#SQL[@66,N83]Result[24, 9, 8]
select Fld1, variance(Fld2) from t1 group by Fld1 having variance(Fld2) is not null;
Fld1  ¦  variance(Fld2)
1  ¦  25
3  ¦  0

#SQL[@67,N13]Result[]
drop table t1;

#SQL[@70,N30]Result[25, 5]
SELECT variance(1)<variance(2);
variance(1) < variance(2)
false

#SQL[@73,N22]Result[]
CREATE TABLE t1(i INT);

#SQL[@74,N32]Result[]
INSERT INTO t1 VALUES (NULL),(1);

#SQL[@75,N64]Result[17, 14, 8]
SELECT variance(i)+0 as splus0, i+0 as plain FROM t1 GROUP BY i ;
splus0  ¦  plain
null  ¦  null
0  ¦  1

#SQL[@76,N13]Result[]
DROP TABLE t1;

#SQL[@78,N28]Result[]
drop database if exists test;

#SQL[@79,N20]Result[]
create database test;

#SQL[@80,N8]Result[]
use test;

#SQL[@83,N27]Result[]
drop table if exists test01;

#SQL[@84,N36]Result[]
create table test01(a decimal(38,0));

#SQL[@85,N65]Result[]
insert into test01 values(12312312312314565789874569874512456879);

#SQL[@86,N65]Result[]
insert into test01 values(99999999999999999999999999999999999999);

#SQL[@87,N65]Result[]
insert into test01 values(10000000000000000000000000000000000000);

#SQL[@88,N65]Result[]
insert into test01 values(32482438247328742831193201993219039203);

#SQL[@89,N74]Result[]
insert into test01 values(99999999999999999999999999999999999999.73289342);

#SQL[@90,N64]Result[]
insert into test01 values(-298432432433242412313123321231321313);

#SQL[@91,N73]Result[]
insert into test01 values(-34243214324324342321313321321342342343.123143);

#SQL[@92,N65]Result[]
insert into test01 values(-0.12813218391321939921391929391293912);

#SQL[@93,N20]Result[1, 38, 38, 38, 38, 38, 37, 39, 1]
select * from test01;
a
12312312312314565789874569874512456879
99999999999999999999999999999999999999
10000000000000000000000000000000000000
32482438247328742831193201993219039203
10000000000000000000000000000000000000
-298432432433242412313123321231321313
-34243214324324342321313321321342342343
0

#SQL[@94,N30]Error[37]
select variance(a) from test01;
internal error: Decimal128 overflowed

#SQL[@95,N17]Result[]
drop table test01;

#SQL[@97,N27]Result[]
drop table if exists test02;

#SQL[@98,N34]Result[]
create table test02(a decimal(37));

#SQL[@99,N71]Result[]
insert into test02 values(9999999999999999999999999999999999999.123141);

#SQL[@100,N66]Result[]
insert into test02 values(1122312131421321313131314356569876544.9);

#SQL[@101,N68]Result[]
insert into test02 values(-2121313214325334213213257654323234324.90);

#SQL[@102,N45]Result[]
insert into test02 values(-123.2314123412321);

#SQL[@103,N66]Result[]
insert into test02 values(9932129321093029302930290439029432423.5);

#SQL[@104,N20]Result[1, 37, 37, 38, 4, 37]
select * from test02;
a
9999999999999999999999999999999999999
1122312131421321313131314356569876545
-2121313214325334213213257654323234325
-123
9932129321093029302930290439029432424

#SQL[@105,N30]Error[37]
select variance(a) from test02;
internal error: Decimal128 overflowed

#SQL[@106,N17]Result[]
drop table test02;

#SQL[@109,N27]Result[]
drop table if exists test03;

#SQL[@110,N36]Result[]
create table test03(a decimal(38,2));

#SQL[@111,N60]Result[]
insert into test03 values(9999999999999999999999999999999.1);

#SQL[@112,N35]Result[]
insert into test03 values(-0.00001);

#SQL[@113,N31]Result[]
insert into test03 values(NULL);

#SQL[@114,N30]Error[37]
select variance(a) from test03;
internal error: Decimal128 overflowed

#SQL[@115,N17]Result[]
drop table test03;

#SQL[@118,N27]Result[]
drop table if exists test04;

#SQL[@119,N37]Result[]
create table test04(a decimal(38,20));

#SQL[@120,N66]Result[]
insert into test04 values(123123242399999900.22231134568909999999);

#SQL[@121,N66]Result[]
insert into test04 values(999999999999999999.11111111111112222222);

#SQL[@122,N66]Result[]
insert into test04 values(100000000000000000.00000000000000000001);

#SQL[@123,N48]Result[]
insert into test04 values(-999999999999999999.9);

#SQL[@124,N50]Result[]
insert into test04 values(-0.00000000000000000001);

#SQL[@125,N20]Result[1, 39, 39, 39, 40, 23]
select * from test04;
a
123123242399999900.22231134568909999999
999999999999999999.11111111111112222222
100000000000000000.00000000000000000001
-999999999999999999.90000000000000000000
-0.00000000000000000001

#SQL[@126,N30]Error[37]
select variance(a) from test04;
internal error: Decimal128 overflowed

#SQL[@127,N17]Result[]
drop table test04;

#SQL[@129,N27]Result[]
drop table if exists test05;

#SQL[@130,N37]Result[]
create table test05(a decimal(20,10));

#SQL[@131,N45]Result[]
insert into test05 values(-9999999999.192012);

#SQL[@132,N48]Result[]
insert into test05 values(9999999999.9102938129);

#SQL[@133,N48]Result[]
insert into test05 values(7382184932.3892039843);

#SQL[@134,N39]Result[]
insert into test05 values(0.3029302394);

#SQL[@135,N20]Result[1, 22, 21, 21, 12]
select * from test05;
a
-9999999999.1920120000
9999999999.9102938129
7382184932.3892039843
0.3029302394

#SQL[@136,N30]Result[11, 33]
select variance(a) from test05;
variance(a)
60218122690068093824.133657202503

#SQL[@137,N17]Result[]
drop table test05;

#SQL[@139,N27]Result[]
drop table if exists test06;

#SQL[@140,N37]Result[]
create table test06(a decimal(20,10));

#SQL[@141,N45]Result[]
insert into test06 values(-9999999999.192012);

#SQL[@142,N48]Result[]
insert into test06 values(9999999999.9102938129);

#SQL[@143,N31]Result[]
insert into test06 values(NULL);

#SQL[@144,N39]Result[]
insert into test06 values(0.3029302394);

#SQL[@145,N20]Result[1, 22, 21, 4, 12]
select * from test06;
a
-9999999999.1920120000
9999999999.9102938129
null
0.3029302394

#SQL[@146,N30]Result[11, 33]
select variance(a) from test06;
variance(a)
66666666660682038752.801677950945

#SQL[@147,N17]Result[]
drop table test06;

#SQL[@149,N18]Result[]
drop database test;

