#SQL[@3,N43]Result[34, 1]
SELECT weekday(date('2007-02-03 03:42:24'));
weekday(date(2007-02-03 03:42:24))
5

#SQL[@4,N40]Result[31, 1]
SELECT weekday(date('2023-11-08 13:42'));
weekday(date(2023-11-08 13:42))
2

#SQL[@8,N20]Result[13, 4]
SELECT weekday(NULL);
weekday(null)
null

#SQL[@12,N164]Result[]
create table t1(a tinyint, b SMALLINT, c bigint, d INT, e BIGINT, f FLOAT, g DOUBLE, h decimal(38,19), i DATE, k datetime, l TIMESTAMP, m char(255), n varchar(255));

#SQL[@13,N136]Result[]
insert into t1 values(1, 1, 2, 43, 5, 35.5, 31.133, 14.314, "2012-03-10", "2012-03-12 10:03:12", "2022-03-12 13:03:12", "ab23c", "d5cf");

#SQL[@14,N137]Result[]
insert into t1 values(71, 1, 2, 34, 5, 5.5, 341.13, 15.314, "2012-03-22", "2013-03-12 10:03:12", "2032-03-12 13:04:12", "abr23c", "3dcf");

#SQL[@15,N137]Result[]
insert into t1 values(1, 1, 21, 4, 54, 53.5, 431.13, 14.394, "2011-03-12", "2015-03-12 10:03:12", "2002-03-12 13:03:12", "afbc", "dct5f");

#SQL[@16,N138]Result[]
insert into t1 values(1, 71, 2, 34, 5, 5.5, 31.313, 124.314, "2012-01-12", "2019-03-12 10:03:12", "2013-03-12 13:03:12", "3abd1c", "dcvf");

#SQL[@17,N80]Error[54]
select weekday(a),weekday(b),weekday(c),weekday(d),weekday(e),weekday(f) from t1;
invalid argument function weekday, bad value [TINYINT]

#SQL[@18,N91]Error[53]
select weekday(g),weekday(h),weekday(i),weekday(k),weekday(l),weekday(m),weekday(n) from t1;
invalid argument function weekday, bad value [DOUBLE]

#SQL[@19,N13]Result[]
drop table t1;

#SQL[@33,N39]Result[7, 1]
SELECT weekday("2015-09-03") as weekday;
weekday
3

#SQL[@34,N37]Result[7, 1]
SELECT weekday('20150904') as weekday;
weekday
4

#SQL[@35,N34]Error[53]
SELECT weekday(1340124) as weekday;
invalid argument function weekday, bad value [BIGINT]

#SQL[@36,N34]Error[56]
SELECT weekday(0.45133) as weekday;
invalid argument function weekday, bad value [DECIMAL64]

#SQL[@37,N29]Error[53]
SELECT weekday(10) as weekday;
invalid argument function weekday, bad value [BIGINT]

#SQL[@38,N30]Error[51]
SELECT weekday(1=1) as weekday;
invalid argument function weekday, bad value [BOOL]

#SQL[@39,N39]Result[7, 1]
SELECT weekday('2015-09-30') as weekday;
weekday
2

#SQL[@41,N35]Error[44]
SELECT weekday('2015-0') as weekday;
invalid argument parsedate, bad value 2015-0

#SQL[@43,N42]Error[51]
SELECT weekday('2015-09.30 12') as weekday;
invalid argument parsedate, bad value 2015-09.30 12

#SQL[@44,N48]Result[7, 1]
SELECT weekday('2015-09-26 08:09:22') AS weekday;
weekday
5

#SQL[@48,N25]Error[45]
select weekday("2020-08");
invalid argument parsedate, bad value 2020-08

#SQL[@49,N28]Error[48]
select weekday("0000-00-00");
invalid argument parsedate, bad value 0000-00-00

#SQL[@50,N29]Error[49]
select weekday("-0001-03-03");
invalid argument parsedate, bad value -0001-03-03

#SQL[@51,N29]Error[49]
select weekday("10000-03-02");
invalid argument parsedate, bad value 10000-03-02

#SQL[@52,N28]Error[48]
select weekday("2021-13-09");
invalid argument parsedate, bad value 2021-13-09

#SQL[@53,N28]Error[48]
select weekday("2020-10-32");
invalid argument parsedate, bad value 2020-10-32

#SQL[@57,N51]Result[41, 2]
SELECT weekday("2015-09-10")- weekday("2016-04-24");
weekday(2015-09-10) - weekday(2016-04-24)
-3

#SQL[@58,N51]Result[41, 1]
SELECT weekday("2015-09-10")+ weekday("2016-04-24");
weekday(2015-09-10) + weekday(2016-04-24)
9

#SQL[@59,N50]Result[41, 2]
SELECT weekday("2015-09-10")*weekday("2016-04-24");
weekday(2015-09-10) * weekday(2016-04-24)
18

#SQL[@60,N50]Result[41, 3]
SELECT weekday("2015-09-10")/weekday("2016-04-24");
weekday(2015-09-10) / weekday(2016-04-24)
0.5

#SQL[@63,N50]Result[41, 5]
SELECT weekday("2015-09-10")>weekday("2016-04-24");
weekday(2015-09-10) > weekday(2016-04-24)
false

#SQL[@64,N50]Result[41, 4]
SELECT weekday("2015-09-10")<weekday("2016-04-24");
weekday(2015-09-10) < weekday(2016-04-24)
true

#SQL[@65,N50]Result[41, 5]
SELECT weekday("2015-09-10")=weekday("2016-04-24");
weekday(2015-09-10) = weekday(2016-04-24)
false

#SQL[@66,N51]Result[42, 4]
SELECT weekday("2015-09-10")<>weekday("2016-04-24");
weekday(2015-09-10) != weekday(2016-04-24)
true

#SQL[@67,N51]Result[42, 4]
SELECT weekday("2015-09-10")!=weekday("2016-04-24");
weekday(2015-09-10) != weekday(2016-04-24)
true

#SQL[@72,N199]Result[]
CREATE TABLE Product(Product_id INT,  Product_name VARCHAR(100) NOT NULL,Buying_price DECIMAL(13, 2) NOT NULL,Selling_price DECIMAL(13, 2) NOT NULL,Selling_Date Date NOT NULL,PRIMARY KEY(Product_id));

#SQL[@73,N526]Error[60]
INSERT INTO  Product(Product_name, Buying_price, Selling_price, Selling_Date) VALUES ('Audi Q8', 10000000.00, 15000000.00, '2018-01-26' ),('Volvo XC40', 2000000.00, 3000000.00, '2018-04-20' ),('Audi A6', 4000000.00, 5000000.00, '2018-07-25' ),('BMW X5', 5000500.00, 7006500.00, '2018-10-18'  ),('Jaguar XF', 5000000, 7507000.00, '2019-01-27'  ),('Mercedes-Benz C-Class', 4000000.00, 6000000.00, '2019-04-01'  ),('Jaguar F-PACE', 5000000.00, 7000000.00, '2019-12-26'  ),('Porsche Macan', 6500000.00, 8000000.00, '2020-04-16' ) ;
invalid input: invalid default value for column 'product_id'

#SQL[@74,N148]Result[]
SELECT  weekday (Selling_Date) weekday,  COUNT(Product_id) Product_Sold FROM Product GROUP BY weekday (Selling_Date) ORDER BY weekday (Selling_Date);

#SQL[@75,N18]Result[]
DROP TABLE Product;

#SQL[@80,N23]Result[]
drop table if exists t1;

#SQL[@81,N31]Result[]
create table t1(a INT,  b date);

#SQL[@82,N57]Result[]
insert into t1 select weekday("2012-10-12"), "2012-10-12";

#SQL[@83,N57]Result[]
insert into t1 select weekday("2004-04-24"), "2004-04-24";

#SQL[@84,N57]Result[]
insert into t1 select weekday("2008-12-04"), "2008-12-04";

#SQL[@85,N16]Result[8, 17, 17, 17]
select * from t1;
a  ¦  b
4  ¦  2012-10-12
5  ¦  2004-04-24
3  ¦  2008-12-04

#SQL[@86,N13]Result[]
drop table t1;

#SQL[@91,N23]Result[]
drop table if exists t1;

#SQL[@92,N31]Result[]
create table t1(a INT,  b date);

#SQL[@93,N92]Result[]
insert into t1 values(1, "2012-10-12"),(2, "2004-04-24"),(3, "2008-12-04"),(4, "2012-03-23");

#SQL[@94,N36]Result[8, 17, 17, 17, 17]
select * from t1 where weekday(b)<>0;
a  ¦  b
1  ¦  2012-10-12
2  ¦  2004-04-24
3  ¦  2008-12-04
4  ¦  2012-03-23

#SQL[@95,N13]Result[]
drop table t1;

#SQL[@99,N23]Result[]
drop table if exists t1;

#SQL[@100,N23]Result[]
drop table if exists t2;

#SQL[@101,N31]Result[]
create table t1(a INT,  b date);

#SQL[@102,N31]Result[]
create table t2(a INT,  b date);

#SQL[@103,N92]Result[]
insert into t1 values(1, "2012-10-12"),(2, "2004-04-24"),(3, "2008-12-04"),(4, "2012-03-23");

#SQL[@104,N92]Result[]
insert into t2 values(1, "2013-04-30"),(2, "1994-10-04"),(3, "2018-06-04"),(4, "2012-08-12");

#SQL[@105,N69]Result[8, 8, 8, 8, 8, 8, 8, 8, 8, 8, 8, 8, 8, 8, 8, 8, 8]
SELECT t1.a, t2.a FROM t1 JOIN t2 ON (weekday(t1.b) <> weekday(t2.b));
a  ¦  a
1  ¦  1
1  ¦  2
1  ¦  3
1  ¦  4
2  ¦  1
2  ¦  2
2  ¦  3
2  ¦  4
3  ¦  1
3  ¦  2
3  ¦  3
3  ¦  4
4  ¦  1
4  ¦  2
4  ¦  3
4  ¦  4

#SQL[@106,N13]Result[]
drop table t1;

#SQL[@107,N13]Result[]
drop table t2;

#SQL[@110,N23]Result[]
drop table if exists t1;

#SQL[@111,N31]Result[]
create table t1(a INT,  b date);

#SQL[@112,N110]Result[]
insert into t1 values(1, "2012-10-12"),(1, "2012-07-12"),(2, "2004-04-24"),(3, "2008-12-04"),(4, "2012-03-23");

#SQL[@113,N47]Result[1, 10, 10, 10, 10, 10]
select b from t1 group by b having weekday(b)>0;
b
2012-10-12
2012-07-12
2004-04-24
2008-12-04
2012-03-23

#SQL[@114,N13]Result[]
drop table t1;

#SQL[@117,N23]Result[]
drop table if exists t1;

#SQL[@118,N31]Result[]
create table t1(a INT,  b date);

#SQL[@119,N128]Result[]
insert into t1 values(1, "2012-10-12"),(1, "2012-07-12"),(2, "2004-04-24"),(3, "2004-04-24"),(3, "2008-12-04"),(4, "2012-03-23");

#SQL[@120,N34]Result[10, 1, 1, 1]
select distinct weekday(b) from t1;
weekday(b)
4
3
5

#SQL[@121,N13]Result[]
drop table t1;

#SQL[@129,N33]Result[]
CREATE TABLE t3(c1 DATE NOT NULL);

#SQL[@130,N35]Result[]
INSERT INTO t3 VALUES('2000-01-01');

#SQL[@131,N35]Result[]
INSERT INTO t3 VALUES('1999-12-31');

#SQL[@132,N35]Result[]
INSERT INTO t3 VALUES('2000-01-01');

#SQL[@133,N35]Result[]
INSERT INTO t3 VALUES('2006-12-25');

#SQL[@134,N35]Result[]
INSERT INTO t3 VALUES('2008-02-29');

#SQL[@135,N26]Result[11, 1, 1, 1, 1, 1]
SELECT WEEKDAY(c1) FROM t3;
WEEKDAY(c1)
5
4
5
0
4

#SQL[@136,N13]Result[]
DROP TABLE t3;

#SQL[@137,N37]Result[]
CREATE TABLE t3(c1 DATETIME NOT NULL);

#SQL[@138,N35]Result[]
INSERT INTO t3 VALUES('2000-01-01');

#SQL[@139,N35]Result[]
INSERT INTO t3 VALUES('1999-12-31');

#SQL[@140,N35]Result[]
INSERT INTO t3 VALUES('2000-01-01');

#SQL[@141,N35]Result[]
INSERT INTO t3 VALUES('2006-12-25');

#SQL[@142,N35]Result[]
INSERT INTO t3 VALUES('2008-02-29');

#SQL[@143,N26]Result[11, 1, 1, 1, 1, 1]
SELECT WEEKDAY(c1) FROM t3;
WEEKDAY(c1)
5
4
5
0
4

#SQL[@144,N13]Result[]
DROP TABLE t3;

#SQL[@147,N38]Result[]
CREATE TABLE t3(c1 TIMESTAMP NOT NULL);

#SQL[@148,N35]Result[]
INSERT INTO t3 VALUES('2000-01-01');

#SQL[@149,N35]Result[]
INSERT INTO t3 VALUES('1999-12-31');

#SQL[@150,N35]Result[]
INSERT INTO t3 VALUES('2000-01-01');

#SQL[@151,N35]Result[]
INSERT INTO t3 VALUES('2006-12-25');

#SQL[@152,N35]Result[]
INSERT INTO t3 VALUES('2008-02-29');

#SQL[@153,N26]Result[11, 1, 1, 1, 1, 1]
SELECT WEEKDAY(c1) FROM t3;
WEEKDAY(c1)
5
4
5
0
4

#SQL[@154,N13]Result[]
DROP TABLE t3;

