#SQL[@2,N28]Result[19, 1]
SELECT CHAR_LENGTH("你好");
CHAR_LENGTH(你好)
2

#SQL[@3,N31]Result[22, 1]
SELECT CHAR_LENGTH("français");
CHAR_LENGTH(français)
8

#SQL[@4,N34]Result[25, 1]
SELECT CHAR_LENGTH("にほんご");
CHAR_LENGTH(にほんご)
4

#SQL[@5,N30]Result[21, 1]
SELECT CHAR_LENGTH("Español");
CHAR_LENGTH(Español)
7

#SQL[@8,N24]Result[17, 4]
SELECT CHAR_LENGTH(NULL);
CHAR_LENGTH(null)
null

#SQL[@11,N28]Result[]
create table t1 (a char(20));

#SQL[@12,N49]Result[]
insert into t1 values ('123456'),('андрей');

#SQL[@13,N54]Result[36, 20, 27]
select char_length(a), length(a), a from t1 order by a;
char_length(a)  ¦  length(a)  ¦  a
6  ¦  6  ¦  123456
6  ¦  12  ¦  андрей

#SQL[@14,N13]Result[]
drop table t1;

#SQL[@17,N38]Result[29, 2]
select char_length('\n\t\r\b\0\_\%\\');
char_length(\n\t\r\b\0\_\%\\)
10

#SQL[@21,N62]Result[9, 2]
SELECT CHAR_LENGTH(concat_ws(" ",121,83,81,'76')) as my_column;
my_column
12

#SQL[@25,N30]Result[]
create table t (c varchar(20));

#SQL[@26,N27]Result[]
insert into t values ('\\');

#SQL[@27,N28]Result[14, 1]
select char_length(c) from t;
char_length(c)
1

#SQL[@28,N27]Result[]
insert into t values ('0C');

#SQL[@29,N33]Result[19, 1]
select sum(char_length(c)) from t;
sum(char_length(c))
3

#SQL[@30,N26]Result[]
insert into t values ('"');

#SQL[@31,N33]Result[19, 1]
select sum(char_length(c)) from t;
sum(char_length(c))
4

#SQL[@32,N27]Result[]
insert into t values ('\a');

#SQL[@33,N33]Result[19, 1]
select sum(char_length(c)) from t;
sum(char_length(c))
5

#SQL[@34,N27]Result[]
insert into t values ('\b');

#SQL[@35,N33]Result[19, 1]
select sum(char_length(c)) from t;
sum(char_length(c))
6

#SQL[@36,N27]Result[]
insert into t values ('\t');

#SQL[@37,N33]Result[19, 1]
select sum(char_length(c)) from t;
sum(char_length(c))
7

#SQL[@38,N27]Result[]
insert into t values ('\n');

#SQL[@39,N33]Result[19, 1]
select sum(char_length(c)) from t;
sum(char_length(c))
8

#SQL[@40,N27]Result[]
insert into t values ('\r');

#SQL[@41,N33]Result[19, 1]
select sum(char_length(c)) from t;
sum(char_length(c))
9

#SQL[@42,N27]Result[]
insert into t values ('10');

#SQL[@43,N33]Result[19, 2]
select sum(char_length(c)) from t;
sum(char_length(c))
11

#SQL[@44,N12]Result[]
drop table t;

#SQL[@49,N164]Result[]
create table t1(a tinyint, b SMALLINT, c BIGINT, d INT, e BIGINT, f FLOAT, g DOUBLE, h decimal(38,19), i DATE, k datetime, l TIMESTAMP, m char(255), n varchar(255));

#SQL[@50,N137]Result[]
insert into t1 values(1, 1, 2, 43, 5, 35.5, 31.133, 14.314, "2012-03-10",  "2012-03-12 10:03:12", "2022-03-12 13:03:12", "ab23c", "d5cf");

#SQL[@51,N138]Result[]
insert into t1 values(71, 1, 2, 34, 5, 5.5, 341.13, 15.314, "2012-03-22",  "2013-03-12 10:03:12", "2032-03-12 13:04:12", "abr23c", "3dcf");

#SQL[@52,N138]Result[]
insert into t1 values(1, 1, 21, 4, 54, 53.5, 431.13, 14.394, "2011-03-12",  "2015-03-12 10:03:12", "2002-03-12 13:03:12", "afbc", "dct5f");

#SQL[@53,N139]Result[]
insert into t1 values(1, 71, 2, 34, 5, 5.5, 31.313, 124.314, "2012-01-12",  "2019-03-12 10:03:12", "2013-03-12 13:03:12", "3abd1c", "dcvf");

#SQL[@54,N209]Result[254, 89, 89, 89, 89]
select char_length(a),char_length(b),char_length(c),char_length(d),char_length(e),char_length(f),char_length(g),char_length(h),char_length(i),char_length(k),char_length(l),char_length(m),char_length(n) from t1;
char_length(a)  ¦  char_length(b)  ¦  char_length(c)  ¦  char_length(d)  ¦  char_length(e)  ¦  char_length(f)  ¦  char_length(g)  ¦  char_length(h)  ¦  char_length(i)  ¦  char_length(k)  ¦  char_length(l)  ¦  char_length(m)  ¦  char_length(n)
1  ¦  1  ¦  1  ¦  2  ¦  1  ¦  4  ¦  6  ¦  22  ¦  10  ¦  19  ¦  19  ¦  5  ¦  4
2  ¦  1  ¦  1  ¦  2  ¦  1  ¦  3  ¦  6  ¦  22  ¦  10  ¦  19  ¦  19  ¦  6  ¦  4
1  ¦  1  ¦  2  ¦  1  ¦  2  ¦  4  ¦  6  ¦  22  ¦  10  ¦  19  ¦  19  ¦  4  ¦  5
1  ¦  2  ¦  1  ¦  2  ¦  1  ¦  3  ¦  6  ¦  23  ¦  10  ¦  19  ¦  19  ¦  6  ¦  4

#SQL[@55,N13]Result[]
drop table t1;

#SQL[@65,N38]Result[]
create table t1(a int, b varchar(255));

#SQL[@66,N53]Result[]
insert into t1 select char_length("你好"), "你好";

#SQL[@67,N53]Result[]
insert into t1 select char_length("再见"), "再见";

#SQL[@68,N41]Result[21, 8]
select distinct a, char_length(b) from t1;
a  ¦  char_length(b)
2  ¦  2

#SQL[@69,N13]Result[]
drop table t1;

#SQL[@72,N23]Result[]
drop table if exists t1;

#SQL[@73,N39]Result[]
create table t1(a INT,  b varchar(255));

#SQL[@74,N53]Result[]
insert into t1 select char_length("你好"), "你好";

#SQL[@75,N53]Result[]
insert into t1 select char_length("再见"), "再见";

#SQL[@76,N39]Result[8, 13, 13]
select * from t1 where char_length(b)=2;
a  ¦  b
2  ¦  你好
2  ¦  再见

#SQL[@77,N13]Result[]
drop table t1;

#SQL[@81,N23]Result[]
drop table if exists t1;

#SQL[@82,N23]Result[]
drop table if exists t2;

#SQL[@83,N39]Result[]
create table t1(a INT,  b varchar(255));

#SQL[@84,N39]Result[]
create table t2(a INT,  b varchar(255));

#SQL[@85,N53]Result[]
insert into t1 select char_length("你好"), "你好";

#SQL[@86,N53]Result[]
insert into t1 select char_length("再见"), "再见";

#SQL[@87,N59]Result[]
insert into t2 select char_length("今天"), "日期时间";

#SQL[@88,N53]Result[]
insert into t2 select char_length("明天"), "明天";

#SQL[@89,N76]Result[8, 8, 8]
SELECT t1.a, t2.a FROM t1 JOIN t2 ON (char_length(t1.b) = char_length(t2.b));
a  ¦  a
2  ¦  2
2  ¦  2

#SQL[@90,N13]Result[]
drop table t1;

#SQL[@91,N13]Result[]
drop table t2;

#SQL[@94,N23]Result[]
drop table if exists t1;

#SQL[@95,N39]Result[]
create table t1(a INT,  b varchar(255));

#SQL[@96,N53]Result[]
insert into t1 select char_length("你好"), "你好";

#SQL[@97,N53]Result[]
insert into t1 select char_length("再见"), "再见";

#SQL[@98,N51]Result[1, 6, 6]
select b from t1 group by b having char_length(b)<3;
b
你好
再见

#SQL[@99,N13]Result[]
drop table t1;

#SQL[@103,N50]Result[41, 1]
SELECT char_length("你好")+char_length("再见");
char_length(你好) + char_length(再见)
4

#SQL[@106,N40]Result[]
drop database if exists char_length_test;

#SQL[@107,N32]Result[]
create database char_length_test;

#SQL[@108,N20]Result[]
use char_length_test;

#SQL[@109,N44]Result[]
drop table if exists kb_portal_article_order;

#SQL[@110,N267]Result[]
CREATE TABLE kb_portal_article_order (
    id INT AUTO_INCREMENT PRIMARY KEY,
    uniqueCode VARCHAR(50) NOT NULL UNIQUE,
    esId VARCHAR(50),
    originalName VARCHAR(255),
    title VARCHAR(255) NOT NULL,
    spaceId INT NOT NULL,
    folderFullPath VARCHAR(500)
);

#SQL[@120,N43]Result[]
drop table if exists kb_portal_article_item;

#SQL[@121,N223]Result[]
CREATE TABLE kb_portal_article_item (
    itemId INT AUTO_INCREMENT PRIMARY KEY,
    uniqueCode VARCHAR(50) NOT NULL UNIQUE,
    rtfContent TEXT,
    FOREIGN KEY (uniqueCode) REFERENCES kb_portal_article_order(uniqueCode)
);

#SQL[@128,N264]Result[]
INSERT INTO kb_portal_article_order (uniqueCode, esId, originalName, title, spaceId, folderFullPath) VALUES
 ('UC001', 'ES_123', '原始文档1', 'SQL基础教程', 12, '技术/SQL'),
 ('UC002', 'ES_456', '原始文档2', '数据库设计', 12, '技术/数据库');

#SQL[@132,N226]Result[]
INSERT INTO kb_portal_article_item (uniqueCode, rtfContent) VALUES
 ('UC001', '本文介绍SQL语句的创建表、插入数据等操作...'), -- 富文本内容示例
 ('UC002', '数据库设计的三范式与ER图详解...');

#SQL[@136,N335]Result[124, 108, 114]
SELECT
    a.title AS question,
    a.id,
    a.uniqueCode,
    a.esId,
    a.originalName,
    CHAR_LENGTH(i.rtfContent) AS article_length,
    a.spaceId,
    a.folderFullPath AS category,
    '标题' AS data_source
FROM kb_portal_article_order a
LEFT JOIN kb_portal_article_item i ON i.uniqueCode = a.uniqueCode
WHERE a.spaceId = 12;
question  ¦  id  ¦  uniqueCode  ¦  esId  ¦  originalName  ¦  article_length  ¦  spaceId  ¦  category  ¦  data_source
SQL基础教程  ¦  1  ¦  UC001  ¦  ES_123  ¦  原始文档1  ¦  24  ¦  12  ¦  技术/SQL  ¦  标题
数据库设计  ¦  2  ¦  UC002  ¦  ES_456  ¦  原始文档2  ¦  18  ¦  12  ¦  技术/数据库  ¦  标题

#SQL[@150,N30]Result[]
drop database char_length_test;

