#SQL[@2,N31]Result[6, 4]
select 'ab' like '__' as result;
result
true

#SQL[@3,N31]Result[6, 4]
select 'ab' like '_%' as result;
result
true

#SQL[@4,N30]Result[6, 4]
select 'ab' like '%' as result;
result
true

#SQL[@5,N31]Result[6, 4]
select 'ab' like 'a_' as result;
result
true

#SQL[@6,N31]Result[6, 4]
select 'ab' like '_b' as result;
result
true

#SQL[@7,N30]Result[6, 4]
select 'ab' like '%' as result;
result
true

#SQL[@8,N30]Result[6, 5]
select 'ab' like '*' as result;
result
false

#SQL[@9,N29]Result[6, 4]
select '*' like '*' as result;
result
true

#SQL[@10,N31]Result[6, 4]
select '**' like '**' as result;
result
true

#SQL[@11,N31]Result[6, 4]
select '**' like '*_' as result;
result
true

#SQL[@12,N31]Result[6, 5]
select '**' like '*^' as result;
result
false

#SQL[@13,N25]Result[14, 4]
select '(_a)' like '(_a)';
(_a) like (_a)
true

#SQL[@14,N23]Result[]
drop table if exists t1;

#SQL[@15,N38]Result[]
create table t1(a int, b varchar(100));

#SQL[@16,N39]Result[]
insert into t1 values(1 , "PowerSlave");

#SQL[@17,N37]Result[]
insert into t1 values(2 , "Powerage");

#SQL[@18,N52]Result[]
insert into t1 values( 3 , "Singing Down the Lane" );

#SQL[@19,N51]Result[]
insert into t1 values(4 , "Ziltoid the Omniscient");

#SQL[@20,N47]Result[]
insert into t1 values(5 , "Casualties of Cool");

#SQL[@21,N38]Result[]
insert into t1 values( 6 , "Epicloud");

#SQL[@22,N46]Result[]
insert into t1 values(7 , "Somewhere in Time");

#SQL[@23,N42]Result[]
insert into t1 values(8 , "Piece of Mind");

#SQL[@24,N37]Result[]
insert into t1 values( 9 , "Killers");

#SQL[@25,N53]Result[]
insert into t1 values(10 , "No Prayer for the Dying");

#SQL[@26,N54]Result[]
insert into t1 values(11 , "No Sound Without Silence");

#SQL[@27,N44]Result[]
insert into t1 values(12 , "Big Swing Face");

#SQL[@28,N40]Result[]
insert into t1 values(13 , "Blue Night");

#SQL[@29,N38]Result[]
insert into t1 values(14 , "Eternity");

#SQL[@30,N41]Result[]
insert into t1 values(15 , "Scandinavia");

#SQL[@31,N48]Result[]
insert into t1 values(16 , "Long Lost Suitcase");

#SQL[@32,N46]Result[]
insert into t1 values(17 , "Praise and Blame");

#SQL[@33,N46]Result[]
insert into t1 values(18 , "Along Came Jones");

#SQL[@34,N45]Result[]
insert into t1 values(19 , "All Night Wrong");

#SQL[@35,N53]Result[]
insert into t1 values(20 , "The Sixteen Men of Tain");

#SQL[@36,N41]Result[8, 17, 15]
SELECT a, b
FROM t1
WHERE b like 'Power%';
a  ¦  b
1  ¦  PowerSlave
2  ¦  Powerage

#SQL[@39,N13]Result[]
drop table t1;

#SQL[@40,N48]Result[]
create table t1 (str1 varchar(25),str2 char(25));

#SQL[@41,N66]Result[]
insert into t1 values('a1','b1'),('a2', 'b2'),('%str1%', '%str2%');

#SQL[@42,N38]Result[14, 18]
select * from t1 where str1 like "%\%";
str1  ¦  str2
%str1%  ¦  %str2%

#SQL[@43,N38]Result[14, 18]
select * from t1 where str1 like "\%%";
str1  ¦  str2
%str1%  ¦  %str2%

#SQL[@45,N56]Result[6, 4]
select json_extract('{"a":1}', '$.a') like '1' as result;
result
true

#SQL[@46,N54]Result[6, 4]
select json_extract('{"a":1}', '$.a') like 1 as result;
result
true

#SQL[@47,N58]Result[6, 5]
select json_extract('{"a":"1"}', '$.a') like '1' as result;
result
false

#SQL[@48,N56]Result[6, 5]
select json_extract('{"a":"1"}', '$.a') like 1 as result;
result
false

#SQL[@49,N60]Result[6, 4]
select json_extract('{"a":"1"}', '$.a') like '%1%' as result;
result
true

#SQL[@50,N72]Result[6, 4]
select json_unquote(json_extract('{"a":"1"}', '$.a')) like '1' as result;
result
true

#SQL[@51,N70]Result[6, 4]
select json_unquote(json_extract('{"a":"1"}', '$.a')) like 1 as result;
result
true

