#SQL[@9,N47]Result[]
create table t1 (a double, b double, c double );

#SQL[@10,N30]Result[]
insert into t1 select -2,2,0.6;

#SQL[@11,N30]Result[]
insert into t1 select PI(),6,0;

#SQL[@12,N16]Result[15, 18, 31]
select * from t1;
a  ¦  b  ¦  c
-2  ¦  2  ¦  0.6
3.141592653589793  ¦  6  ¦  0

#SQL[@13,N13]Result[]
drop table t1;

#SQL[@16,N29]Result[14, 17]
SELECT PI() AS DefaultPiValue;
DefaultPiValue
3.141592653589793

#SQL[@17,N43]Result[7, 17]
SELECT PI()+0.000000000000000000 AS PiValue;
PiValue
3.141592653589793

#SQL[@19,N91]Result[]
CREATE TABLE Circle(Circle_id INT,  Radius DECIMAL(10, 3) NOT NULL,PRIMARY KEY(Circle_id ));

#SQL[@20,N88]Error[59]
INSERT INTO Circle(Radius )
VALUES
(2 ),(3),(10 ),(12.5 ),(6.80),
(4.60 ),(6),(20),(25) ;
invalid input: invalid default value for column 'circle_id'

#SQL[@27,N20]Result[]
SELECT * FROM Circle;

#SQL[@28,N101]Result[]
SELECT Circle_id, Radius,
PI() * Radius * Radius  AS Area,
2 * PI() * Radius AS Perimeter
FROM Circle;

#SQL[@32,N17]Result[]
drop table Circle;

#SQL[@36,N20]Result[4, 17]
SELECT distinct PI();
PI()
3.141592653589793

#SQL[@39,N18]Result[13, 22]
SELECT PI()-3.1415;
PI() - 3.1415
0.00009265358979293481

#SQL[@42,N23]Result[]
drop table if exists t1;

#SQL[@43,N32]Result[]
create table t1(a INT,  b float);

#SQL[@44,N42]Result[]
insert into t1 values(1,3.1415), (2, 4.14);

#SQL[@45,N33]Result[8, 13, 11]
select * from t1 where pi()-b<0.1;
a  ¦  b
1  ¦  3.1415
2  ¦  4.14

#SQL[@46,N13]Result[]
drop table t1;

#SQL[@51,N23]Result[]
drop table if exists t1;

#SQL[@52,N32]Result[]
create table t1(a INT,  b float);

#SQL[@53,N38]Result[]
insert into t1 values(1, 1.1), (2,2.2);

#SQL[@54,N41]Result[1, 3, 3]
select b from t1 group by b having b<pi();
b
1.1
2.2

#SQL[@55,N13]Result[]
drop table t1;

#SQL[@58,N23]Result[23, 24]
select pi(),sin(pi()/2);
pi()  ¦  sin(pi() / 2)
3.141592653589793  ¦  1

#SQL[@61,N32]Result[]
create table t1(a INT,  b float);

#SQL[@62,N32]Result[]
create table t2(a INT,  b float);

#SQL[@63,N60]Result[]
insert into t1 values(12124, -4213.413), (12124, -42413.409);

#SQL[@64,N59]Result[]
insert into t2 values(14124, -4213.413), (984798, -980.409);

#SQL[@65,N60]Result[8, 16]
SELECT t1.a, t2.a FROM t1 JOIN t2 ON (t1.b+pi() = t2.b+pi());
a  ¦  a
12124  ¦  14124

#SQL[@66,N13]Result[]
drop table t1;

#SQL[@67,N13]Result[]
drop table t2;

#SQL[@71,N18]Result[13, 19]
select pi()-1.04e5;
pi() - 1.04e5
-103996.85840734642

