#SQL[@4,N16]Result[9, 34]
SELECT SIN(PI());
SIN(PI())
0.00000000000000012246467991473515

#SQL[@5,N23]Result[16, 1]
SELECT ROUND(SIN(PI()));
ROUND(SIN(PI()))
0

#SQL[@6,N16]Result[9, 2]
SELECT COS(PI());
COS(PI())
-1

#SQL[@7,N14]Result[7, 19]
SELECT COT(12);
COT(12)
-1.5726734063976895

#SQL[@8,N16]Result[9, 35]
SELECT TAN(PI());
TAN(PI())
-0.00000000000000012246467991473515

#SQL[@9,N18]Result[13, 18]
SELECT TAN(PI()+1);
TAN(PI() + 1)
1.5574077246549016

#SQL[@11,N14]Result[7, 1]
SELECT ACOS(1);
ACOS(1)
0

#SQL[@12,N19]Error[39]
SELECT ACOS(1.0001);
invalid argument acos, bad value 1.0001

#SQL[@13,N14]Result[7, 18]
SELECT ACOS(0);
ACOS(0)
1.5707963267948966

#SQL[@14,N14]Result[7, 18]
SELECT ATAN(2);
ATAN(2)
1.1071487177940904

#SQL[@15,N15]Result[8, 19]
SELECT ATAN(-2);
ATAN(-2)
-1.1071487177940904

#SQL[@16,N17]Result[11, 19]
SELECT ATAN(-2,2);
ATAN(-2, 2)
-0.7853981633974483

#SQL[@21,N17]Result[10, 19]
SELECT SIN(13413);
SIN(13413)
-0.9995549842668945

#SQL[@22,N17]Result[10, 18]
SELECT SIN(-3114);
SIN(-3114)
0.6300986853612236

#SQL[@23,N13]Result[6, 18]
SELECT SIN(1);
SIN(1)
0.8414709848078965

#SQL[@24,N14]Result[7, 19]
SELECT SIN(-1);
SIN(-1)
-0.8414709848078965

#SQL[@25,N13]Result[6, 1]
SELECT SIN(0);
SIN(0)
0

#SQL[@26,N17]Result[10, 21]
SELECT SIN(0.001);
SIN(0.001)
0.0009999998333333417

#SQL[@27,N18]Result[11, 22]
SELECT SIN(-0.001);
SIN(-0.001)
-0.0009999998333333417

#SQL[@28,N17]Error[51]
SELECT SIN("ABC");
strconv.ParseFloat: parsing \"ABC\": invalid syntax

#SQL[@30,N17]Result[10, 20]
SELECT COS(13413);
COS(13413)
-0.02983007588338295

#SQL[@31,N17]Result[10, 19]
SELECT COS(-3114);
COS(-3114)
-0.7765150653439106

#SQL[@32,N13]Result[6, 18]
SELECT COS(1);
COS(1)
0.5403023058681398

#SQL[@33,N14]Result[7, 18]
SELECT COS(-1);
COS(-1)
0.5403023058681398

#SQL[@34,N13]Result[6, 1]
SELECT COS(0);
COS(0)
1

#SQL[@35,N17]Result[10, 18]
SELECT COS(0.001);
COS(0.001)
0.9999995000000417

#SQL[@36,N18]Result[11, 18]
SELECT COS(-0.001);
COS(-0.001)
0.9999995000000417

#SQL[@37,N17]Error[51]
SELECT COS("ABC");
strconv.ParseFloat: parsing \"ABC\": invalid syntax

#SQL[@39,N17]Result[10, 17]
SELECT TAN(13413);
TAN(13413)
33.50829505679211

#SQL[@40,N17]Result[10, 19]
SELECT TAN(-3114);
TAN(-3114)
-0.8114442507076914

#SQL[@41,N13]Result[6, 17]
SELECT TAN(1);
TAN(1)
1.557407724654902

#SQL[@42,N14]Result[7, 18]
SELECT TAN(-1);
TAN(-1)
-1.557407724654902

#SQL[@43,N13]Result[6, 1]
SELECT TAN(0);
TAN(0)
0

#SQL[@44,N17]Result[10, 21]
SELECT TAN(0.001);
TAN(0.001)
0.0010000003333334668

#SQL[@45,N18]Result[11, 22]
SELECT TAN(-0.001);
TAN(-0.001)
-0.0010000003333334668

#SQL[@46,N17]Error[51]
SELECT TAN("ABC");
strconv.ParseFloat: parsing \"ABC\": invalid syntax

#SQL[@48,N17]Result[10, 19]
SELECT COT(13413);
COT(13413)
0.02984335664587436

#SQL[@49,N17]Result[10, 18]
SELECT COT(-3114);
COT(-3114)
-1.232370553032478

#SQL[@50,N13]Result[6, 18]
SELECT COT(1);
COT(1)
0.6420926159343306

#SQL[@51,N14]Result[7, 19]
SELECT COT(-1);
COT(-1)
-0.6420926159343308

#SQL[@52,N17]Result[10, 17]
SELECT COT(0.001);
COT(0.001)
999.9996666666933

#SQL[@53,N18]Result[11, 18]
SELECT COT(-0.001);
COT(-0.001)
-999.9996666668156

#SQL[@55,N13]Error[33]
select cot(0);
invalid argument cot, bad value 0

#SQL[@66,N18]Result[11, 17]
SELECT ATAN(13413);
ATAN(13413)
1.570721772258391

#SQL[@67,N18]Result[11, 19]
SELECT ATAN(-3114);
ATAN(-3114)
-1.5704751964270016

#SQL[@68,N14]Result[7, 18]
SELECT ATAN(1);
ATAN(1)
0.7853981633974483

#SQL[@69,N15]Result[8, 19]
SELECT ATAN(-1);
ATAN(-1)
-0.7853981633974483

#SQL[@70,N14]Result[7, 1]
SELECT ATAN(0);
ATAN(0)
0

#SQL[@71,N18]Result[11, 21]
SELECT ATAN(0.001);
ATAN(0.001)
0.0009999996666668668

#SQL[@72,N19]Result[12, 22]
SELECT ATAN(-0.001);
ATAN(-0.001)
-0.0009999996666668668

#SQL[@73,N18]Error[51]
SELECT ATAN("ABC");
strconv.ParseFloat: parsing \"ABC\": invalid syntax

#SQL[@85,N16]Result[9, 4]
SELECT SIN(NULL);
SIN(null)
null

#SQL[@86,N16]Result[9, 4]
SELECT COS(NULL);
COS(null)
null

#SQL[@87,N16]Result[9, 4]
SELECT TAN(NULL);
TAN(null)
null

#SQL[@88,N16]Result[9, 4]
SELECT COT(NULL);
COT(null)
null

#SQL[@90,N17]Result[10, 4]
SELECT ACOS(NULL);
ACOS(null)
null

#SQL[@91,N17]Result[10, 4]
SELECT ATAN(NULL);
ATAN(null)
null

#SQL[@97,N164]Result[]
create table t1(a tinyint, b SMALLINT, c bigint, d INT, e BIGINT, f FLOAT, g DOUBLE, h decimal(38,19), i DATE, k datetime, l TIMESTAMP, m char(255), n varchar(255));

#SQL[@98,N136]Result[]
insert into t1 values(1, 1, 2, 43, 5, 35.5, 31.133, 14.314, "2012-03-10", "2012-03-12 10:03:12", "2022-03-12 13:03:12", "ab23c", "d5cf");

#SQL[@99,N137]Result[]
insert into t1 values(71, 1, 2, 34, 5, 5.5, 341.13, 15.314, "2012-03-22", "2013-03-12 10:03:12", "2032-03-12 13:04:12", "abr23c", "3dcf");

#SQL[@100,N137]Result[]
insert into t1 values(1, 1, 21, 4, 54, 53.5, 431.13, 14.394, "2011-03-12", "2015-03-12 10:03:12", "2002-03-12 13:03:12", "afbc", "dct5f");

#SQL[@101,N138]Result[]
insert into t1 values(1, 71, 2, 34, 5, 5.5, 31.313, 124.314, "2012-01-12", "2019-03-12 10:03:12", "2013-03-12 13:03:12", "3abd1c", "dcvf");

#SQL[@102,N52]Result[55, 113, 118, 113, 113]
select sin(a), cos(a), tan(a),cot(a),atan(a) from t1;
sin(a)  ¦  cos(a)  ¦  tan(a)  ¦  cot(a)  ¦  atan(a)
0.8414709848078965  ¦  0.5403023058681398  ¦  1.557407724654902  ¦  0.6420926159343306  ¦  0.7853981633974483
0.9510546532543747  ¦  -0.3090227281660707  ¦  -3.0776204031933605  ¦  -0.32492636160145394  ¦  1.5567127509720364
0.8414709848078965  ¦  0.5403023058681398  ¦  1.557407724654902  ¦  0.6420926159343306  ¦  0.7853981633974483
0.8414709848078965  ¦  0.5403023058681398  ¦  1.557407724654902  ¦  0.6420926159343306  ¦  0.7853981633974483

#SQL[@103,N52]Result[55, 113, 113, 113, 118]
select sin(b), cos(b), tan(b),cot(b),atan(b) from t1;
sin(b)  ¦  cos(b)  ¦  tan(b)  ¦  cot(b)  ¦  atan(b)
0.8414709848078965  ¦  0.5403023058681398  ¦  1.557407724654902  ¦  0.6420926159343306  ¦  0.7853981633974483
0.8414709848078965  ¦  0.5403023058681398  ¦  1.557407724654902  ¦  0.6420926159343306  ¦  0.7853981633974483
0.8414709848078965  ¦  0.5403023058681398  ¦  1.557407724654902  ¦  0.6420926159343306  ¦  0.7853981633974483
0.9510546532543747  ¦  -0.3090227281660707  ¦  -3.0776204031933605  ¦  -0.32492636160145394  ¦  1.5567127509720364

#SQL[@104,N52]Result[55, 116, 116, 116, 116]
select sin(c), cos(c), tan(c),cot(c),atan(c) from t1;
sin(c)  ¦  cos(c)  ¦  tan(c)  ¦  cot(c)  ¦  atan(c)
0.9092974268256816  ¦  -0.4161468365471424  ¦  -2.185039863261519  ¦  -0.4576575543602858  ¦  1.1071487177940904
0.9092974268256816  ¦  -0.4161468365471424  ¦  -2.185039863261519  ¦  -0.4576575543602858  ¦  1.1071487177940904
0.836655638536056  ¦  -0.5477292602242685  ¦  -1.5274985276366033  ¦  -0.6546651154860551  ¦  1.5232132235179132
0.9092974268256816  ¦  -0.4161468365471424  ¦  -2.185039863261519  ¦  -0.4576575543602858  ¦  1.1071487177940904

#SQL[@105,N52]Result[55, 117, 117, 116, 117]
select sin(d), cos(d), tan(d),cot(d),atan(d) from t1;
sin(d)  ¦  cos(d)  ¦  tan(d)  ¦  cot(d)  ¦  atan(d)
-0.8317747426285983  ¦  0.5551133015206257  ¦  -1.4983873388551707  ¦  -0.6673841763532501  ¦  1.5475447039844337
0.5290826861200238  ¦  -0.8485702747846051  ¦  -0.6234989627162255  ¦  -1.6038519064146837  ¦  1.5413930385908914
-0.7568024953079282  ¦  -0.6536436208636119  ¦  1.1578212823495775  ¦  0.8636911544506165  ¦  1.3258176636680323
0.5290826861200238  ¦  -0.8485702747846051  ¦  -0.6234989627162255  ¦  -1.6038519064146837  ¦  1.5413930385908914

#SQL[@106,N52]Result[55, 118, 118, 115, 118]
select sin(e), cos(e), tan(e),cot(e),atan(e) from t1;
sin(e)  ¦  cos(e)  ¦  tan(e)  ¦  cot(e)  ¦  atan(e)
-0.9589242746631385  ¦  0.2836621854632263  ¦  -3.3805150062465854  ¦  -0.29581291553274563  ¦  1.3734007669450157
-0.9589242746631385  ¦  0.2836621854632263  ¦  -3.3805150062465854  ¦  -0.29581291553274563  ¦  1.3734007669450157
-0.5587890488516162  ¦  -0.8293098328631501  ¦  0.6738001006480598  ¦  1.484119695200706  ¦  1.5522799247268875
-0.9589242746631385  ¦  0.2836621854632263  ¦  -3.3805150062465854  ¦  -0.29581291553274563  ¦  1.3734007669450157

#SQL[@107,N52]Result[55, 114, 114, 118, 114]
select sin(f), cos(f), tan(f),cot(f),atan(f) from t1;
sin(f)  ¦  cos(f)  ¦  tan(f)  ¦  cot(f)  ¦  atan(f)
-0.8090187662119064  ¦  -0.587782813560387  ¦  1.3763906455709771  ¦  0.7265379223680839  ¦  1.542634759807004
-0.7055403255703919  ¦  0.70866977429126  ¦  -0.995584052213885  ¦  -1.0044355348765333  ¦  1.3909428270024182
-0.09279121175730869  ¦  -0.9956855884367366  ¦  0.09319328594782049  ¦  10.730386742237258  ¦  1.5521069143479909
-0.7055403255703919  ¦  0.70866977429126  ¦  -0.995584052213885  ¦  -1.0044355348765333  ¦  1.3909428270024182

#SQL[@108,N52]Result[55, 117, 118, 116, 113]
select sin(g), cos(g), tan(g),cot(g),atan(g) from t1;
sin(g)  ¦  cos(g)  ¦  tan(g)  ¦  cot(g)  ¦  atan(g)
-0.27916702435082624  ¦  0.960242559208404  ¦  -0.2907255272886086  ¦  -3.4396704318547444  ¦  1.5386871079895943
0.9645147349480211  ¦  -0.2640290250486648  ¦  -3.6530632750329075  ¦  -0.27374286310192997  ¦  1.5678649014274997
-0.6682146725852425  ¦  -0.7439685150204929  ¦  0.8981760102668273  ¦  1.1133675232573985  ¦  1.5684768449526045
-0.10274490038158632  ¦  0.9947077387079974  ¦  -0.103291546233509  ¦  -9.681334402133349  ¦  1.5388715592334

#SQL[@110,N52]Result[55, 117, 116, 117, 119]
select sin(h), cos(h), tan(h),cot(h),atan(h) from t1;
sin(h)  ¦  cos(h)  ¦  tan(h)  ¦  cot(h)  ¦  atan(h)
0.9844057342302102  ¦  -0.1759129057649856  ¦  -5.595983591706153  ¦  -0.17869959473828825  ¦  1.5010479781071042
0.3838510820599206  ¦  -0.923395011250022  ¦  -0.41569542544992977  ¦  -2.4056074201866564  ¦  1.505589178172813
0.9671992895453196  ¦  -0.2540187676196956  ¦  -3.807589882466334  ¦  -0.26263332734571165  ¦  1.5014343848467917
-0.9756589591814997  ¦  0.21929340019451715  ¦  -4.4491031573046556  ¦  -0.22476439962022424  ¦  1.5627523540210526

#SQL[@111,N60]Error[47]
select sin(i), cos(i), tan(i),cot(i),acos(i),atan(i) from t1;
invalid argument function sin, bad value [DATE]

#SQL[@112,N60]Error[51]
select sin(k), cos(k), tan(k),cot(k),acos(k),atan(k) from t1;
invalid argument function sin, bad value [DATETIME]

#SQL[@113,N60]Error[52]
select sin(l), cos(l), tan(l),cot(l),acos(l),atan(l) from t1;
invalid argument function sin, bad value [TIMESTAMP]

#SQL[@116,N13]Result[]
drop table t1;

#SQL[@127,N24]Result[]
Create table t1(a float);

#SQL[@128,N30]Result[]
insert into t1 select (sin(1));

#SQL[@129,N30]Result[]
insert into t1 select (cos(1));

#SQL[@130,N30]Result[]
insert into t1 select (tan(1));

#SQL[@131,N30]Result[]
insert into t1 select (cot(1));

#SQL[@132,N31]Result[]
insert into t1 select (acos(1));

#SQL[@133,N31]Result[]
insert into t1 select (atan(1));

#SQL[@134,N30]Result[]
insert into t1 select (sin(1));

#SQL[@135,N30]Result[]
insert into t1 select (cos(1));

#SQL[@136,N30]Result[]
insert into t1 select (tan(1));

#SQL[@137,N30]Result[]
insert into t1 select (cot(1));

#SQL[@138,N31]Result[]
insert into t1 select (acos(1));

#SQL[@139,N31]Result[]
insert into t1 select (atan(1));

#SQL[@142,N30]Result[6, 18, 18, 18, 18, 1, 18]
select distinct sin(a) from t1;
sin(a)
0.7456241230036047
0.5143952334342761
0.9999103741675135
0.5988726343417219
0
0.7071067966408575

#SQL[@143,N30]Result[6, 18, 18, 19, 18, 1, 18]
select distinct cos(a) from t1;
cos(a)
0.6663667662744783
0.8575532308959583
0.01338819002640532
0.8008442843877993
1
0.7071067657322373

#SQL[@144,N30]Result[6, 17, 18, 16, 17, 1, 17]
select distinct tan(a) from t1;
tan(a)
1.118939540115781
0.5998405870348643
74.6860010348976
0.747801596410876
0
1.000000043711391

#SQL[@146,N31]Error[51]
select distinct acos(a) from t1;
invalid argument acos, bad value 1.5574077367782593

#SQL[@147,N31]Result[7, 18, 18, 16, 18, 1, 18]
select distinct atan(a) from t1;
atan(a)
0.6995216279525448
0.4953672665727952
1.00000000353913
0.5707963474946961
0
0.6657737635458051

#SQL[@149,N13]Result[]
drop table t1;

#SQL[@153,N23]Result[]
drop table if exists t1;

#SQL[@154,N32]Result[]
create table t1(a INT,  b float);

#SQL[@155,N46]Result[]
insert into t1 values(1, 0),(0, 1),(1,1),(0,0);

#SQL[@156,N37]Result[8, 8, 8, 8, 8]
select * from t1 where sin(a)<>cos(b);
a  ¦  b
1  ¦  0
0  ¦  1
1  ¦  1
0  ¦  0

#SQL[@157,N37]Result[8, 8, 8, 8, 8]
select * from t1 where sin(b)<>cos(a);
a  ¦  b
1  ¦  0
0  ¦  1
1  ¦  1
0  ¦  0

#SQL[@158,N41]Result[8, 8, 8, 8, 8]
select * from t1 where tan(b)<>cot(a-0.5);
a  ¦  b
1  ¦  0
0  ¦  1
1  ¦  1
0  ¦  0

#SQL[@159,N39]Result[8, 8, 8, 8]
select * from t1 where atan(b)<>acos(a);
a  ¦  b
0  ¦  1
1  ¦  1
0  ¦  0

#SQL[@161,N13]Result[]
drop table t1;

#SQL[@165,N32]Result[]
create table t1(a INT,  b float);

#SQL[@166,N32]Result[]
create table t2(a INT,  b float);

#SQL[@167,N46]Result[]
insert into t1 values(1, 0),(0, 1),(1,1),(0,0);

#SQL[@168,N46]Result[]
insert into t2 values(0, 1),(1, 0),(1,1),(0,0);

#SQL[@170,N58]Result[8, 8, 8, 8, 8, 8, 8, 8, 8]
SELECT t1.a, t2.a FROM t1 JOIN t2 ON (sin(t1.a)=sin(t2.b));
a  ¦  a
1  ¦  0
1  ¦  1
0  ¦  1
0  ¦  0
1  ¦  0
1  ¦  1
0  ¦  1
0  ¦  0

#SQL[@171,N58]Result[8, 8, 8, 8, 8, 8, 8, 8, 8]
SELECT t1.a, t2.a FROM t1 JOIN t2 ON (cos(t1.a)=cos(t2.b));
a  ¦  a
1  ¦  0
1  ¦  1
0  ¦  1
0  ¦  0
1  ¦  0
1  ¦  1
0  ¦  1
0  ¦  0

#SQL[@172,N58]Result[8, 8, 8, 8, 8, 8, 8, 8, 8]
SELECT t1.a, t2.a FROM t1 JOIN t2 ON (tan(t1.a)=tan(t2.b));
a  ¦  a
1  ¦  0
1  ¦  1
0  ¦  1
0  ¦  0
1  ¦  0
1  ¦  1
0  ¦  1
0  ¦  0

#SQL[@173,N66]Result[8, 8, 8, 8, 8, 8, 8, 8, 8]
SELECT t1.a, t2.a FROM t1 JOIN t2 ON (cot(t1.a-0.5)=cot(t2.b-0.5));
a  ¦  a
1  ¦  0
1  ¦  1
0  ¦  1
0  ¦  0
1  ¦  0
1  ¦  1
0  ¦  1
0  ¦  0

#SQL[@174,N60]Result[8, 8, 8, 8, 8, 8, 8, 8, 8]
SELECT t1.a, t2.a FROM t1 JOIN t2 ON (acos(t1.a)=acos(t2.b));
a  ¦  a
1  ¦  0
1  ¦  1
0  ¦  1
0  ¦  0
1  ¦  0
1  ¦  1
0  ¦  1
0  ¦  0

#SQL[@175,N60]Result[8, 8, 8, 8, 8, 8, 8, 8, 8]
SELECT t1.a, t2.a FROM t1 JOIN t2 ON (atan(t1.a)=atan(t2.b));
a  ¦  a
1  ¦  0
1  ¦  1
0  ¦  1
0  ¦  0
1  ¦  0
1  ¦  1
0  ¦  1
0  ¦  0

#SQL[@177,N13]Result[]
drop table t1;

#SQL[@178,N13]Result[]
drop table t2;

#SQL[@181,N23]Result[]
drop table if exists t1;

#SQL[@182,N32]Result[]
create table t1(a INT,  b float);

#SQL[@183,N46]Result[]
insert into t1 values(1, 0),(0, 1),(1,1),(0,0);

#SQL[@184,N43]Result[1, 1]
SELECT a FROM t1 group by a having sin(a)>0;
a
1

#SQL[@185,N43]Result[1, 1, 1]
SELECT a FROM t1 group by a having cos(a)>0;
a
1
0

#SQL[@186,N43]Result[1, 1]
SELECT a FROM t1 group by a having tan(a)>0;
a
1

#SQL[@187,N47]Result[1, 1]
SELECT a FROM t1 group by a having cot(a-0.5)>0;
a
1

#SQL[@188,N44]Result[1, 1]
SELECT a FROM t1 group by a having acos(a)>0;
a
0

#SQL[@189,N44]Result[1, 1]
SELECT a FROM t1 group by a having atan(a)>0;
a
1

#SQL[@190,N13]Result[]
drop table t1;

#SQL[@193,N19]Result[12, 18]
SELECT sin(0.745e5);
sin(0.745e5)
0.2684780940249433

#SQL[@194,N17]Result[10, 17]
SELECT cos(1.1e5);
cos(1.1e5)
0.962472104675665

#SQL[@195,N17]Result[10, 19]
SELECT tan(1.1e5);
tan(1.1e5)
0.28196207581277094

#SQL[@196,N17]Result[10, 19]
SELECT cot(0.7e5);
cot(0.7e5)
-0.6889761663705417

#SQL[@198,N18]Error[39]
SELECT acos(1.1e5);
invalid argument acos, bad value 110000

#SQL[@199,N18]Result[11, 17]
SELECT atan(1.1e5);
atan(1.1e5)
1.570787235885806

