#SQL[@2,N67]Result[56, 8]
select timediff(cast('22:22:22' as time), cast('11:11:11' as time));
timediff(cast(22:22:22 as time), cast(11:11:11 as time))
11:11:11

#SQL[@3,N68]Result[57, 8]
select timediff(cast('22:22:22' as time), cast('-11:11:11' as time));
timediff(cast(22:22:22 as time), cast(-11:11:11 as time))
33:33:33

#SQL[@4,N68]Result[57, 9]
select timediff(cast('-22:22:22' as time), cast('11:11:11' as time));
timediff(cast(-22:22:22 as time), cast(11:11:11 as time))
-33:33:33

#SQL[@5,N69]Result[58, 9]
select timediff(cast('-22:22:22' as time), cast('-11:11:11' as time));
timediff(cast(-22:22:22 as time), cast(-11:11:11 as time))
-11:11:11

#SQL[@6,N68]Result[56, 9]
select timediff(cast('11:11:11' as time) , cast('22:22:22' as time));
timediff(cast(11:11:11 as time), cast(22:22:22 as time))
-11:11:11

#SQL[@7,N69]Result[57, 8]
select timediff(cast('11:11:11' as time) , cast('-22:22:22' as time));
timediff(cast(11:11:11 as time), cast(-22:22:22 as time))
33:33:33

#SQL[@8,N69]Result[57, 9]
select timediff(cast('-11:11:11' as time) , cast('22:22:22' as time));
timediff(cast(-11:11:11 as time), cast(22:22:22 as time))
-33:33:33

#SQL[@9,N70]Result[58, 8]
select timediff(cast('-11:11:11' as time) , cast('-22:22:22' as time));
timediff(cast(-11:11:11 as time), cast(-22:22:22 as time))
11:11:11

#SQL[@10,N71]Result[59, 11]
select timediff(cast('-838:59:59' as time) , cast('838:59:59' as time));
timediff(cast(-838:59:59 as time), cast(838:59:59 as time))
-1677:59:58

#SQL[@11,N71]Result[59, 10]
select timediff(cast('838:59:59' as time) , cast('-838:59:59' as time));
timediff(cast(838:59:59 as time), cast(-838:59:59 as time))
1677:59:58

#SQL[@12,N70]Result[58, 8]
select timediff(cast('838:59:59' as time) , cast('838:59:59' as time));
timediff(cast(838:59:59 as time), cast(838:59:59 as time))
00:00:00

#SQL[@15,N47]Result[38, 4]
select timediff(cast('22:22:22' as time), null);
timediff(cast(22:22:22 as time), null)
null

#SQL[@16,N47]Result[38, 4]
select timediff(null, cast('11:11:11' as time));
timediff(null, cast(11:11:11 as time))
null

#SQL[@17,N27]Result[20, 4]
select timediff(null, null);
timediff(null, null)
null

#SQL[@20,N97]Result[86, 12]
select timediff(CAST('2017-08-08 22:22:22' as datetime), CAST('2000-01-02 11:00:00' as datetime));
timediff(cast(2017-08-08 22:22:22 as datetime), cast(2000-01-02 11:00:00 as datetime))
154283:22:22

#SQL[@21,N97]Result[86, 8]
select timediff(CAST('2012-12-12 22:22:22' as datetime), CAST('2012-12-12 11:11:11' as datetime));
timediff(cast(2012-12-12 22:22:22 as datetime), cast(2012-12-12 11:11:11 as datetime))
11:11:11

#SQL[@22,N97]Result[86, 8]
select timediff(CAST('2012-12-12 22:22:22' as datetime), CAST('2012-12-12 22:22:22' as datetime));
timediff(cast(2012-12-12 22:22:22 as datetime), cast(2012-12-12 22:22:22 as datetime))
00:00:00

#SQL[@23,N97]Result[86, 12]
select timediff(CAST('2012-12-12 22:22:22' as datetime), CAST('2000-12-12 11:11:11' as datetime));
timediff(cast(2012-12-12 22:22:22 as datetime), cast(2000-12-12 11:11:11 as datetime))
105203:11:11

#SQL[@24,N97]Result[86, 13]
select timediff(CAST('2000-12-12 11:11:11' as datetime), CAST('2012-12-12 22:22:22' as datetime));
timediff(cast(2000-12-12 11:11:11 as datetime), cast(2012-12-12 22:22:22 as datetime))
-105203:11:11

#SQL[@25,N97]Result[86, 10]
select timediff(CAST('2012-12-12 22:22:22' as datetime), CAST('2012-10-10 11:11:11' as datetime));
timediff(cast(2012-12-12 22:22:22 as datetime), cast(2012-10-10 11:11:11 as datetime))
1523:11:11

#SQL[@26,N97]Result[86, 11]
select timediff(CAST('2012-10-10 11:11:11' as datetime), CAST('2012-12-12 22:22:22' as datetime));
timediff(cast(2012-10-10 11:11:11 as datetime), cast(2012-12-12 22:22:22 as datetime))
-1523:11:11

#SQL[@27,N97]Result[86, 8]
select timediff(CAST('2012-12-12 22:22:22' as datetime), CAST('2012-12-10 11:11:11' as datetime));
timediff(cast(2012-12-12 22:22:22 as datetime), cast(2012-12-10 11:11:11 as datetime))
59:11:11

#SQL[@28,N97]Result[86, 9]
select timediff(CAST('2012-12-10 11:11:11' as datetime), CAST('2012-12-12 22:22:22' as datetime));
timediff(cast(2012-12-10 11:11:11 as datetime), cast(2012-12-12 22:22:22 as datetime))
-59:11:11

#SQL[@29,N97]Result[86, 8]
select timediff(CAST('2012-12-10 11:11:11' as datetime), CAST('2012-12-10 11:11:11' as datetime));
timediff(cast(2012-12-10 11:11:11 as datetime), cast(2012-12-10 11:11:11 as datetime))
00:00:00

#SQL[@32,N62]Result[53, 4]
SELECT TIMEDIFF(CAST('2012-12-12 11:11:11' AS DATETIME), NULL);
TIMEDIFF(cast(2012-12-12 11:11:11 as datetime), null)
null

#SQL[@33,N62]Result[53, 4]
SELECT TIMEDIFF(NULL, CAST('2012-12-12 11:11:11' AS DATETIME));
TIMEDIFF(null, cast(2012-12-12 11:11:11 as datetime))
null

#SQL[@34,N27]Result[20, 4]
SELECT TIMEDIFF(NULL, NULL);
TIMEDIFF(null, null)
null

#SQL[@37,N82]Error[61]
select timediff(CAST('2017-08-08 22:22:22' as datetime), cast('11:11:11' as time));
invalid input: timediff function have invalid input args type

#SQL[@38,N82]Error[61]
select timediff(cast('11:11:11' as time), cast('2017-08-08 22:22:22' as datetime));
invalid input: timediff function have invalid input args type

#SQL[@39,N59]Error[63]
select timediff(CAST('2017-08-08 22:22:22' as datetime), 1);
invalid argument function timediff, bad value [DATETIME BIGINT]

#SQL[@41,N23]Result[]
drop table if exists t1;

#SQL[@42,N31]Result[]
create table t1(a INT,  b time);

#SQL[@43,N36]Result[]
insert into t1 values(1, '22:22:22');

#SQL[@44,N36]Result[]
insert into t1 values(2, '11:11:11');

#SQL[@45,N37]Result[]
insert into t1 values(3, '-22:22:22');

#SQL[@46,N37]Result[]
insert into t1 values(4, '-11:11:11');

#SQL[@47,N37]Result[]
insert into t1 values(5, '838:59:59');

#SQL[@48,N38]Result[]
insert into t1 values(6, '-838:59:59');

#SQL[@49,N36]Result[]
insert into t1 values(7, '00:00:00');

#SQL[@50,N55]Result[42, 15, 15, 15, 15, 17, 16, 15]
select a, timediff(cast('22:22:22' as time), b) from t1;
a  ¦  timediff(cast(22:22:22 as time), b)
1  ¦  00:00:00
2  ¦  11:11:11
3  ¦  44:44:44
4  ¦  33:33:33
5  ¦  -816:37:37
6  ¦  861:22:21
7  ¦  22:22:22

#SQL[@51,N55]Result[42, 15, 16, 16, 16, 16, 17, 16]
select a, timediff(b, cast('22:22:22' as time)) from t1;
a  ¦  timediff(b, cast(22:22:22 as time))
1  ¦  00:00:00
2  ¦  -11:11:11
3  ¦  -44:44:44
4  ¦  -33:33:33
5  ¦  816:37:37
6  ¦  -861:22:21
7  ¦  -22:22:22

#SQL[@52,N13]Result[]
drop table t1;

#SQL[@54,N23]Result[]
drop table if exists t2;

#SQL[@55,N35]Result[]
create table t2(a INT,  b datetime);

#SQL[@56,N47]Result[]
insert into t2 values(1, '2012-12-12 23:22:22');

#SQL[@57,N47]Result[]
insert into t2 values(2, '2012-12-10 11:11:11');

#SQL[@58,N47]Result[]
insert into t2 values(3, '2012-12-14 11:11:11');

#SQL[@59,N47]Result[]
insert into t2 values(4, '2012-12-20 11:11:11');

#SQL[@60,N47]Result[]
insert into t2 values(2, '2012-10-10 11:11:11');

#SQL[@61,N70]Result[57, 16, 15, 16, 17, 17]
select a, timediff(cast('2012-12-12 22:22:21' as datetime), b) from t2;
a  ¦  timediff(cast(2012-12-12 22:22:21 as datetime), b)
1  ¦  -01:00:01
2  ¦  59:11:10
3  ¦  -36:48:50
4  ¦  -180:48:50
2  ¦  1523:11:10

#SQL[@62,N70]Result[57, 15, 16, 15, 16, 18]
select a, timediff(b, cast('2012-12-12 22:22:21' as datetime)) from t2;
a  ¦  timediff(b, cast(2012-12-12 22:22:21 as datetime))
1  ¦  01:00:01
2  ¦  -59:11:10
3  ¦  36:48:50
4  ¦  180:48:50
2  ¦  -1523:11:10

#SQL[@63,N13]Result[]
drop table t2;

#SQL[@65,N26]Result[18, 4]
select timediff('20',NULL);
timediff(20, null)
null

#SQL[@66,N32]Result[24, 4]
select timediff(NULL,'24:59:09');
timediff(null, 24:59:09)
null

#SQL[@67,N32]Result[22, 16]
select timediff('20','24:59:09');
timediff(20, 24:59:09)
-24:58:49.000000

#SQL[@68,N35]Result[25, 16]
select timediff('12:00','24:59:09');
timediff(12:00, 24:59:09)
-12:59:09.000000

#SQL[@69,N37]Result[27, 17]
select timediff('-838:59:59','-1122');
timediff(-838:59:59, -1122)
-838:48:37.000000

#SQL[@70,N38]Result[28, 16]
select timediff('12:00:00','24:59:09');
timediff(12:00:00, 24:59:09)
-12:59:09.000000

#SQL[@72,N29]Result[]
drop table if exists  time_01;

#SQL[@73,N45]Result[]
create table time_01(t1 time,t2 time,t3 time);

#SQL[@74,N71]Result[]
insert into time_01 values("-838:59:59.0000","838:59:59.00","22:00:00");

#SQL[@75,N53]Result[]
insert into time_01 values("0:00:00.0000","0","0:00");

#SQL[@76,N42]Result[]
insert into time_01 values(null,NULL,null);

#SQL[@77,N47]Result[]
insert into time_01 values("23","1122","-1122");

#SQL[@78,N50]Result[]
insert into time_01 values("101412","4","-101219");

#SQL[@79,N88]Result[]
insert into time_01 values("24:59:09.932823","24:02:00.93282332424","24:20:34.00000000");

#SQL[@80,N63]Result[]
insert into time_01 values("2022-09-08 12:00:01","019","23403");

#SQL[@81,N35]Result[16, 11, 8, 4, 9, 8, 8, 8]
select timediff(t1,t2) from time_01;
timediff(t1, t2)
-1677:59:58
00:00:00
null
-00:10:59
10:14:08
00:57:09
11:59:42

#SQL[@82,N18]Result[]
drop table time_01;

