#SQL[@1,N20]Result[11, 32]
SELECT md5('616263');
md5(616263)
0e04049912772820000827e2da893ae2

#SQL[@2,N14]Result[5, 32]
SELECT md5('');
md5()
d41d8cd98f00b204e9800998ecf8427e

#SQL[@3,N16]Result[9, 4]
SELECT md5(NULL);
md5(null)
null

#SQL[@4,N17]Result[8, 32]
SELECT md5('abc');
md5(abc)
900150983cd24fb0d6963f7d28e17f72

#SQL[@5,N13]Result[6, 32]
SELECT md5(0);
md5(0)
cfcd208495d565ef66e7dff9f98764da

#SQL[@6,N18]Result[11, 32]
SELECT md5(616263);
md5(616263)
0e04049912772820000827e2da893ae2

#SQL[@7,N20]Result[13, 32]
SELECT md5(0.000000);
md5(0.000000)
2d0d659d374801a71f65622406b26458

#SQL[@8,N23]Result[16, 32]
SELECT md5(0.134564621);
md5(0.134564621)
af5b1408280c209261fca320c246746f

#SQL[@9,N28]Result[19, 32]
select md5('kfieli3453l5lj');
md5(kfieli3453l5lj)
05fb943825ddb699623d2e775de926bd

#SQL[@10,N16]Result[7, 32]
select md5('  ');
md5(  )
23b58def11b45727d3351702515f86af

#SQL[@11,N20]Result[11, 32]
select md5('中文');
md5(中文)
a7bac2239fcdcb3a067903d8077c4a07

#SQL[@12,N20]Result[11, 32]
select md5('0x45df');
md5(0x45df)
a9c1027a22460c65f55b8e9f9783ca0e

#SQL[@13,N31]Result[21, 32]
select md5('#$%^&*()!++={}|\~');
md5(#$%^&*()!++={}|~)
f71510a000e9f8ec1aa7dd10e2fc61cf

#SQL[@14,N242]Result[233, 32]
select md5('flijeoijfoiejetjioejo349857789345789$%^&ljiofejiojaojfieoaio7934729749263589237592739284920983075jkncmnd,sfkjdsfsfflijeoijfoiejetjioejo349857789345789$%^&ljiofejiojaojfieoaio7934729749263589237592739284920983075jkncmnd,sfkjdsfsf');
md5(flijeoijfoiejetjioejo349857789345789$%^&ljiofejiojaojfieoaio7934729749263589237592739284920983075jkncmnd,sfkjdsfsfflijeoijfoiejetjioejo349857789345789$%^&ljiofejiojaojfieoaio7934729749263589237592739284920983075jkncmnd,sfkjdsfsf)
630b86b6f72337e121f64962284b8510

#SQL[@15,N36]Result[26, 32]
select md5(concat('aife',' 883fdg'));
md5(concat(aife,  883fdg))
34b22bd4f84cbbd547f5d0a03f6805cd

#SQL[@16,N16]Result[9, 32]
select md5(4336);
md5(4336)
672d30ab508237ac28b92c3472c56688

#SQL[@17,N22]Result[17, 32]
select md5(2008-09-09);
md5(2008 - 9 - 9)
dc513ea4fbdaa7a14786ffdebc4ef64e

#SQL[@18,N24]Result[15, 32]
select md5('2008-09-09');
md5(2008-09-09)
185e43039cc36b4fa960427d7c693b6c

#SQL[@19,N17]Error[42]
select md5(fsfsf);
invalid input: column fsfsf does not exist

