#SQL[@2,N33]Result[23, 1]
SELECT FIND_IN_SET('b','a,b,c,d');
FIND_IN_SET(b, a,b,c,d)
2

#SQL[@3,N53]Result[42, 2]
select bin(concat_ws(" ",find_in_set('b','a,b,c,d')));
bin(concat_ws( , find_in_set(b, a,b,c,d)))
10

#SQL[@4,N115]Result[111, 22]
select find_in_set("b","a,b,c"),find_in_set("c","a,b,c"),find_in_set("dd","a,bbb,dd"),find_in_set("bbb","a,bbb,dd");
find_in_set(b, a,b,c)  ¦  find_in_set(c, a,b,c)  ¦  find_in_set(dd, a,bbb,dd)  ¦  find_in_set(bbb, a,bbb,dd)
2  ¦  3  ¦  3  ¦  2

#SQL[@5,N88]Result[82, 15]
select find_in_set("d","a,b,c"),find_in_set("dd","a,bbb,d"),find_in_set("bb","a,bbb,dd");
find_in_set(d, a,b,c)  ¦  find_in_set(dd, a,bbb,d)  ¦  find_in_set(bb, a,bbb,dd)
0  ¦  0  ¦  0

#SQL[@6,N80]Result[74, 15]
select find_in_set("","a,b,c"),find_in_set("","a,b,c,"),find_in_set("",",a,b,c");
find_in_set(, a,b,c)  ¦  find_in_set(, a,b,c,)  ¦  find_in_set(, ,a,b,c)
0  ¦  4  ¦  1

#SQL[@7,N81]Result[75, 15]
select find_in_set("abc","abc"),find_in_set("ab","abc"),find_in_set("abcd","abc");
find_in_set(abc, abc)  ¦  find_in_set(ab, abc)  ¦  find_in_set(abcd, abc)
1  ¦  0  ¦  0

#SQL[@8,N30]Result[20, 1]
select find_in_set('1','3,1,');
find_in_set(1, 3,1,)
2

#SQL[@10,N55]Result[44, 1]
select find_in_set('你好', "你好,我好,大家好");
find_in_set(你好, 你好,我好,大家好)
1

#SQL[@15,N30]Result[23, 4]
select find_in_set(Null, null);
find_in_set(null, null)
null

#SQL[@16,N29]Result[20, 4]
select find_in_set('1', null);
find_in_set(1, null)
null

#SQL[@17,N34]Result[26, 4]
select find_in_set(null,"a,b,c,d");
find_in_set(null, a,b,c,d)
null

#SQL[@21,N35]Result[24, 1]
select find_in_set('a,', 'a,b,c,d');
find_in_set(a,, a,b,c,d)
0

#SQL[@22,N83]Result[72, 1]
select find_in_set("*#(()@*31()@*)#)_", "qwkrjqjiofj,*#(()@*31()@*)#)_,f023jf09j2");
find_in_set(*#(()@*31()@*)#)_, qwkrjqjiofj,*#(()@*31()@*)#)_,f023jf09j2)
2

#SQL[@23,N31]Result[20, 1]
select find_in_set('a', 'abcd');
find_in_set(a, abcd)
0

#SQL[@27,N32]Result[]
create table t1 (a varchar(255));

#SQL[@28,N47]Result[]
insert into t1 values('1'),('-1'),('0'),("abc");

#SQL[@29,N43]Result[1, 2]
select * from t1 where find_in_set('-1', a);
a
-1

#SQL[@30,N13]Result[]
drop table t1;

#SQL[@36,N143]Result[]
CREATE TABLE t1 (
access_id int NOT NULL default 0,
name varchar(20) default NULL,
`rank` int NOT NULL default 0,
PRIMARY KEY idx (access_id)
);

#SQL[@42,N141]Result[]
CREATE TABLE t2 (
faq_group_id int NOT NULL default 0,
faq_id int NOT NULL default 0,
access_id int default NULL,
PRIMARY KEY idx1 (faq_id)
);

#SQL[@48,N95]Result[]
INSERT INTO t1 VALUES (1,'Everyone',2),(2,'Help',3),(3,'Technical Support',1),(4,'Chat User',4);

#SQL[@49,N45]Result[]
INSERT INTO t2 VALUES (261,265,1),(490,494,1);

#SQL[@50,N270]Result[6, 3]
SELECT t2.faq_id FROM t1 INNER JOIN t2 ON (t1.access_id = t2.access_id) LEFT JOIN t2 t ON (t.faq_group_id = t2.faq_group_id AND find_in_set(t.access_id, '1,4') < find_in_set(t2.access_id, '1,4')) WHERE t2.access_id IN (1,4) AND t.access_id IS NULL AND t2.faq_id in (265);
faq_id
265

#SQL[@51,N13]Result[]
drop table t1;

#SQL[@52,N13]Result[]
drop table t2;

#SQL[@57,N35]Result[]
CREATE TABLE t1(a char(255), b int);

#SQL[@58,N59]Result[]
INSERT INTO t1 select 'a,b,c,d', FIND_IN_SET('b','a,b,c,d');

#SQL[@59,N62]Result[]
INSERT INTO t1 select "a,bbb,dd", find_in_set("dd","a,bbb,dd");

#SQL[@60,N55]Result[]
INSERT INTO t1 select "a,b,c", find_in_set("c","a,b,c");

#SQL[@61,N43]Result[17, 1]
SELECT distinct find_in_set('a', a) FROM t1;
find_in_set(a, a)
1

#SQL[@62,N13]Result[]
drop table t1;

#SQL[@65,N31]Result[]
CREATE TABLE t1 (a varchar(10));

#SQL[@66,N38]Result[]
INSERT INTO t1 VALUES ('abc'), ('xyz');

#SQL[@67,N75]Error[104]
SELECT a, CONCAT_WS(",",a,' ',a) AS c FROM t1
HAVING find_in_set('a', c) =0;
SQL syntax error: column \"t1.a\" must appear in the GROUP BY clause or be used in an aggregate function

#SQL[@69,N13]Result[]
DROP TABLE t1;

#SQL[@74,N84]Result[72, 1]
select find_in_set("","a,b,c")*find_in_set("","a,b,c,")-find_in_set("bb","a,bbb,dd");
find_in_set(, a,b,c) * find_in_set(, a,b,c,) - find_in_set(bb, a,bbb,dd)
0

