#SQL[@1,N32]Result[23, 1]
select split_part('axbxc','x',1);
split_part(axbxc, x, 1)
a

#SQL[@2,N34]Result[25, 1]
select split_part('axbxcxd','x',2);
split_part(axbxcxd, x, 2)
b

#SQL[@3,N34]Result[25, 1]
select split_part('axbxcxd','x',3);
split_part(axbxcxd, x, 3)
c

#SQL[@4,N35]Result[26, 3]
select split_part('axbxcxd','xc',1);
split_part(axbxcxd, xc, 1)
axb

#SQL[@5,N35]Result[26, 2]
select split_part('axbxcxd','xc',2);
split_part(axbxcxd, xc, 2)
xd

#SQL[@6,N35]Result[26, 4]
select split_part('axbxcxd','xc',3);
split_part(axbxcxd, xc, 3)
null

#SQL[@7,N37]Result[28, 7]
select split_part('axbxcxd','asas',1);
split_part(axbxcxd, asas, 1)
axbxcxd

#SQL[@8,N37]Result[28, 4]
select split_part('axbxcxd','asas',2);
split_part(axbxcxd, asas, 2)
null

#SQL[@9,N32]Result[25, 4]
select split_part(null,'asas',3);
split_part(null, asas, 3)
null

#SQL[@10,N35]Result[28, 4]
select split_part('axbxcxd',null,3);
split_part(axbxcxd, null, 3)
null

#SQL[@11,N40]Result[31, 4]
select split_part('axbxcxd','asas',null);
split_part(axbxcxd, asas, null)
null

#SQL[@12,N31]Result[22, 1]
select split_part('axxx','x',1);
split_part(axxx, x, 1)
a

#SQL[@13,N31]Result[22, 0]
select split_part('axxx','x',2);
split_part(axxx, x, 2)


#SQL[@14,N31]Error[62]
select split_part('axxx','x',0);
invalid input: split_part: field contains non-positive integer

#SQL[@15,N32]Error[47]
select split_part('axxx','x',-1);
data out of range: data type uint32, value '-1'

#SQL[@16,N42]Result[]
create table t1(a varchar,b varchar,c int);

#SQL[@17,N260]Result[]
insert into t1 values('axbxc','x',1),('axbxcxd','x',2),('axbxcxd','x',3),('axbxcxd','xc',1),('axbxcxd','xc',2),('axbxcxd','xc',3),('axbxcxd','asas',1),('axbxcxd','asas',2),(null,'asas',3),('axbxcxd',null,3),('axbxcxd','asas',null),('axxx','x',1),('axxx','x',2);

#SQL[@18,N32]Result[19, 1, 1, 1, 3, 2, 4, 7, 4, 4, 4, 4, 1, 0]
select split_part(a,b,c) from t1;
split_part(a, b, c)
a
b
c
axb
xd
null
axbxcxd
null
null
null
null
a


#SQL[@19,N35]Result[]
insert into t1 values('axxx','x',0);

#SQL[@20,N32]Error[62]
select split_part(a,b,c) from t1;
invalid input: split_part: field contains non-positive integer

#SQL[@21,N36]Result[]
insert into t1 values('axxx','x',-1);

#SQL[@22,N32]Error[45]
select split_part(a,b,c) from t1;
data out of range: data type uint, value '-1'

