#SQL[@1,N28]Error[47]
select CAST(1-2 AS UNSIGNED);
data out of range: data type uint64, value '-1'

#SQL[@2,N52]Error[47]
select CAST(CAST(1-2 AS UNSIGNED) AS SIGNED INTEGER);
data out of range: data type uint64, value '-1'

#SQL[@3,N38]Result[29, 2]
select CAST('10 ' as unsigned integer);
cast(10  as integer unsigned)
10

#SQL[@4,N38]Error[46]
select CAST('10x' as unsigned integer);
invalid argument cast to uint64, bad value 10x

#SQL[@6,N58]Error[47]
select cast(-5 as unsigned) | 1, cast(-5 as unsigned) & -1;
data out of range: data type uint64, value '-5'

#SQL[@8,N56]Error[47]
select cast(-5 as unsigned) -1, cast(-5 as unsigned) + 1;
data out of range: data type uint64, value '-5'

#SQL[@9,N31]Result[25, 4]
select cast(5 as unsigned) -6.0;
cast(5 as unsigned) - 6.0
-1.0

#SQL[@10,N27]Result[20, 4]
select cast(NULL as signed);
cast(null as signed)
null

#SQL[@11,N26]Result[21, 1]
select cast(1/2 as signed);
cast(1 / 2 as signed)
1

#SQL[@13,N61]Result[54, 35]
select cast("2001-1-1" as DATE), cast("2001-1-1" as DATETIME);
cast(2001-1-1 as date)  ¦  cast(2001-1-1 as datetime)
2001-01-01  ¦  2001-01-01 00:00:00

#SQL[@16,N14]Result[7, 2]
select 10+'10';
10 + 10
20

#SQL[@17,N16]Result[9, 2]
select 10.0+'10';
10.0 + 10
20

#SQL[@18,N17]Result[10, 2]
select 10E+0+'10';
10e+0 + 10
20

#SQL[@26,N27]Result[20, 3]
select CAST(0xb3 as signed);
cast(0xb3 as signed)
179

#SQL[@27,N26]Error[42]
SELECT CAST(X'' AS SIGNED);
invalid argument cast to int, bad value []

#SQL[@28,N52]Error[34]
SELECT CAST(X'11111111111111111111111111' AS SIGNED);
data out of range: data type int, 

#SQL[@29,N41]Error[34]
select CAST(0x8fffffffffffffff as signed);
data out of range: data type int, 

#SQL[@30,N43]Result[36, 20]
select CAST(0xffffffffffffffff as unsigned);
cast(0xffffffffffffffff as unsigned)
18446744073709551615

#SQL[@31,N41]Error[34]
select CAST(0xfffffffffffffffe as signed);
data out of range: data type int, 

#SQL[@32,N37]Error[44]
select cast('-10a' as signed integer);
invalid argument cast to int, bad value -10a

#SQL[@33,N38]Error[46]
select cast('a10' as unsigned integer);
invalid argument cast to uint64, bad value a10

#SQL[@34,N13]Error[41]
select 10+'a';
invalid argument cast to int, bad value a

#SQL[@35,N32]Error[74]
select 10.0+cast('a' as decimal);
invalid input: a beyond the range, can't be converted to Decimal128(38,0).

#SQL[@36,N16]Error[49]
select 10E+0+'a';
strconv.ParseFloat: parsing \"a\": invalid syntax

#SQL[@39,N47]Error[65]
select cast('18446744073709551616' as unsigned);
data out of range: data type uint64, value '18446744073709551616'

#SQL[@40,N45]Error[64]
select cast('18446744073709551616' as signed);
data out of range: data type int64, value '18446744073709551616'

#SQL[@41,N44]Error[63]
select cast('9223372036854775809' as signed);
data out of range: data type int64, value '9223372036854775809'

#SQL[@42,N29]Error[45]
select cast('-1' as unsigned);
invalid argument cast to uint64, bad value -1

#SQL[@43,N28]Error[43]
select cast('abc' as signed);
invalid argument cast to int, bad value abc

#SQL[@44,N27]Error[42]
select cast('1a' as signed);
invalid argument cast to int, bad value 1a

#SQL[@45,N25]Error[40]
select cast('' as signed);
invalid argument cast to int, bad value 

#SQL[@145,N46]Result[35, 4]
select cast("2001-1-1" as date) = "2001-01-01";
cast(2001-1-1 as date) = 2001-01-01
true

#SQL[@146,N59]Result[48, 4]
select cast("2001-1-1" as datetime) = "2001-01-01 00:00:00";
cast(2001-1-1 as datetime) = 2001-01-01 00:00:00
true

#SQL[@148,N25]Result[18, 4]
select cast(NULL as DATE);
cast(null as date)
null

#SQL[@171,N69]Result[62, 19]
select date_add(cast('2004-12-30 12:00:00' as date), interval 0 hour);
date_add(cast(2004-12-30 12:00:00 as date), interval(0, hour))
2004-12-30 00:00:00

#SQL[@180,N45]Result[38, 20]
select cast(18446744073709551615 as unsigned);
cast(18446744073709551615 as unsigned)
18446744073709551615

#SQL[@181,N43]Error[64]
select cast(18446744073709551615 as signed);
data out of range: data type int64, value '18446744073709551615'

#SQL[@182,N47]Result[38, 20]
select cast('18446744073709551615' as unsigned);
cast(18446744073709551615 as unsigned)
18446744073709551615

#SQL[@183,N45]Error[64]
select cast('18446744073709551615' as signed);
data out of range: data type int64, value '18446744073709551615'

#SQL[@184,N44]Result[35, 19]
select cast('9223372036854775807' as signed);
cast(9223372036854775807 as signed)
9223372036854775807

#SQL[@186,N61]Result[51, 11]
select cast(concat_ws('184467440','73709551615') as unsigned);
cast(concat_ws(184467440, 73709551615) as unsigned)
73709551615

#SQL[@187,N59]Result[49, 11]
select cast(concat_ws('184467440','73709551615') as signed);
cast(concat_ws(184467440, 73709551615) as signed)
73709551615

#SQL[@195,N35]Error[50]
select cast(1.0e+300 as signed int);
data out of range: data type int64, value '1e+300'

#SQL[@199,N27]Result[]
CREATE TABLE t1 (f1 double);

#SQL[@200,N33]Result[]
INSERT INTO t1 SET f1 = -1.0e+30 ;

#SQL[@201,N33]Result[]
INSERT INTO t1 SET f1 = +1.0e+30 ;

#SQL[@202,N67]Error[50]
SELECT f1 AS double_val, CAST(f1 AS SIGNED INT) AS cast_val FROM t1;
data out of range: data type int64, value '-1e+30'

#SQL[@203,N13]Result[]
DROP TABLE t1;

#SQL[@205,N49]Error[64]
SELECT CAST(cast('01-01-01' as date) AS UNSIGNED);
invalid argument operator cast, bad value [DATE BIGINT UNSIGNED]

#SQL[@206,N47]Result[34, 7]
SELECT CAST(cast('01-01-01' as date) AS SIGNED);
cast(cast(01-01-01 as date) as as)
-719162

#SQL[@211,N34]Result[26, 4]
select cast('1.2' as decimal(3,2));
cast(1.2 as decimal(3, 2))
1.20

#SQL[@212,N41]Result[33, 19]
select 1e18 * cast('1.2' as decimal(3,2));
1e18 * cast(1.2 as decimal(3, 2))
1200000000000000000

#SQL[@213,N50]Result[38, 1]
select cast(cast('1.2' as decimal(3,2)) as signed);
cast(cast(1.2 as decimal(3, 2)) as as)
1

#SQL[@215,N35]Result[29, 23]
select cast(-1e18 as decimal(22,2));
cast(-1e18 as decimal(22, 2))
-1000000000000000000.00

#SQL[@217,N22]Result[]
set time_zone="+00:00";

#SQL[@218,N29]Result[]
create table t1(s1 timestamp);

#SQL[@219,N45]Result[]
insert into t1 values ('2020-12-03 11:11:11');

#SQL[@220,N39]Result[25, 13]
select cast(s1 as decimal(7,2)) from t1;
cast(s1 as decimal(7, 2))
1606993871.00

#SQL[@221,N13]Result[]
drop table t1;

#SQL[@227,N85]Result[]
CREATE TABLE t1 (v varchar(10), tt char(255), t char(255),mt char(255), lt char(255));

#SQL[@228,N62]Result[]
INSERT INTO t1 VALUES ('1.01', '2.02', '3.03', '4.04', '5.05');

#SQL[@229,N116]Result[137, 29]
SELECT CAST(v AS DECIMAL), CAST(tt AS DECIMAL), CAST(t AS DECIMAL), CAST(mt AS DECIMAL), CAST(lt AS DECIMAL) from t1;
cast(v as decimal(38))  ¦  cast(tt as decimal(38))  ¦  cast(t as decimal(38))  ¦  cast(mt as decimal(38))  ¦  cast(lt as decimal(38))
1  ¦  2  ¦  3  ¦  4  ¦  5

#SQL[@230,N13]Result[]
DROP TABLE t1;

#SQL[@235,N37]Result[2, 4]
select cast(NULL as decimal(6)) as t1;
t1
null

#SQL[@249,N29]Result[]
CREATE TABLE t1 (d1 datetime);

#SQL[@250,N115]Result[]
INSERT INTO t1(d1) VALUES ('2007-07-19 08:30:00'), (NULL), ('2007-07-19 08:34:00'), (NULL), ('2007-07-19 08:36:00');

#SQL[@251,N39]Result[24, 5, 4, 5, 4, 5]
SELECT cast(date(d1) as signed) FROM t1;
cast(date(d1) as signed)
13713
null
13713
null
13713

#SQL[@252,N13]Result[]
drop table t1;

#SQL[@347,N103]Result[39, 58]
SELECT CAST(1/3 AS FLOAT) as float_col,CAST(1/3 AS DOUBLE) as double_col, CAST(1/3 AS REAL) as real_col;
float_col  ¦  double_col  ¦  real_col
0.33333334  ¦  0.3333333333333333  ¦  0.3333333333333333

#SQL[@369,N72]Error[54]
SELECT CAST(DATE'2000-01-01' AS FLOAT), CAST(DATE'2000-01-01' AS DOUBLE);
invalid argument operator cast, bad value [DATE FLOAT]

#SQL[@373,N100]Error[59]
SELECT CAST(TIMESTAMP'2000-01-01 23:59:59' AS FLOAT), CAST(TIMESTAMP'2000-01-01 23:59:59' AS DOUBLE);
invalid argument operator cast, bad value [TIMESTAMP FLOAT]

#SQL[@374,N114]Error[59]
SELECT CAST(TIMESTAMP'2000-01-01 23:59:59.123456' AS FLOAT), CAST(TIMESTAMP'2000-01-01 23:59:59.123456' AS DOUBLE);
invalid argument operator cast, bad value [TIMESTAMP FLOAT]

#SQL[@398,N68]Result[69, 24]
SELECT CAST(NULL AS REAL), CAST(NULL AS FLOAT), CAST(NULL AS DOUBLE);
cast(null as real)  ¦  cast(null as float)  ¦  cast(null as double)
null  ¦  null  ¦  null

#SQL[@424,N68]Result[]
CREATE TABLE t (col_datetime datetime, col_date date, col_char char);

#SQL[@425,N106]Result[]
insert into t values ('2013-03-15 18:35:20', '2013-03-15','L'),('2003-01-10 00:00:23', '2003-01-10', NULL);

#SQL[@430,N40]Error[39]
SELECT CAST(col_char AS DATETIME) FROM t;
invalid input: invalid datetime value L

#SQL[@433,N38]Error[39]
SELECT col_char <> col_datetime FROM t;
invalid input: invalid datetime value L

#SQL[@437,N36]Error[39]
SELECT CAST(col_char AS DATE) FROM t;
invalid argument parsedate, bad value L

#SQL[@442,N34]Error[39]
SELECT col_char <> col_date FROM t;
invalid argument parsedate, bad value L

#SQL[@445,N12]Result[]
DROP TABLE t;

#SQL[@450,N42]Result[]
CREATE TABLE `BB` (`col_char_key` char(1));

#SQL[@451,N58]Result[]
CREATE TABLE `CC` ( `pk` int, `col_datetime_key` datetime);

#SQL[@452,N29]Result[]
INSERT INTO `BB` VALUES ('X');

#SQL[@453,N76]Result[]
INSERT INTO `CC` VALUES (1,'2027-03-17 00:10:00'), (2,'2004-11-14 12:46:43');

#SQL[@455,N128]Error[39]
SELECT COUNT(table1.pk) FROM `CC` table1 JOIN `BB` table3 JOIN `CC` table2
WHERE (table3.col_char_key < table2.col_datetime_key);
invalid input: invalid datetime value X

#SQL[@457,N15]Result[]
DROP TABLE `BB`;

#SQL[@458,N15]Result[]
DROP TABLE `CC`;

#SQL[@590,N51]Result[]
create table t1(f1 date, f2 timestamp, f3 datetime);

#SQL[@591,N82]Result[]
insert into t1 values ("2006-01-01", "2006-01-01 12:01:01", "2006-01-01 12:01:01");

#SQL[@592,N82]Result[]
insert into t1 values ("2006-01-02", "2006-01-02 12:01:02", "2006-01-02 12:01:02");

#SQL[@594,N86]Error[55]
select f1 from t1 where f1 between CAST("2006-1-1" as date) and CAST(20060101 as date);
invalid argument operator cast, bad value [BIGINT DATE]

#SQL[@595,N88]Error[46]
select f1 from t1 where f1 between cast("2006-1-1" as date) and cast("2006.1.1" as date);
invalid argument parsedate, bad value 2006.1.1

#SQL[@596,N94]Error[46]
select f1 from t1 where date(f1) between cast("2006-1-1" as date) and cast("2006.1.1" as date);
invalid argument parsedate, bad value 2006.1.1

#SQL[@597,N110]Result[2, 19]
select f3 from t1 where f3 between cast("2006-1-1 12:1:1" as datetime) and cast("2006-1-1 12:1:2" as datetime);
f3
2006-01-01 12:01:01

#SQL[@598,N121]Result[2, 19]
select f3 from t1 where timestamp(f3) between cast("2006-1-1 12:1:1" as datetime) and cast("2006-1-1 12:1:2" as datetime);
f3
2006-01-01 12:01:01

#SQL[@599,N66]Result[2, 10]
select f1 from t1 where cast("2006-1-1" as date) between f1 and f3;
f1
2006-01-01

#SQL[@600,N78]Result[2, 10]
select f1 from t1 where cast("2006-1-1" as date) between date(f1) and date(f3);
f1
2006-01-01

#SQL[@601,N83]Error[41]
select f1 from t1 where cast("2006-1-1" as date) between f1 and cast('zzz' as date);
invalid argument parsedate, bad value zzz

#SQL[@603,N13]Result[]
drop table t1;

#SQL[@607,N28]Result[]
create table t1 (field DATE);

#SQL[@608,N36]Result[]
insert into t1 values ('2006-11-06');

#SQL[@609,N54]Result[]
select * from t1 where field < '2006-11-06 04:08:36.0';

#SQL[@610,N54]Result[5, 10]
select * from t1 where field = '2006-11-06 04:08:36.0';
field
2006-11-06

#SQL[@611,N43]Result[5, 10]
select * from t1 where field = '2006-11-06';
field
2006-11-06

#SQL[@612,N72]Result[5, 10]
select * from t1 where CAST(field as DATETIME) < '2006-11-06 04:08:36.0';
field
2006-11-06

#SQL[@613,N68]Result[]
select * from t1 where CAST(field as DATE) < '2006-11-06 04:08:36.0';

#SQL[@614,N13]Result[]
drop table t1;

#SQL[@616,N56]Result[]
create table t1 (a int(11) unsigned, b int(11) unsigned);

#SQL[@617,N50]Result[]
insert into t1 values (1,0), (1,1), (4294967295,1);

#SQL[@618,N30]Result[5, 1, 1, 10]
select a-b  from t1 order by 1;
a - b
0
1
4294967294

#SQL[@619,N42]Result[20, 12, 12, 21]
select a-b , (a-b < 0)  from t1 order by 1;
a - b  ¦  a - b < 0
0  ¦  false
1  ¦  false
4294967294  ¦  false

#SQL[@620,N85]Result[35, 18, 18]
select any_value(a)-b as d, (any_value(a)-b >= 0), b from t1 group by b having d >= 0;
d  ¦  any_value(a) - b >= 0  ¦  b
1  ¦  true  ¦  0
0  ¦  true  ¦  1

#SQL[@621,N51]Result[27, 1, 1, 10]
select cast((a - b) as unsigned) from t1 order by 1;
cast((a - b) as b unsigned)
0
1
4294967294

#SQL[@622,N13]Result[]
drop table t1;

#SQL[@626,N180]Result[16, 69]
select if(1, cast(1111111111111111111 as unsigned), 1) i, case when 1 then cast(1111111111111111111 as unsigned) else 1 end c, coalesce(cast(1111111111111111111 as unsigned), 1) co;
i  ¦  c  ¦  co
1111111111111111111  ¦  1111111111111111111  ¦  1111111111111111111

#SQL[@645,N34]Result[]
create database if not exists test;

#SQL[@646,N8]Result[]
use test;

#SQL[@647,N28]Result[]
drop table if exists `alarm`;

#SQL[@648,N364]Result[]
CREATE TABLE `alarm` (
`alarm_id` INT NOT NULL AUTO_INCREMENT,
`var_name` TEXT DEFAULT NULL,
`address` TEXT DEFAULT NULL,
`var_type` TEXT DEFAULT NULL,
`alarm_value` TEXT DEFAULT NULL,
`current_value` TEXT DEFAULT NULL,
`priority` INT DEFAULT null,
`operator` TEXT DEFAULT NULL,
`insert_time` BLOB DEFAULT NULL,
`note` TEXT DEFAULT NULL,
PRIMARY KEY (`alarm_id`)
);

#SQL[@662,N3453]Result[]
INSERT INTO `alarm` VALUES (2,'测试','M100.0','Bool','True','True',0,'管理员',_binary '2023-03-01 14:20:29','报警测试'),(3,'测试','M100.0','Bool','True','True',0,'管理员',_binary '2023-03-01 14:20:41','报警测试'),(4,'测试','M100.0','Bool','True','True',0,'管理员',_binary '2023-03-01 14:20:46','报警测试'),(5,'Emergency','M1000.4','bool','False','False',1,'Admin',_binary '2023-03-03 14:29:26.327337','设备急停中'),(6,'Emergency','M1000.4','bool','False','False',1,'Admin',_binary '2023-03-05 11:38:10.6059081','设备急停中'),(7,'Emergency','M1000.4','bool','False','False',1,'Admin',_binary '2023-03-15 07:55:37.1308852','设备急停中'),(8,'Emergency','M1000.4','bool','False','False',1,'Admin',_binary '2023-03-15 08:02:48.7571227','设备急停中'),(9,'Emergency','M1000.4','bool','False','False',1,'Admin',_binary '2023-03-19 03:27:49.5087995','设备急停中'),(10,'Emergency','M1000.4','bool','False','False',1,'Admin',_binary '2023-03-22 00:05:23.1781761','设备急停中'),(11,'Emergency','M1000.4','bool','False','False',1,'Admin',_binary '2023-03-22 16:05:08.6198487','设备急停中'),(12,'Emergency','M1000.4','bool','False','False',1,'Admin',_binary '2023-03-22 16:12:10.8425965','设备急停中'),(13,'Emergency','M1000.4','bool','False','False',1,'Admin',_binary '2023-03-22 16:24:30.269232','设备急停中'),(14,'Emergency','M1000.4','bool','False','False',1,'Admin',_binary '2023-03-22 16:25:16.3121285','设备急停中'),(15,'Emergency','M1000.4','bool','False','False',1,'Admin',_binary '2023-03-22 16:25:23.5447725','设备急停中'),(16,'Emergency','M1000.4','bool','False','False',1,'Admin',_binary '2023-03-22 20:34:57.8534506','设备急停中'),(17,'Emergency','M1000.4','bool','False','False',1,'Admin',_binary '2023-03-22 20:35:20.1639042','设备急停中'),(18,'Emergency','M1000.4','bool','False','False',1,'Admin',_binary '2023-03-22 20:45:27.0464144','设备急停中'),(19,'Emergency','M1000.4','bool','False','False',1,'Admin',_binary '2023-03-22 20:49:59.5979518','设备急停中'),(20,'Emergency','M1000.4','bool','False','False',1,'Admin',_binary '2023-03-23 01:26:46.1155487','设备急停中'),(21,'Emergency','M1000.4','bool','False','False',1,'Admin',_binary '2023-03-30 06:33:50.6666203','设备急停中'),(22,'Emergency','M1000.4','bool','False','False',1,'Admin',_binary '2023-04-03 05:44:03.5318075','设备急停中'),(23,'Emergency','M1000.4','bool','False','False',1,'Admin',_binary '2023-04-03 05:45:01.64952','设备急停中'),(24,'Emergency','M1000.4','bool','False','False',1,'Admin',_binary '2023-04-03 05:46:37.8612795','设备急停中'),(25,'Emergency','M1000.4','bool','False','False',1,'Admin',_binary '2023-04-03 06:05:06.5081611','设备急停中'),(26,'Emergency','M1000.4','bool','False','False',1,'Admin',_binary '2023-04-03 12:21:23.1368163','设备急停中'),(27,'Emergency','M1000.4','bool','False','False',1,'Admin',_binary '2023-04-03 12:25:45.5234186','设备急停中'),(28,'Emergency','M1000.4','bool','False','False',1,'Admin',_binary '2023-04-03 18:22:29.7438075','设备急停中'),(29,'Emergency','M1000.4','bool','False','False',1,'Admin',_binary '2023-04-04 06:52:07.473582','设备急停中'),(30,'Emergency','M1000.4','bool','False','False',1,'Admin',_binary '2023-04-04 08:32:50.2166836','设备急停中'),(31,'测试报警','M100','bool','true','true',1,'Admin',_binary '2023-04-06 21:00:09.7964362','note测试报警');

#SQL[@663,N22]Result[140, 120, 120, 120, 132, 133, 133, 133, 133, 134, 134, 134, 133, 134, 134, 134, 134, 134, 134, 134, 134, 134, 132, 134, 134, 134, 134, 134, 133, 134, 133]
SELECT * FROM  `alarm`;
alarm_id  ¦  var_name  ¦  address  ¦  var_type  ¦  alarm_value  ¦  current_value  ¦  priority  ¦  operator  ¦  insert_time  ¦  note
2  ¦  测试  ¦  M100.0  ¦  Bool  ¦  True  ¦  True  ¦  0  ¦  管理员  ¦  2023-03-01 14:20:29  ¦  报警测试
3  ¦  测试  ¦  M100.0  ¦  Bool  ¦  True  ¦  True  ¦  0  ¦  管理员  ¦  2023-03-01 14:20:41  ¦  报警测试
4  ¦  测试  ¦  M100.0  ¦  Bool  ¦  True  ¦  True  ¦  0  ¦  管理员  ¦  2023-03-01 14:20:46  ¦  报警测试
5  ¦  Emergency  ¦  M1000.4  ¦  bool  ¦  False  ¦  False  ¦  1  ¦  Admin  ¦  2023-03-03 14:29:26.327337  ¦  设备急停中
6  ¦  Emergency  ¦  M1000.4  ¦  bool  ¦  False  ¦  False  ¦  1  ¦  Admin  ¦  2023-03-05 11:38:10.6059081  ¦  设备急停中
7  ¦  Emergency  ¦  M1000.4  ¦  bool  ¦  False  ¦  False  ¦  1  ¦  Admin  ¦  2023-03-15 07:55:37.1308852  ¦  设备急停中
8  ¦  Emergency  ¦  M1000.4  ¦  bool  ¦  False  ¦  False  ¦  1  ¦  Admin  ¦  2023-03-15 08:02:48.7571227  ¦  设备急停中
9  ¦  Emergency  ¦  M1000.4  ¦  bool  ¦  False  ¦  False  ¦  1  ¦  Admin  ¦  2023-03-19 03:27:49.5087995  ¦  设备急停中
10  ¦  Emergency  ¦  M1000.4  ¦  bool  ¦  False  ¦  False  ¦  1  ¦  Admin  ¦  2023-03-22 00:05:23.1781761  ¦  设备急停中
11  ¦  Emergency  ¦  M1000.4  ¦  bool  ¦  False  ¦  False  ¦  1  ¦  Admin  ¦  2023-03-22 16:05:08.6198487  ¦  设备急停中
12  ¦  Emergency  ¦  M1000.4  ¦  bool  ¦  False  ¦  False  ¦  1  ¦  Admin  ¦  2023-03-22 16:12:10.8425965  ¦  设备急停中
13  ¦  Emergency  ¦  M1000.4  ¦  bool  ¦  False  ¦  False  ¦  1  ¦  Admin  ¦  2023-03-22 16:24:30.269232  ¦  设备急停中
14  ¦  Emergency  ¦  M1000.4  ¦  bool  ¦  False  ¦  False  ¦  1  ¦  Admin  ¦  2023-03-22 16:25:16.3121285  ¦  设备急停中
15  ¦  Emergency  ¦  M1000.4  ¦  bool  ¦  False  ¦  False  ¦  1  ¦  Admin  ¦  2023-03-22 16:25:23.5447725  ¦  设备急停中
16  ¦  Emergency  ¦  M1000.4  ¦  bool  ¦  False  ¦  False  ¦  1  ¦  Admin  ¦  2023-03-22 20:34:57.8534506  ¦  设备急停中
17  ¦  Emergency  ¦  M1000.4  ¦  bool  ¦  False  ¦  False  ¦  1  ¦  Admin  ¦  2023-03-22 20:35:20.1639042  ¦  设备急停中
18  ¦  Emergency  ¦  M1000.4  ¦  bool  ¦  False  ¦  False  ¦  1  ¦  Admin  ¦  2023-03-22 20:45:27.0464144  ¦  设备急停中
19  ¦  Emergency  ¦  M1000.4  ¦  bool  ¦  False  ¦  False  ¦  1  ¦  Admin  ¦  2023-03-22 20:49:59.5979518  ¦  设备急停中
20  ¦  Emergency  ¦  M1000.4  ¦  bool  ¦  False  ¦  False  ¦  1  ¦  Admin  ¦  2023-03-23 01:26:46.1155487  ¦  设备急停中
21  ¦  Emergency  ¦  M1000.4  ¦  bool  ¦  False  ¦  False  ¦  1  ¦  Admin  ¦  2023-03-30 06:33:50.6666203  ¦  设备急停中
22  ¦  Emergency  ¦  M1000.4  ¦  bool  ¦  False  ¦  False  ¦  1  ¦  Admin  ¦  2023-04-03 05:44:03.5318075  ¦  设备急停中
23  ¦  Emergency  ¦  M1000.4  ¦  bool  ¦  False  ¦  False  ¦  1  ¦  Admin  ¦  2023-04-03 05:45:01.64952  ¦  设备急停中
24  ¦  Emergency  ¦  M1000.4  ¦  bool  ¦  False  ¦  False  ¦  1  ¦  Admin  ¦  2023-04-03 05:46:37.8612795  ¦  设备急停中
25  ¦  Emergency  ¦  M1000.4  ¦  bool  ¦  False  ¦  False  ¦  1  ¦  Admin  ¦  2023-04-03 06:05:06.5081611  ¦  设备急停中
26  ¦  Emergency  ¦  M1000.4  ¦  bool  ¦  False  ¦  False  ¦  1  ¦  Admin  ¦  2023-04-03 12:21:23.1368163  ¦  设备急停中
27  ¦  Emergency  ¦  M1000.4  ¦  bool  ¦  False  ¦  False  ¦  1  ¦  Admin  ¦  2023-04-03 12:25:45.5234186  ¦  设备急停中
28  ¦  Emergency  ¦  M1000.4  ¦  bool  ¦  False  ¦  False  ¦  1  ¦  Admin  ¦  2023-04-03 18:22:29.7438075  ¦  设备急停中
29  ¦  Emergency  ¦  M1000.4  ¦  bool  ¦  False  ¦  False  ¦  1  ¦  Admin  ¦  2023-04-04 06:52:07.473582  ¦  设备急停中
30  ¦  Emergency  ¦  M1000.4  ¦  bool  ¦  False  ¦  False  ¦  1  ¦  Admin  ¦  2023-04-04 08:32:50.2166836  ¦  设备急停中
31  ¦  测试报警  ¦  M100  ¦  bool  ¦  true  ¦  true  ¦  1  ¦  Admin  ¦  2023-04-06 21:00:09.7964362  ¦  note测试报警

#SQL[@664,N18]Result[]
drop database test;

