#SQL[@3,N17]Result[10, 18]
SELECT SINH(PI());
SINH(PI())
11.548739357257748

#SQL[@4,N24]Result[17, 2]
SELECT ROUND(SINH(PI()));
ROUND(SINH(PI()))
12

#SQL[@5,N17]Result[10, 18]
SELECT SINH(PI());
SINH(PI())
11.548739357257748

#SQL[@6,N15]Result[8, 17]
SELECT SINH(12);
SINH(12)
81377.39570642984

#SQL[@7,N17]Result[10, 18]
SELECT SINH(PI());
SINH(PI())
11.548739357257748

#SQL[@8,N19]Result[14, 17]
SELECT SINH(PI()+1);
SINH(PI() + 1)
31.44351338476914

#SQL[@10,N14]Result[7, 18]
SELECT SINH(1);
SINH(1)
1.1752011936438014

#SQL[@11,N19]Result[12, 18]
SELECT SINH(1.0001);
SINH(1.0001)
1.1753555075835462

#SQL[@12,N14]Result[7, 1]
SELECT SINH(0);
SINH(0)
0

#SQL[@13,N14]Result[7, 17]
SELECT SINH(2);
SINH(2)
3.626860407847019

#SQL[@14,N15]Result[8, 18]
SELECT SINH(-2);
SINH(-2)
-3.626860407847019

#SQL[@18,N18]Error[83]
SELECT SINH(13413);
data out of range: data type float64, DOUBLE value is out of range in 'sinh(13413)'

#SQL[@19,N18]Error[83]
SELECT SINH(-3114);
data out of range: data type float64, DOUBLE value is out of range in 'sinh(-3114)'

#SQL[@21,N14]Result[7, 18]
SELECT SINH(1);
SINH(1)
1.1752011936438014

#SQL[@22,N15]Result[8, 19]
SELECT SINH(-1);
SINH(-1)
-1.1752011936438014

#SQL[@23,N14]Result[7, 1]
SELECT SINH(0);
SINH(0)
0

#SQL[@24,N18]Result[11, 20]
SELECT SINH(0.001);
SINH(0.001)
0.001000000166666675

#SQL[@25,N19]Result[12, 21]
SELECT SINH(-0.001);
SINH(-0.001)
-0.001000000166666675

#SQL[@26,N18]Error[51]
SELECT SINH("ABC");
strconv.ParseFloat: parsing \"ABC\": invalid syntax

#SQL[@29,N17]Result[10, 4]
SELECT SINH(NULL);
SINH(null)
null

#SQL[@33,N164]Result[]
create table t1(a tinyint, b SMALLINT, c bigint, d INT, e BIGINT, f FLOAT, g DOUBLE, h decimal(38,19), i DATE, k datetime, l TIMESTAMP, m char(255), n varchar(255));

#SQL[@34,N136]Result[]
insert into t1 values(1, 1, 2, 43, 5, 35.5, 31.133, 14.314, "2012-03-10", "2012-03-12 10:03:12", "2022-03-12 13:03:12", "ab23c", "d5cf");

#SQL[@35,N137]Result[]
insert into t1 values(71, 1, 2, 34, 5, 5.5, 341.13, 15.314, "2012-03-22", "2013-03-12 10:03:12", "2032-03-12 13:04:12", "abr23c", "3dcf");

#SQL[@36,N137]Result[]
insert into t1 values(1, 1, 21, 4, 54, 53.5, 431.13, 14.394, "2011-03-12", "2015-03-12 10:03:12", "2002-03-12 13:03:12", "afbc", "dct5f");

#SQL[@37,N138]Result[]
insert into t1 values(1, 71, 2, 34, 5, 5.5, 31.313, 124.314, "2012-01-12", "2019-03-12 10:03:12", "2013-03-12 13:03:12", "3abd1c", "dcvf");

#SQL[@38,N121]Error[48]
select SINH(a), SINH(b), SINH(c), SINH(d), SINH(e), SINH(f), SINH(g), SINH(h), SINH(i), SINH(j), SINH(k), SINH(l) from t1;
invalid argument function sinh, bad value [DATE]

#SQL[@39,N13]Result[]
drop table t1;

#SQL[@50,N24]Result[]
Create table t1(a float);

#SQL[@51,N31]Result[]
insert into t1 select (SINH(1));

#SQL[@52,N31]Result[]
insert into t1 select (SINH(0));

#SQL[@53,N31]Result[]
insert into t1 select (SINH(1));

#SQL[@54,N31]Result[]
insert into t1 select (SINH(0));

#SQL[@55,N31]Result[]
insert into t1 select (acos(1));

#SQL[@56,N31]Result[]
insert into t1 select (atan(1));

#SQL[@57,N25]Result[1, 9, 1, 9]
select distinct a from t1;
a
1.1752012
0
0.7853982

#SQL[@58,N13]Result[]
drop table t1;

#SQL[@62,N23]Result[]
drop table if exists t1;

#SQL[@63,N32]Result[]
create table t1(a INT,  b float);

#SQL[@64,N46]Result[]
insert into t1 values(1, 0),(0, 1),(1,1),(0,0);

#SQL[@65,N39]Result[8, 8, 8]
select * from t1 where SINH(a)<>SINH(b);
a  ¦  b
1  ¦  0
0  ¦  1

#SQL[@66,N13]Result[]
drop table t1;

#SQL[@70,N32]Result[]
create table t1(a INT,  b float);

#SQL[@71,N32]Result[]
create table t2(a INT,  b float);

#SQL[@72,N46]Result[]
insert into t1 values(1, 0),(0, 1),(1,1),(0,0);

#SQL[@73,N46]Result[]
insert into t2 values(0, 1),(1, 0),(1,1),(0,0);

#SQL[@74,N60]Result[8, 8, 8, 8, 8, 8, 8, 8, 8]
SELECT t1.a, t2.a FROM t1 JOIN t2 ON (SINH(t1.a)=SINH(t2.b));
a  ¦  a
1  ¦  0
1  ¦  1
0  ¦  1
0  ¦  0
1  ¦  0
1  ¦  1
0  ¦  1
0  ¦  0

#SQL[@75,N13]Result[]
drop table t1;

#SQL[@76,N13]Result[]
drop table t2;

#SQL[@79,N23]Result[]
drop table if exists t1;

#SQL[@80,N32]Result[]
create table t1(a INT,  b float);

#SQL[@81,N46]Result[]
insert into t1 values(1, 0),(0, 1),(1,1),(0,0);

#SQL[@82,N44]Result[1, 1]
SELECT a FROM t1 group by a having SINH(a)>0;
a
1

#SQL[@83,N13]Result[]
drop table t1;

#SQL[@86,N20]Error[83]
SELECT SINH(0.745e5);
data out of range: data type float64, DOUBLE value is out of range in 'sinh(74500)'

