#SQL[@6,N25]Result[16, 2]
SELECT LEFT('ABCDEFG', 2);
LEFT(ABCDEFG, 2)
AB

#SQL[@7,N25]Result[16, 0]
SELECT LEFT('ABCDEFG', 0);
LEFT(ABCDEFG, 0)


#SQL[@8,N26]Result[17, 0]
SELECT LEFT('ABCDEFG', -1);
LEFT(ABCDEFG, -1)


#SQL[@9,N27]Result[20, 3]
SELECT LEFT('ABCDEFG', 2+1);
LEFT(ABCDEFG, 2 + 1)
ABC

#SQL[@10,N31]Result[22, 2]
SELECT LEFT('ABCDEFG', ABS(-2));
LEFT(ABCDEFG, ABS(-2))
AB

#SQL[@11,N30]Result[21, 1]
SELECT LEFT('ABCDEFG', COS(0));
LEFT(ABCDEFG, COS(0))
A

#SQL[@12,N38]Result[27, 4]
SELECT LEFT('ABCDEFG', LENGTH('KING'));
LEFT(ABCDEFG, LENGTH(KING))
ABCD

#SQL[@13,N28]Result[19, 4]
SELECT LEFT('ABCDEFG', NULL);
LEFT(ABCDEFG, null)
null

#SQL[@14,N20]Result[13, 4]
SELECT LEFT(NULL, 1);
LEFT(null, 1)
null

#SQL[@15,N20]Result[13, 4]
SELECT LEFT(NULL, 0);
LEFT(null, 0)
null

#SQL[@16,N21]Result[14, 4]
SELECT LEFT(NULL, -1);
LEFT(null, -1)
null

#SQL[@19,N22]Result[]
DROP TABLE IF EXISTS t;

#SQL[@20,N91]Result[]
CREATE TABLE t(
    id INT,
    str1 VARCHAR(20),
    str2 CHAR(20),
    PRIMARY KEY (id)
);

#SQL[@26,N108]Result[]
INSERT INTO t VALUES (123456, 'anike1001@gmail.com', 'googood'), (123457, 'nitin5438@yahoo.com','hainghing');

#SQL[@27,N55]Result[49, 25, 25]
SELECT LEFT(id, 3), LEFT(str1, 5), LEFT(str2, 5) FROM t;
LEFT(id, 3)  ¦  LEFT(str1, 5)  ¦  LEFT(str2, 5)
123  ¦  anike  ¦  googo
123  ¦  nitin  ¦  haing

#SQL[@28,N61]Result[49, 15, 15]
SELECT LEFT(id, '1'), LEFT(str1, '1'), LEFT(str2, '1') FROM t;
LEFT(id, 1)  ¦  LEFT(str1, 1)  ¦  LEFT(str2, 1)
1  ¦  a  ¦  g
1  ¦  n  ¦  h

#SQL[@29,N55]Result[49, 13, 13]
SELECT LEFT(id, LENGTH(str1)/1-1), LEFT(str1, 1) FROM t;
LEFT(id, LENGTH(str1) / 1 - 1)  ¦  LEFT(str1, 1)
123456  ¦  a
123457  ¦  n

#SQL[@30,N75]Error[53]
SELECT LEFT(id, FIND_IN_SET('b','a,b,c,d')), LEFT(str2, EMPTY(str1)) FROM t;
invalid argument function left, bad value [CHAR BOOL]

#SQL[@31,N45]Result[31, 6, 6]
SELECT LEFT(id, '-1'), LEFT(str1, '0') FROM t;
LEFT(id, -1)  ¦  LEFT(str1, 0)
  ¦  
  ¦  

#SQL[@32,N71]Result[61, 33, 35]
SELECT LEFT(id, '1'+2), LEFT(str1, '1'+'1'), LEFT(str2, '1'+'0') FROM t;
LEFT(id, 1 + 2)  ¦  LEFT(str1, 1 + 1)  ¦  LEFT(str2, 1 + 0)
123  ¦  anike1001@g  ¦  googood
123  ¦  nitin5438@y  ¦  hainghing

#SQL[@35,N22]Result[]
DROP TABLE IF EXISTS t;

#SQL[@36,N98]Result[]
CREATE TABLE t(
    id INT,
    d1 DATE,
    d2 DATETIME,
    d3 TIMESTAMP,
    PRIMARY KEY (id)
);

#SQL[@43,N88]Result[]
INSERT INTO t VALUES (1, '2020-01-01', '2020-01-01 12:12:12', '2020-02-02 06:06:06.163');

#SQL[@44,N88]Result[]
INSERT INTO t VALUES (2, '2021-11-11', '2021-01-11 23:23:23', '2021-12-12 16:16:16.843');

#SQL[@45,N52]Result[42, 8, 27]
SELECT LEFT(d1, MONTH(d1)), LEFT(d2, DAY(d2)) FROM t;
LEFT(d1, MONTH(d1))  ¦  LEFT(d2, DAY(d2))
2  ¦  2
2021-11-11  ¦  2021-01-11 

#SQL[@46,N34]Result[20, 19, 19]
SELECT LEFT(d2, LENGTH(d2)) FROM t;
LEFT(d2, LENGTH(d2))
2020-01-01 12:12:12
2021-01-11 23:23:23

#SQL[@47,N40]Result[28, 1, 10]
SELECT LEFT(d1, SIN(0)+MONTH(d1)) FROM t;
LEFT(d1, SIN(0) + MONTH(d1))
2
2021-11-11

#SQL[@48,N41]Result[29, 0, 10]
SELECT LEFT(d1, COS(10)+MONTH(d1)) FROM t;
LEFT(d1, COS(10) + MONTH(d1))

2021-11-11

#SQL[@61,N22]Result[]
DROP TABLE IF EXISTS t;

#SQL[@62,N92]Result[]
CREATE TABLE t(
    d INT,
    d1 BIGINT,
    d2 FLOAT,
    d3 DOUBLE,
    PRIMARY KEY (d)
);

#SQL[@69,N65]Result[]
INSERT INTO t VALUES (1,101210131014,50565056.5566,80898089.8899);

#SQL[@70,N79]Result[]
INSERT INTO t VALUES (2,46863515648464,9876453.3156153,6486454631564.156153489);

#SQL[@77,N22]Result[]
DROP TABLE IF EXISTS t;

#SQL[@78,N23]Result[]
DROP TABLE IF EXISTS t1;

#SQL[@79,N83]Result[]
CREATE TABLE t(
    d INT,
    d1 VARCHAR(20),
    d2 BIGINT,
    PRIMARY KEY (d)
);

#SQL[@85,N79]Result[]
CREATE TABLE t1(
    d INT,
    d1 CHAR(20),
    d2 DATE,
    PRIMARY KEY (d)
);

#SQL[@91,N77]Result[]
INSERT INTO t VALUES (1,'lijklnfdsalj',19290988), (2,'xlziblkfdi',1949100132);

#SQL[@92,N78]Result[]
INSERT INTO t VALUES (3,'ixioklakmaria',69456486), (4,'brzilaiusd',6448781575);

#SQL[@93,N88]Result[]
INSERT INTO t1 VALUES (1,'usaisagoodnat','1970-01-02'),(2,'chanialfakbjap','1971-11-12');

#SQL[@94,N85]Result[]
INSERT INTO t1 VALUES (3,'indiaisashit','1972-09-09'),(4,'xingoporelka','1973-12-07');

#SQL[@95,N56]Result[42, 11, 11, 11, 11]
SELECT t.d, LEFT(t.d1,FIND_IN_SET('d','a,b,c,d')) FROM t;
d  ¦  LEFT(t.d1, FIND_IN_SET(d, a,b,c,d))
1  ¦  lijk
2  ¦  xlzi
3  ¦  ixio
4  ¦  brzi

#SQL[@96,N101]Result[72, 21, 21, 21, 21]
SELECT t.d, LEFT(t.d2, FIND_IN_SET('d','a,b,c,d')), LEFT(t1.d1, ABS(-3)+1) FROM t,t1 WHERE t.d = t1.d;
d  ¦  LEFT(t.d2, FIND_IN_SET(d, a,b,c,d))  ¦  LEFT(t1.d1, ABS(-3) + 1)
1  ¦  1929  ¦  usai
2  ¦  1949  ¦  chan
3  ¦  6945  ¦  indi
4  ¦  6448  ¦  xing

#SQL[@97,N58]Result[24, 11, 11, 11, 11]
SELECT t.d, LEFT(t1.d2, NULL) FROM t JOIN t1 ON t.d = t1.d;
d  ¦  LEFT(t1.d2, null)
1  ¦  null
2  ¦  null
3  ¦  null
4  ¦  null

#SQL[@100,N66]Result[26, 8, 8, 8, 8]
SELECT t.d, LEFT(t1.d2, BIN(1)) FROM t RIGHT JOIN t1 ON t.d = t1.d;
d  ¦  LEFT(t1.d2, BIN(1))
1  ¦  1
2  ¦  1
3  ¦  1
4  ¦  1

#SQL[@101,N66]Result[26, 17, 17, 17, 17]
SELECT t.d, LEFT(t1.d2, BIN(2)) FROM t RIGHT JOIN t1 ON t.d = t1.d;
d  ¦  LEFT(t1.d2, BIN(2))
1  ¦  1970-01-02
2  ¦  1971-11-12
3  ¦  1972-09-09
4  ¦  1973-12-07

#SQL[@102,N22]Result[]
DROP TABLE IF EXISTS t;

#SQL[@103,N23]Result[]
DROP TABLE IF EXISTS t1;

