#SQL[@1,N27]Result[]
drop database if exists db1;

#SQL[@2,N19]Result[]
create database db1;

#SQL[@3,N7]Result[]
use db1;

#SQL[@5,N23]Result[]
drop table if exists t1;

#SQL[@6,N51]Result[]
CREATE TABLE t1 (a INTEGER PRIMARY KEY, b CHAR(10));

#SQL[@7,N7]Result[71, 53, 52]
desc t1;
Field  ¦  Type  ¦  Null  ¦  Key  ¦  Default  ¦  Extra  ¦  Comment
a  ¦  INT(32)  ¦  NO  ¦  PRI  ¦  null  ¦    ¦  
b  ¦  CHAR(10)  ¦  YES  ¦    ¦  null  ¦    ¦  

#SQL[@9,N30]Result[]
insert into t1 values(1, 'ab');

#SQL[@10,N30]Result[]
insert into t1 values(2, 'ac');

#SQL[@11,N30]Result[]
insert into t1 values(3, 'ad');

#SQL[@12,N16]Result[8, 9, 9, 9]
select * from t1;
a  ¦  b
1  ¦  ab
2  ¦  ac
3  ¦  ad

#SQL[@15,N35]Result[]
alter table t1 modify a VARCHAR(20);

#SQL[@16,N7]Result[71, 57, 52]
desc t1;
Field  ¦  Type  ¦  Null  ¦  Key  ¦  Default  ¦  Extra  ¦  Comment
a  ¦  VARCHAR(20)  ¦  NO  ¦  PRI  ¦  null  ¦    ¦  
b  ¦  CHAR(10)  ¦  YES  ¦    ¦  null  ¦    ¦  

#SQL[@17,N16]Result[8, 9, 9, 9]
select * from t1;
a  ¦  b
1  ¦  ab
2  ¦  ac
3  ¦  ad

#SQL[@19,N23]Result[]
drop table if exists t1;

#SQL[@20,N59]Result[]
CREATE TABLE t1 (a INTEGER PRIMARY KEY, b CHAR(10), c date);

#SQL[@21,N7]Result[71, 53, 52, 51]
desc t1;
Field  ¦  Type  ¦  Null  ¦  Key  ¦  Default  ¦  Extra  ¦  Comment
a  ¦  INT(32)  ¦  NO  ¦  PRI  ¦  null  ¦    ¦  
b  ¦  CHAR(10)  ¦  YES  ¦    ¦  null  ¦    ¦  
c  ¦  DATE(0)  ¦  YES  ¦    ¦  null  ¦    ¦  

#SQL[@23,N44]Result[]
insert into t1 values(1, 'ab', '1980-12-17');

#SQL[@24,N44]Result[]
insert into t1 values(2, 'ac', '1981-02-20');

#SQL[@25,N44]Result[]
insert into t1 values(3, 'ad', '1981-02-22');

#SQL[@26,N16]Result[15, 25, 25, 25]
select * from t1;
a  ¦  b  ¦  c
1  ¦  ab  ¦  1980-12-17
2  ¦  ac  ¦  1981-02-20
3  ¦  ad  ¦  1981-02-22

#SQL[@28,N43]Result[]
alter table t1 modify a VARCHAR(20) after b;

#SQL[@29,N7]Result[71, 52, 57, 51]
desc t1;
Field  ¦  Type  ¦  Null  ¦  Key  ¦  Default  ¦  Extra  ¦  Comment
b  ¦  CHAR(10)  ¦  YES  ¦    ¦  null  ¦    ¦  
a  ¦  VARCHAR(20)  ¦  NO  ¦  PRI  ¦  null  ¦    ¦  
c  ¦  DATE(0)  ¦  YES  ¦    ¦  null  ¦    ¦  

#SQL[@30,N16]Result[15, 25, 25, 25]
select * from t1;
b  ¦  a  ¦  c
ab  ¦  1  ¦  1980-12-17
ac  ¦  2  ¦  1981-02-20
ad  ¦  3  ¦  1981-02-22

#SQL[@32,N23]Result[]
drop table if exists t1;

#SQL[@33,N59]Result[]
CREATE TABLE t1 (a INTEGER PRIMARY KEY, b CHAR(10), c date);

#SQL[@34,N7]Result[71, 53, 52, 51]
desc t1;
Field  ¦  Type  ¦  Null  ¦  Key  ¦  Default  ¦  Extra  ¦  Comment
a  ¦  INT(32)  ¦  NO  ¦  PRI  ¦  null  ¦    ¦  
b  ¦  CHAR(10)  ¦  YES  ¦    ¦  null  ¦    ¦  
c  ¦  DATE(0)  ¦  YES  ¦    ¦  null  ¦    ¦  

#SQL[@36,N44]Result[]
insert into t1 values(1, 'ab', '1980-12-17');

#SQL[@37,N44]Result[]
insert into t1 values(2, 'ac', '1981-02-20');

#SQL[@38,N44]Result[]
insert into t1 values(3, 'ad', '1981-02-22');

#SQL[@39,N16]Result[15, 25, 25, 25]
select * from t1;
a  ¦  b  ¦  c
1  ¦  ab  ¦  1980-12-17
2  ¦  ac  ¦  1981-02-20
3  ¦  ad  ¦  1981-02-22

#SQL[@41,N43]Result[]
alter table t1 modify a VARCHAR(20) after c;

#SQL[@42,N7]Result[71, 52, 51, 57]
desc t1;
Field  ¦  Type  ¦  Null  ¦  Key  ¦  Default  ¦  Extra  ¦  Comment
b  ¦  CHAR(10)  ¦  YES  ¦    ¦  null  ¦    ¦  
c  ¦  DATE(0)  ¦  YES  ¦    ¦  null  ¦    ¦  
a  ¦  VARCHAR(20)  ¦  NO  ¦  PRI  ¦  null  ¦    ¦  

#SQL[@43,N16]Result[15, 25, 25, 25]
select * from t1;
b  ¦  c  ¦  a
ab  ¦  1980-12-17  ¦  1
ac  ¦  1981-02-20  ¦  2
ad  ¦  1981-02-22  ¦  3

#SQL[@45,N23]Result[]
drop table if exists t1;

#SQL[@46,N63]Result[]
CREATE TABLE t1 (a INTEGER, b CHAR(10), c date, PRIMARY KEY(a));

#SQL[@47,N7]Result[71, 53, 52, 51]
desc t1;
Field  ¦  Type  ¦  Null  ¦  Key  ¦  Default  ¦  Extra  ¦  Comment
a  ¦  INT(32)  ¦  NO  ¦  PRI  ¦  null  ¦    ¦  
b  ¦  CHAR(10)  ¦  YES  ¦    ¦  null  ¦    ¦  
c  ¦  DATE(0)  ¦  YES  ¦    ¦  null  ¦    ¦  

#SQL[@49,N44]Result[]
insert into t1 values(1, 'ab', '1980-12-17');

#SQL[@50,N44]Result[]
insert into t1 values(2, 'ac', '1981-02-20');

#SQL[@51,N44]Result[]
insert into t1 values(3, 'ad', '1981-02-22');

#SQL[@52,N16]Result[15, 25, 25, 25]
select * from t1;
a  ¦  b  ¦  c
1  ¦  ab  ¦  1980-12-17
2  ¦  ac  ¦  1981-02-20
3  ¦  ad  ¦  1981-02-22

#SQL[@54,N41]Result[]
alter table t1 modify b VARCHAR(20) first;

#SQL[@55,N7]Result[71, 55, 53, 51]
desc t1;
Field  ¦  Type  ¦  Null  ¦  Key  ¦  Default  ¦  Extra  ¦  Comment
b  ¦  VARCHAR(20)  ¦  YES  ¦    ¦  null  ¦    ¦  
a  ¦  INT(32)  ¦  NO  ¦  PRI  ¦  null  ¦    ¦  
c  ¦  DATE(0)  ¦  YES  ¦    ¦  null  ¦    ¦  

#SQL[@56,N16]Result[15, 25, 25, 25]
select * from t1;
b  ¦  a  ¦  c
ab  ¦  1  ¦  1980-12-17
ac  ¦  2  ¦  1981-02-20
ad  ¦  3  ¦  1981-02-22

#SQL[@58,N23]Result[]
drop table if exists t1;

#SQL[@59,N75]Result[]
CREATE TABLE t1 (a INTEGER PRIMARY KEY, b CHAR(10), c date, d decimal(7,2));

#SQL[@60,N7]Result[71, 53, 52, 51, 56]
desc t1;
Field  ¦  Type  ¦  Null  ¦  Key  ¦  Default  ¦  Extra  ¦  Comment
a  ¦  INT(32)  ¦  NO  ¦  PRI  ¦  null  ¦    ¦  
b  ¦  CHAR(10)  ¦  YES  ¦    ¦  null  ¦    ¦  
c  ¦  DATE(0)  ¦  YES  ¦    ¦  null  ¦    ¦  
d  ¦  DECIMAL(7,2)  ¦  YES  ¦    ¦  null  ¦    ¦  

#SQL[@62,N49]Result[]
insert into t1 values(1, 'ab', '1980-12-17', 800);

#SQL[@63,N50]Result[]
insert into t1 values(2, 'ac', '1981-02-20', 1600);

#SQL[@64,N49]Result[]
insert into t1 values(3, 'ad', '1981-02-22', 500);

#SQL[@65,N16]Result[22, 37, 38, 37]
select * from t1;
a  ¦  b  ¦  c  ¦  d
1  ¦  ab  ¦  1980-12-17  ¦  800.00
2  ¦  ac  ¦  1981-02-20  ¦  1600.00
3  ¦  ad  ¦  1981-02-22  ¦  500.00

#SQL[@67,N58]Result[]
alter table t1 modify b VARCHAR(20), modify d int unsigned;

#SQL[@68,N7]Result[71, 53, 55, 51, 60]
desc t1;
Field  ¦  Type  ¦  Null  ¦  Key  ¦  Default  ¦  Extra  ¦  Comment
a  ¦  INT(32)  ¦  NO  ¦  PRI  ¦  null  ¦    ¦  
b  ¦  VARCHAR(20)  ¦  YES  ¦    ¦  null  ¦    ¦  
c  ¦  DATE(0)  ¦  YES  ¦    ¦  null  ¦    ¦  
d  ¦  INT UNSIGNED(32)  ¦  YES  ¦    ¦  null  ¦    ¦  

#SQL[@69,N16]Result[22, 34, 35, 34]
select * from t1;
a  ¦  b  ¦  c  ¦  d
1  ¦  ab  ¦  1980-12-17  ¦  800
2  ¦  ac  ¦  1981-02-20  ¦  1600
3  ¦  ad  ¦  1981-02-22  ¦  500

#SQL[@71,N23]Result[]
drop table if exists t1;

#SQL[@72,N75]Result[]
CREATE TABLE t1 (a INTEGER PRIMARY KEY, b CHAR(10), c date, d decimal(7,2));

#SQL[@73,N7]Result[71, 53, 52, 51, 56]
desc t1;
Field  ¦  Type  ¦  Null  ¦  Key  ¦  Default  ¦  Extra  ¦  Comment
a  ¦  INT(32)  ¦  NO  ¦  PRI  ¦  null  ¦    ¦  
b  ¦  CHAR(10)  ¦  YES  ¦    ¦  null  ¦    ¦  
c  ¦  DATE(0)  ¦  YES  ¦    ¦  null  ¦    ¦  
d  ¦  DECIMAL(7,2)  ¦  YES  ¦    ¦  null  ¦    ¦  

#SQL[@75,N49]Result[]
insert into t1 values(1, 'ab', '1980-12-17', 800);

#SQL[@76,N50]Result[]
insert into t1 values(2, 'ac', '1981-02-20', 1600);

#SQL[@77,N49]Result[]
insert into t1 values(3, 'ad', '1981-02-22', 500);

#SQL[@79,N16]Result[22, 37, 38, 37]
select * from t1;
a  ¦  b  ¦  c  ¦  d
1  ¦  ab  ¦  1980-12-17  ¦  800.00
2  ¦  ac  ¦  1981-02-20  ¦  1600.00
3  ¦  ad  ¦  1981-02-22  ¦  500.00

#SQL[@81,N47]Error[28]
alter table t1 modify a VARCHAR(20) PRIMARY KEY;
Multiple primary key defined

#SQL[@83,N47]Error[28]
alter table t1 modify b VARCHAR(20) PRIMARY KEY;
Multiple primary key defined

#SQL[@85,N72]Result[]
alter table t1 modify b VARCHAR(20) first, modify d int unsigned after b;

#SQL[@86,N7]Result[71, 55, 60, 53, 51]
desc t1;
Field  ¦  Type  ¦  Null  ¦  Key  ¦  Default  ¦  Extra  ¦  Comment
b  ¦  VARCHAR(20)  ¦  YES  ¦    ¦  null  ¦    ¦  
d  ¦  INT UNSIGNED(32)  ¦  YES  ¦    ¦  null  ¦    ¦  
a  ¦  INT(32)  ¦  NO  ¦  PRI  ¦  null  ¦    ¦  
c  ¦  DATE(0)  ¦  YES  ¦    ¦  null  ¦    ¦  

#SQL[@87,N16]Result[22, 34, 35, 34]
select * from t1;
b  ¦  d  ¦  a  ¦  c
ab  ¦  800  ¦  1  ¦  1980-12-17
ac  ¦  1600  ¦  2  ¦  1981-02-20
ad  ¦  500  ¦  3  ¦  1981-02-22

#SQL[@89,N23]Result[]
drop table if exists t1;

#SQL[@90,N85]Result[]
CREATE TABLE t1(a INTEGER, b CHAR(10), c datetime, d decimal(7,2), PRIMARY KEY(a, b));

#SQL[@91,N7]Result[71, 53, 54, 55, 56]
desc t1;
Field  ¦  Type  ¦  Null  ¦  Key  ¦  Default  ¦  Extra  ¦  Comment
a  ¦  INT(32)  ¦  NO  ¦  PRI  ¦  null  ¦    ¦  
b  ¦  CHAR(10)  ¦  NO  ¦  PRI  ¦  null  ¦    ¦  
c  ¦  DATETIME(0)  ¦  YES  ¦    ¦  null  ¦    ¦  
d  ¦  DECIMAL(7,2)  ¦  YES  ¦    ¦  null  ¦    ¦  

#SQL[@93,N58]Result[]
insert into t1 values(1, 'ab', '1980-12-17 11:34:45', 800);

#SQL[@94,N59]Result[]
insert into t1 values(2, 'ac', '1981-02-20 10:34:45', 1600);

#SQL[@95,N58]Result[]
insert into t1 values(3, 'ad', '1981-02-22 09:34:45', 500);

#SQL[@96,N16]Result[22, 46, 47, 46]
select * from t1;
a  ¦  b  ¦  c  ¦  d
1  ¦  ab  ¦  1980-12-17 11:34:45  ¦  800.00
2  ¦  ac  ¦  1981-02-20 10:34:45  ¦  1600.00
3  ¦  ad  ¦  1981-02-22 09:34:45  ¦  500.00

#SQL[@98,N90]Result[]
alter table t1 modify c datetime default '2023-06-21 12:34:45' on update CURRENT_TIMESTAMP;

#SQL[@99,N7]Result[71, 53, 54, 70, 56]
desc t1;
Field  ¦  Type  ¦  Null  ¦  Key  ¦  Default  ¦  Extra  ¦  Comment
a  ¦  INT(32)  ¦  NO  ¦  PRI  ¦  null  ¦    ¦  
b  ¦  CHAR(10)  ¦  NO  ¦  PRI  ¦  null  ¦    ¦  
c  ¦  DATETIME(0)  ¦  YES  ¦    ¦  2023-06-21 12:34:45  ¦    ¦  
d  ¦  DECIMAL(7,2)  ¦  YES  ¦    ¦  null  ¦    ¦  

#SQL[@100,N16]Result[22, 46, 47, 46]
select * from t1;
a  ¦  b  ¦  c  ¦  d
1  ¦  ab  ¦  1980-12-17 11:34:45  ¦  800.00
2  ¦  ac  ¦  1981-02-20 10:34:45  ¦  1600.00
3  ¦  ad  ¦  1981-02-22 09:34:45  ¦  500.00

#SQL[@102,N28]Result[]
alter table t1 modify c date;

#SQL[@103,N7]Result[71, 53, 54, 51, 56]
desc t1;
Field  ¦  Type  ¦  Null  ¦  Key  ¦  Default  ¦  Extra  ¦  Comment
a  ¦  INT(32)  ¦  NO  ¦  PRI  ¦  null  ¦    ¦  
b  ¦  CHAR(10)  ¦  NO  ¦  PRI  ¦  null  ¦    ¦  
c  ¦  DATE(0)  ¦  YES  ¦    ¦  null  ¦    ¦  
d  ¦  DECIMAL(7,2)  ¦  YES  ¦    ¦  null  ¦    ¦  

#SQL[@104,N16]Result[22, 37, 38, 37]
select * from t1;
a  ¦  b  ¦  c  ¦  d
1  ¦  ab  ¦  1980-12-17  ¦  800.00
2  ¦  ac  ¦  1981-02-20  ¦  1600.00
3  ¦  ad  ¦  1981-02-22  ¦  500.00

#SQL[@106,N23]Result[]
drop table if exists t1;

#SQL[@107,N112]Result[]
CREATE TABLE t1 (a INTEGER, b CHAR(10), c datetime PRIMARY KEY default '2023-06-21' on update CURRENT_TIMESTAMP);

#SQL[@108,N7]Result[71, 51, 52, 63]
desc t1;
Field  ¦  Type  ¦  Null  ¦  Key  ¦  Default  ¦  Extra  ¦  Comment
a  ¦  INT(32)  ¦  YES  ¦    ¦  null  ¦    ¦  
b  ¦  CHAR(10)  ¦  YES  ¦    ¦  null  ¦    ¦  
c  ¦  DATETIME(0)  ¦  NO  ¦  PRI  ¦  2023-06-21  ¦    ¦  

#SQL[@110,N44]Result[]
insert into t1 values(1, 'ab', '1980-12-17');

#SQL[@111,N44]Result[]
insert into t1 values(2, 'ac', '1981-02-20');

#SQL[@112,N44]Result[]
insert into t1 values(3, 'ad', '1981-02-22');

#SQL[@113,N16]Result[15, 34, 34, 34]
select * from t1;
a  ¦  b  ¦  c
1  ¦  ab  ¦  1980-12-17 00:00:00
2  ¦  ac  ¦  1981-02-20 00:00:00
3  ¦  ad  ¦  1981-02-22 00:00:00

#SQL[@115,N34]Result[]
alter table t1 modify c date first;

#SQL[@116,N7]Result[71, 53, 51, 52]
desc t1;
Field  ¦  Type  ¦  Null  ¦  Key  ¦  Default  ¦  Extra  ¦  Comment
c  ¦  DATE(0)  ¦  NO  ¦  PRI  ¦  null  ¦    ¦  
a  ¦  INT(32)  ¦  YES  ¦    ¦  null  ¦    ¦  
b  ¦  CHAR(10)  ¦  YES  ¦    ¦  null  ¦    ¦  

#SQL[@117,N16]Result[15, 25, 25, 25]
select * from t1;
c  ¦  a  ¦  b
1980-12-17  ¦  1  ¦  ab
1981-02-20  ¦  2  ¦  ac
1981-02-22  ¦  3  ¦  ad

#SQL[@119,N53]Result[]
alter table t1 modify c datetime default '2023-06-21';

#SQL[@120,N7]Result[71, 63, 51, 52]
desc t1;
Field  ¦  Type  ¦  Null  ¦  Key  ¦  Default  ¦  Extra  ¦  Comment
c  ¦  DATETIME(0)  ¦  NO  ¦  PRI  ¦  2023-06-21  ¦    ¦  
a  ¦  INT(32)  ¦  YES  ¦    ¦  null  ¦    ¦  
b  ¦  CHAR(10)  ¦  YES  ¦    ¦  null  ¦    ¦  

#SQL[@121,N16]Result[15, 34, 34, 34]
select * from t1;
c  ¦  a  ¦  b
1980-12-17 00:00:00  ¦  1  ¦  ab
1981-02-20 00:00:00  ¦  2  ¦  ac
1981-02-22 00:00:00  ¦  3  ¦  ad

#SQL[@123,N23]Result[]
drop table if exists t1;

#SQL[@124,N92]Result[]
CREATE TABLE t1(a INTEGER PRIMARY KEY, b CHAR(10), c date, d decimal(7,2), UNIQUE KEY(a, b));

#SQL[@125,N7]Result[71, 53, 52, 51, 56]
desc t1;
Field  ¦  Type  ¦  Null  ¦  Key  ¦  Default  ¦  Extra  ¦  Comment
a  ¦  INT(32)  ¦  NO  ¦  PRI  ¦  null  ¦    ¦  
b  ¦  CHAR(10)  ¦  YES  ¦    ¦  null  ¦    ¦  
c  ¦  DATE(0)  ¦  YES  ¦    ¦  null  ¦    ¦  
d  ¦  DECIMAL(7,2)  ¦  YES  ¦    ¦  null  ¦    ¦  

#SQL[@127,N49]Result[]
insert into t1 values(1, 'ab', '1980-12-17', 800);

#SQL[@128,N50]Result[]
insert into t1 values(2, 'ac', '1981-02-20', 1600);

#SQL[@129,N49]Result[]
insert into t1 values(3, 'ad', '1981-02-22', 500);

#SQL[@130,N16]Result[22, 37, 38, 37]
select * from t1;
a  ¦  b  ¦  c  ¦  d
1  ¦  ab  ¦  1980-12-17  ¦  800.00
2  ¦  ac  ¦  1981-02-20  ¦  1600.00
3  ¦  ad  ¦  1981-02-22  ¦  500.00

#SQL[@132,N35]Result[]
alter table t1 modify b VARCHAR(20);

#SQL[@133,N18]Result[233, 110, 113, 116]
show index from t1;
Table  ¦  Non_unique  ¦  Key_name  ¦  Seq_in_index  ¦  Column_name  ¦  Collation  ¦  Cardinality  ¦  Sub_part  ¦  Packed  ¦  Null  ¦  Index_type  ¦  Comment  ¦  Index_comment  ¦  Index_params  ¦  Visible  ¦  Expression
t1  ¦  0  ¦  a  ¦  1  ¦  a  ¦  A  ¦  0  ¦  NULL  ¦  NULL  ¦    ¦    ¦    ¦    ¦    ¦  YES  ¦  a
t1  ¦  0  ¦  a  ¦  2  ¦  b  ¦  A  ¦  0  ¦  NULL  ¦  NULL  ¦  YES  ¦    ¦    ¦    ¦    ¦  YES  ¦  b
t1  ¦  0  ¦  PRIMARY  ¦  1  ¦  a  ¦  A  ¦  0  ¦  NULL  ¦  NULL  ¦    ¦    ¦    ¦    ¦    ¦  YES  ¦  a

#SQL[@135,N46]Result[]
alter table t1 modify b VARCHAR(20) UNIQUE KEY;

#SQL[@136,N18]Result[233, 110, 113, 113, 116]
show index from t1;
Table  ¦  Non_unique  ¦  Key_name  ¦  Seq_in_index  ¦  Column_name  ¦  Collation  ¦  Cardinality  ¦  Sub_part  ¦  Packed  ¦  Null  ¦  Index_type  ¦  Comment  ¦  Index_comment  ¦  Index_params  ¦  Visible  ¦  Expression
t1  ¦  0  ¦  a  ¦  1  ¦  a  ¦  A  ¦  0  ¦  NULL  ¦  NULL  ¦    ¦    ¦    ¦    ¦    ¦  YES  ¦  a
t1  ¦  0  ¦  a  ¦  2  ¦  b  ¦  A  ¦  0  ¦  NULL  ¦  NULL  ¦  YES  ¦    ¦    ¦    ¦    ¦  YES  ¦  b
t1  ¦  0  ¦  b  ¦  1  ¦  b  ¦  A  ¦  0  ¦  NULL  ¦  NULL  ¦  YES  ¦    ¦    ¦    ¦    ¦  YES  ¦  b
t1  ¦  0  ¦  PRIMARY  ¦  1  ¦  a  ¦  A  ¦  0  ¦  NULL  ¦  NULL  ¦    ¦    ¦    ¦    ¦    ¦  YES  ¦  a

#SQL[@138,N46]Result[]
alter table t1 modify b VARCHAR(20) UNIQUE KEY;

#SQL[@139,N18]Result[233, 110, 113, 113, 115, 116]
show index from t1;
Table  ¦  Non_unique  ¦  Key_name  ¦  Seq_in_index  ¦  Column_name  ¦  Collation  ¦  Cardinality  ¦  Sub_part  ¦  Packed  ¦  Null  ¦  Index_type  ¦  Comment  ¦  Index_comment  ¦  Index_params  ¦  Visible  ¦  Expression
t1  ¦  0  ¦  a  ¦  1  ¦  a  ¦  A  ¦  0  ¦  NULL  ¦  NULL  ¦    ¦    ¦    ¦    ¦    ¦  YES  ¦  a
t1  ¦  0  ¦  a  ¦  2  ¦  b  ¦  A  ¦  0  ¦  NULL  ¦  NULL  ¦  YES  ¦    ¦    ¦    ¦    ¦  YES  ¦  b
t1  ¦  0  ¦  b  ¦  1  ¦  b  ¦  A  ¦  0  ¦  NULL  ¦  NULL  ¦  YES  ¦    ¦    ¦    ¦    ¦  YES  ¦  b
t1  ¦  0  ¦  b_2  ¦  1  ¦  b  ¦  A  ¦  0  ¦  NULL  ¦  NULL  ¦  YES  ¦    ¦    ¦    ¦    ¦  YES  ¦  b
t1  ¦  0  ¦  PRIMARY  ¦  1  ¦  a  ¦  A  ¦  0  ¦  NULL  ¦  NULL  ¦    ¦    ¦    ¦    ¦    ¦  YES  ¦  a

#SQL[@141,N7]Result[71, 53, 58, 51, 56]
desc t1;
Field  ¦  Type  ¦  Null  ¦  Key  ¦  Default  ¦  Extra  ¦  Comment
a  ¦  INT(32)  ¦  NO  ¦  PRI  ¦  null  ¦    ¦  
b  ¦  VARCHAR(20)  ¦  YES  ¦  UNI  ¦  null  ¦    ¦  
c  ¦  DATE(0)  ¦  YES  ¦    ¦  null  ¦    ¦  
d  ¦  DECIMAL(7,2)  ¦  YES  ¦    ¦  null  ¦    ¦  

#SQL[@142,N16]Result[22, 37, 38, 37]
select * from t1;
a  ¦  b  ¦  c  ¦  d
1  ¦  ab  ¦  1980-12-17  ¦  800.00
2  ¦  ac  ¦  1981-02-20  ¦  1600.00
3  ¦  ad  ¦  1981-02-22  ¦  500.00

#SQL[@144,N23]Result[]
drop table if exists t1;

#SQL[@145,N95]Result[]
CREATE TABLE t1(a INTEGER PRIMARY KEY, b CHAR(10), c date, d decimal(7,2), INDEX(a, b), KEY(c));

#SQL[@146,N7]Result[71, 53, 52, 54, 56]
desc t1;
Field  ¦  Type  ¦  Null  ¦  Key  ¦  Default  ¦  Extra  ¦  Comment
a  ¦  INT(32)  ¦  NO  ¦  PRI  ¦  null  ¦    ¦  
b  ¦  CHAR(10)  ¦  YES  ¦    ¦  null  ¦    ¦  
c  ¦  DATE(0)  ¦  YES  ¦  MUL  ¦  null  ¦    ¦  
d  ¦  DECIMAL(7,2)  ¦  YES  ¦    ¦  null  ¦    ¦  

#SQL[@148,N49]Result[]
insert into t1 values(1, 'ab', '1980-12-17', 800);

#SQL[@149,N50]Result[]
insert into t1 values(2, 'ac', '1981-02-20', 1600);

#SQL[@150,N49]Result[]
insert into t1 values(3, 'ad', '1981-02-22', 500);

#SQL[@151,N16]Result[22, 37, 38, 37]
select * from t1;
a  ¦  b  ¦  c  ¦  d
1  ¦  ab  ¦  1980-12-17  ¦  800.00
2  ¦  ac  ¦  1981-02-20  ¦  1600.00
3  ¦  ad  ¦  1981-02-22  ¦  500.00

#SQL[@153,N35]Result[]
alter table t1 modify b VARCHAR(20);

#SQL[@154,N18]Result[233, 110, 113, 113, 116]
show index from t1;
Table  ¦  Non_unique  ¦  Key_name  ¦  Seq_in_index  ¦  Column_name  ¦  Collation  ¦  Cardinality  ¦  Sub_part  ¦  Packed  ¦  Null  ¦  Index_type  ¦  Comment  ¦  Index_comment  ¦  Index_params  ¦  Visible  ¦  Expression
t1  ¦  1  ¦  a  ¦  1  ¦  a  ¦  A  ¦  0  ¦  NULL  ¦  NULL  ¦    ¦    ¦    ¦    ¦    ¦  YES  ¦  a
t1  ¦  1  ¦  a  ¦  2  ¦  b  ¦  A  ¦  0  ¦  NULL  ¦  NULL  ¦  YES  ¦    ¦    ¦    ¦    ¦  YES  ¦  b
t1  ¦  1  ¦  c  ¦  1  ¦  c  ¦  A  ¦  0  ¦  NULL  ¦  NULL  ¦  YES  ¦    ¦    ¦    ¦    ¦  YES  ¦  c
t1  ¦  0  ¦  PRIMARY  ¦  1  ¦  a  ¦  A  ¦  0  ¦  NULL  ¦  NULL  ¦    ¦    ¦    ¦    ¦    ¦  YES  ¦  a

#SQL[@157,N39]Error[28]
alter table t1 modify b VARCHAR(20) KEY;
Multiple primary key defined

#SQL[@160,N46]Result[]
alter table t1 modify b VARCHAR(20) UNIQUE KEY;

#SQL[@161,N18]Result[233, 113, 110, 113, 113, 116]
show index from t1;
Table  ¦  Non_unique  ¦  Key_name  ¦  Seq_in_index  ¦  Column_name  ¦  Collation  ¦  Cardinality  ¦  Sub_part  ¦  Packed  ¦  Null  ¦  Index_type  ¦  Comment  ¦  Index_comment  ¦  Index_params  ¦  Visible  ¦  Expression
t1  ¦  0  ¦  b  ¦  1  ¦  b  ¦  A  ¦  0  ¦  NULL  ¦  NULL  ¦  YES  ¦    ¦    ¦    ¦    ¦  YES  ¦  b
t1  ¦  1  ¦  a  ¦  1  ¦  a  ¦  A  ¦  0  ¦  NULL  ¦  NULL  ¦    ¦    ¦    ¦    ¦    ¦  YES  ¦  a
t1  ¦  1  ¦  a  ¦  2  ¦  b  ¦  A  ¦  0  ¦  NULL  ¦  NULL  ¦  YES  ¦    ¦    ¦    ¦    ¦  YES  ¦  b
t1  ¦  1  ¦  c  ¦  1  ¦  c  ¦  A  ¦  0  ¦  NULL  ¦  NULL  ¦  YES  ¦    ¦    ¦    ¦    ¦  YES  ¦  c
t1  ¦  0  ¦  PRIMARY  ¦  1  ¦  a  ¦  A  ¦  0  ¦  NULL  ¦  NULL  ¦    ¦    ¦    ¦    ¦    ¦  YES  ¦  a

#SQL[@163,N46]Result[]
alter table t1 modify c VARCHAR(20) UNIQUE KEY;

#SQL[@164,N18]Result[233, 113, 115, 110, 113, 113, 116]
show index from t1;
Table  ¦  Non_unique  ¦  Key_name  ¦  Seq_in_index  ¦  Column_name  ¦  Collation  ¦  Cardinality  ¦  Sub_part  ¦  Packed  ¦  Null  ¦  Index_type  ¦  Comment  ¦  Index_comment  ¦  Index_params  ¦  Visible  ¦  Expression
t1  ¦  0  ¦  b  ¦  1  ¦  b  ¦  A  ¦  0  ¦  NULL  ¦  NULL  ¦  YES  ¦    ¦    ¦    ¦    ¦  YES  ¦  b
t1  ¦  0  ¦  c_2  ¦  1  ¦  c  ¦  A  ¦  0  ¦  NULL  ¦  NULL  ¦  YES  ¦    ¦    ¦    ¦    ¦  YES  ¦  c
t1  ¦  1  ¦  a  ¦  1  ¦  a  ¦  A  ¦  0  ¦  NULL  ¦  NULL  ¦    ¦    ¦    ¦    ¦    ¦  YES  ¦  a
t1  ¦  1  ¦  a  ¦  2  ¦  b  ¦  A  ¦  0  ¦  NULL  ¦  NULL  ¦  YES  ¦    ¦    ¦    ¦    ¦  YES  ¦  b
t1  ¦  1  ¦  c  ¦  1  ¦  c  ¦  A  ¦  0  ¦  NULL  ¦  NULL  ¦  YES  ¦    ¦    ¦    ¦    ¦  YES  ¦  c
t1  ¦  0  ¦  PRIMARY  ¦  1  ¦  a  ¦  A  ¦  0  ¦  NULL  ¦  NULL  ¦    ¦    ¦    ¦    ¦    ¦  YES  ¦  a

#SQL[@166,N7]Result[71, 53, 58, 58, 56]
desc t1;
Field  ¦  Type  ¦  Null  ¦  Key  ¦  Default  ¦  Extra  ¦  Comment
a  ¦  INT(32)  ¦  NO  ¦  PRI  ¦  null  ¦    ¦  
b  ¦  VARCHAR(20)  ¦  YES  ¦  UNI  ¦  null  ¦    ¦  
c  ¦  VARCHAR(20)  ¦  YES  ¦  UNI  ¦  null  ¦    ¦  
d  ¦  DECIMAL(7,2)  ¦  YES  ¦    ¦  null  ¦    ¦  

#SQL[@167,N16]Result[22, 37, 38, 37]
select * from t1;
a  ¦  b  ¦  c  ¦  d
1  ¦  ab  ¦  1980-12-17  ¦  800.00
2  ¦  ac  ¦  1981-02-20  ¦  1600.00
3  ¦  ad  ¦  1981-02-22  ¦  500.00

#SQL[@169,N23]Result[]
drop table if exists t1;

#SQL[@170,N378]Result[]
create table t1(
                   empno int unsigned auto_increment,
                   ename varchar(15) ,
                   job varchar(10),
                   mgr int unsigned,
                   hiredate date,
                   sal decimal(7,2),
                   comm decimal(7,2),
                   deptno int unsigned,
                   primary key(empno, ename)
);

#SQL[@181,N7]Result[71, 80, 61, 57, 62, 58, 58, 59, 65]
desc t1;
Field  ¦  Type  ¦  Null  ¦  Key  ¦  Default  ¦  Extra  ¦  Comment
empno  ¦  INT UNSIGNED(32)  ¦  NO  ¦  PRI  ¦  null  ¦  auto_increment  ¦  
ename  ¦  VARCHAR(15)  ¦  NO  ¦  PRI  ¦  null  ¦    ¦  
job  ¦  VARCHAR(10)  ¦  YES  ¦    ¦  null  ¦    ¦  
mgr  ¦  INT UNSIGNED(32)  ¦  YES  ¦    ¦  null  ¦    ¦  
hiredate  ¦  DATE(0)  ¦  YES  ¦    ¦  null  ¦    ¦  
sal  ¦  DECIMAL(7,2)  ¦  YES  ¦    ¦  null  ¦    ¦  
comm  ¦  DECIMAL(7,2)  ¦  YES  ¦    ¦  null  ¦    ¦  
deptno  ¦  INT UNSIGNED(32)  ¦  YES  ¦    ¦  null  ¦    ¦  

#SQL[@183,N74]Result[]
INSERT INTO t1 VALUES (7369,'SMITH','CLERK',7902,'1980-12-17',800,NULL,20);

#SQL[@184,N77]Result[]
INSERT INTO t1 VALUES (7499,'ALLEN','SALESMAN',7698,'1981-02-20',1600,300,30);

#SQL[@185,N76]Result[]
INSERT INTO t1 VALUES (7521,'WARD','SALESMAN',7698,'1981-02-22',1250,500,30);

#SQL[@186,N77]Result[]
INSERT INTO t1 VALUES (7566,'JONES','MANAGER',7839,'1981-04-02',2975,NULL,20);

#SQL[@187,N79]Result[]
INSERT INTO t1 VALUES (7654,'MARTIN','SALESMAN',7698,'1981-09-28',1250,1400,30);

#SQL[@188,N77]Result[]
INSERT INTO t1 VALUES (7698,'BLAKE','MANAGER',7839,'1981-05-01',2850,NULL,30);

#SQL[@189,N77]Result[]
INSERT INTO t1 VALUES (7782,'CLARK','MANAGER',7839,'1981-06-09',2450,NULL,10);

#SQL[@190,N77]Result[]
INSERT INTO t1 VALUES (7788,'SCOTT','ANALYST',7566,'0087-07-13',3000,NULL,20);

#SQL[@191,N78]Result[]
INSERT INTO t1 VALUES (7839,'KING','PRESIDENT',NULL,'1981-11-17',5000,NULL,10);

#SQL[@192,N76]Result[]
INSERT INTO t1 VALUES (7844,'TURNER','SALESMAN',7698,'1981-09-08',1500,0,30);

#SQL[@193,N75]Result[]
INSERT INTO t1 VALUES (7876,'ADAMS','CLERK',7788,'0087-07-13',1100,NULL,20);

#SQL[@194,N74]Result[]
INSERT INTO t1 VALUES (7900,'JAMES','CLERK',7698,'1981-12-03',950,NULL,30);

#SQL[@195,N76]Result[]
INSERT INTO t1 VALUES (7902,'FORD','ANALYST',7566,'1981-12-03',3000,NULL,20);

#SQL[@196,N76]Result[]
INSERT INTO t1 VALUES (7934,'MILLER','CLERK',7782,'1982-01-23',1300,NULL,10);

#SQL[@197,N16]Result[79, 82, 88, 87, 85, 90, 85, 85, 85, 86, 87, 83, 82, 84, 84]
select * from t1;
empno  ¦  ename  ¦  job  ¦  mgr  ¦  hiredate  ¦  sal  ¦  comm  ¦  deptno
7369  ¦  SMITH  ¦  CLERK  ¦  7902  ¦  1980-12-17  ¦  800.00  ¦  null  ¦  20
7499  ¦  ALLEN  ¦  SALESMAN  ¦  7698  ¦  1981-02-20  ¦  1600.00  ¦  300.00  ¦  30
7521  ¦  WARD  ¦  SALESMAN  ¦  7698  ¦  1981-02-22  ¦  1250.00  ¦  500.00  ¦  30
7566  ¦  JONES  ¦  MANAGER  ¦  7839  ¦  1981-04-02  ¦  2975.00  ¦  null  ¦  20
7654  ¦  MARTIN  ¦  SALESMAN  ¦  7698  ¦  1981-09-28  ¦  1250.00  ¦  1400.00  ¦  30
7698  ¦  BLAKE  ¦  MANAGER  ¦  7839  ¦  1981-05-01  ¦  2850.00  ¦  null  ¦  30
7782  ¦  CLARK  ¦  MANAGER  ¦  7839  ¦  1981-06-09  ¦  2450.00  ¦  null  ¦  10
7788  ¦  SCOTT  ¦  ANALYST  ¦  7566  ¦  0087-07-13  ¦  3000.00  ¦  null  ¦  20
7839  ¦  KING  ¦  PRESIDENT  ¦  null  ¦  1981-11-17  ¦  5000.00  ¦  null  ¦  10
7844  ¦  TURNER  ¦  SALESMAN  ¦  7698  ¦  1981-09-08  ¦  1500.00  ¦  0.00  ¦  30
7876  ¦  ADAMS  ¦  CLERK  ¦  7788  ¦  0087-07-13  ¦  1100.00  ¦  null  ¦  20
7900  ¦  JAMES  ¦  CLERK  ¦  7698  ¦  1981-12-03  ¦  950.00  ¦  null  ¦  30
7902  ¦  FORD  ¦  ANALYST  ¦  7566  ¦  1981-12-03  ¦  3000.00  ¦  null  ¦  20
7934  ¦  MILLER  ¦  CLERK  ¦  7782  ¦  1982-01-23  ¦  1300.00  ¦  null  ¦  10

#SQL[@199,N49]Result[]
alter table t1 modify empno varchar(20) after sal;

#SQL[@200,N7]Result[71, 61, 57, 62, 58, 58, 61, 59, 65]
desc t1;
Field  ¦  Type  ¦  Null  ¦  Key  ¦  Default  ¦  Extra  ¦  Comment
ename  ¦  VARCHAR(15)  ¦  NO  ¦  PRI  ¦  null  ¦    ¦  
job  ¦  VARCHAR(10)  ¦  YES  ¦    ¦  null  ¦    ¦  
mgr  ¦  INT UNSIGNED(32)  ¦  YES  ¦    ¦  null  ¦    ¦  
hiredate  ¦  DATE(0)  ¦  YES  ¦    ¦  null  ¦    ¦  
sal  ¦  DECIMAL(7,2)  ¦  YES  ¦    ¦  null  ¦    ¦  
empno  ¦  VARCHAR(20)  ¦  NO  ¦  PRI  ¦  null  ¦    ¦  
comm  ¦  DECIMAL(7,2)  ¦  YES  ¦    ¦  null  ¦    ¦  
deptno  ¦  INT UNSIGNED(32)  ¦  YES  ¦    ¦  null  ¦    ¦  

#SQL[@201,N16]Result[79, 82, 88, 87, 85, 90, 85, 85, 85, 86, 87, 83, 82, 84, 84]
select * from t1;
ename  ¦  job  ¦  mgr  ¦  hiredate  ¦  sal  ¦  empno  ¦  comm  ¦  deptno
SMITH  ¦  CLERK  ¦  7902  ¦  1980-12-17  ¦  800.00  ¦  7369  ¦  null  ¦  20
ALLEN  ¦  SALESMAN  ¦  7698  ¦  1981-02-20  ¦  1600.00  ¦  7499  ¦  300.00  ¦  30
WARD  ¦  SALESMAN  ¦  7698  ¦  1981-02-22  ¦  1250.00  ¦  7521  ¦  500.00  ¦  30
JONES  ¦  MANAGER  ¦  7839  ¦  1981-04-02  ¦  2975.00  ¦  7566  ¦  null  ¦  20
MARTIN  ¦  SALESMAN  ¦  7698  ¦  1981-09-28  ¦  1250.00  ¦  7654  ¦  1400.00  ¦  30
BLAKE  ¦  MANAGER  ¦  7839  ¦  1981-05-01  ¦  2850.00  ¦  7698  ¦  null  ¦  30
CLARK  ¦  MANAGER  ¦  7839  ¦  1981-06-09  ¦  2450.00  ¦  7782  ¦  null  ¦  10
SCOTT  ¦  ANALYST  ¦  7566  ¦  0087-07-13  ¦  3000.00  ¦  7788  ¦  null  ¦  20
KING  ¦  PRESIDENT  ¦  null  ¦  1981-11-17  ¦  5000.00  ¦  7839  ¦  null  ¦  10
TURNER  ¦  SALESMAN  ¦  7698  ¦  1981-09-08  ¦  1500.00  ¦  7844  ¦  0.00  ¦  30
ADAMS  ¦  CLERK  ¦  7788  ¦  0087-07-13  ¦  1100.00  ¦  7876  ¦  null  ¦  20
JAMES  ¦  CLERK  ¦  7698  ¦  1981-12-03  ¦  950.00  ¦  7900  ¦  null  ¦  30
FORD  ¦  ANALYST  ¦  7566  ¦  1981-12-03  ¦  3000.00  ¦  7902  ¦  null  ¦  20
MILLER  ¦  CLERK  ¦  7782  ¦  1982-01-23  ¦  1300.00  ¦  7934  ¦  null  ¦  10

#SQL[@203,N23]Result[]
drop table if exists t1;

#SQL[@204,N95]Result[]
create table t1(a int unsigned, b varchar(15) NOT NULL, c date, d decimal(7,2), primary key(a));

#SQL[@205,N7]Result[71, 62, 54, 51, 56]
desc t1;
Field  ¦  Type  ¦  Null  ¦  Key  ¦  Default  ¦  Extra  ¦  Comment
a  ¦  INT UNSIGNED(32)  ¦  NO  ¦  PRI  ¦  null  ¦    ¦  
b  ¦  VARCHAR(15)  ¦  NO  ¦    ¦  null  ¦    ¦  
c  ¦  DATE(0)  ¦  YES  ¦    ¦  null  ¦    ¦  
d  ¦  DECIMAL(7,2)  ¦  YES  ¦    ¦  null  ¦    ¦  

#SQL[@207,N53]Result[]
insert into t1 values (7369,'SMITH','1980-12-17',800);

#SQL[@208,N55]Result[]
insert into t1 values  (7499,'ALLEN','1981-02-20',1600);

#SQL[@209,N53]Result[]
insert into t1 values (7521,'WARD','1981-02-22',1250);

#SQL[@210,N55]Result[]
insert into t1 values  (7566,'JONES','1981-04-02',2975);

#SQL[@211,N56]Result[]
insert into t1 values  (7654,'MARTIN','1981-09-28',1250);

#SQL[@212,N16]Result[22, 43, 44, 43, 44, 45]
select * from t1;
a  ¦  b  ¦  c  ¦  d
7369  ¦  SMITH  ¦  1980-12-17  ¦  800.00
7499  ¦  ALLEN  ¦  1981-02-20  ¦  1600.00
7521  ¦  WARD  ¦  1981-02-22  ¦  1250.00
7566  ¦  JONES  ¦  1981-04-02  ¦  2975.00
7654  ¦  MARTIN  ¦  1981-09-28  ¦  1250.00

#SQL[@214,N42]Result[]
alter table t1 modify a int auto_increment;

#SQL[@215,N7]Result[71, 67, 54, 51, 56]
desc t1;
Field  ¦  Type  ¦  Null  ¦  Key  ¦  Default  ¦  Extra  ¦  Comment
a  ¦  INT(32)  ¦  NO  ¦  PRI  ¦  null  ¦  auto_increment  ¦  
b  ¦  VARCHAR(15)  ¦  NO  ¦    ¦  null  ¦    ¦  
c  ¦  DATE(0)  ¦  YES  ¦    ¦  null  ¦    ¦  
d  ¦  DECIMAL(7,2)  ¦  YES  ¦    ¦  null  ¦    ¦  

#SQL[@216,N16]Result[22, 43, 44, 43, 44, 45]
select * from t1;
a  ¦  b  ¦  c  ¦  d
7369  ¦  SMITH  ¦  1980-12-17  ¦  800.00
7499  ¦  ALLEN  ¦  1981-02-20  ¦  1600.00
7521  ¦  WARD  ¦  1981-02-22  ¦  1250.00
7566  ¦  JONES  ¦  1981-04-02  ¦  2975.00
7654  ¦  MARTIN  ¦  1981-09-28  ¦  1250.00

#SQL[@218,N36]Result[]
alter table t1 modify d decimal(6,2);

#SQL[@219,N7]Result[71, 67, 54, 51, 56]
desc t1;
Field  ¦  Type  ¦  Null  ¦  Key  ¦  Default  ¦  Extra  ¦  Comment
a  ¦  INT(32)  ¦  NO  ¦  PRI  ¦  null  ¦  auto_increment  ¦  
b  ¦  VARCHAR(15)  ¦  NO  ¦    ¦  null  ¦    ¦  
c  ¦  DATE(0)  ¦  YES  ¦    ¦  null  ¦    ¦  
d  ¦  DECIMAL(6,2)  ¦  YES  ¦    ¦  null  ¦    ¦  

#SQL[@220,N16]Result[22, 43, 44, 43, 44, 45]
select * from t1;
a  ¦  b  ¦  c  ¦  d
7369  ¦  SMITH  ¦  1980-12-17  ¦  800.00
7499  ¦  ALLEN  ¦  1981-02-20  ¦  1600.00
7521  ¦  WARD  ¦  1981-02-22  ¦  1250.00
7566  ¦  JONES  ¦  1981-04-02  ¦  2975.00
7654  ¦  MARTIN  ¦  1981-09-28  ¦  1250.00

#SQL[@222,N25]Result[]
drop table if exists dept;

#SQL[@223,N180]Result[]
create table dept(
                     deptno varchar(20),
                     dname varchar(15),
                     loc varchar(50),
                     primary key(deptno)
);

#SQL[@230,N52]Result[]
INSERT INTO dept VALUES (10,'ACCOUNTING','NEW YORK');

#SQL[@231,N48]Result[]
INSERT INTO dept VALUES (20,'RESEARCH','DALLAS');

#SQL[@232,N46]Result[]
INSERT INTO dept VALUES (30,'SALES','CHICAGO');

#SQL[@233,N50]Result[]
INSERT INTO dept VALUES (40,'OPERATIONS','BOSTON');

#SQL[@235,N24]Result[]
drop table if exists emp;

#SQL[@236,N461]Result[]
create table emp(
                    empno int unsigned auto_increment,
                    ename varchar(15),
                    job varchar(10),
                    mgr int unsigned,
                    hiredate date,
                    sal decimal(7,2),
                    comm decimal(7,2),
                    deptno varchar(20),
                    primary key(empno),
                    constraint `c1` FOREIGN KEY (deptno) REFERENCES dept(deptno)
);

#SQL[@249,N75]Result[]
INSERT INTO emp VALUES (7369,'SMITH','CLERK',7902,'1980-12-17',800,NULL,20);

#SQL[@250,N78]Result[]
INSERT INTO emp VALUES (7499,'ALLEN','SALESMAN',7698,'1981-02-20',1600,300,30);

#SQL[@251,N77]Result[]
INSERT INTO emp VALUES (7521,'WARD','SALESMAN',7698,'1981-02-22',1250,500,30);

#SQL[@252,N78]Result[]
INSERT INTO emp VALUES (7566,'JONES','MANAGER',7839,'1981-04-02',2975,NULL,20);

#SQL[@253,N80]Result[]
INSERT INTO emp VALUES (7654,'MARTIN','SALESMAN',7698,'1981-09-28',1250,1400,30);

#SQL[@254,N78]Result[]
INSERT INTO emp VALUES (7698,'BLAKE','MANAGER',7839,'1981-05-01',2850,NULL,30);

#SQL[@255,N78]Result[]
INSERT INTO emp VALUES (7782,'CLARK','MANAGER',7839,'1981-06-09',2450,NULL,10);

#SQL[@256,N78]Result[]
INSERT INTO emp VALUES (7788,'SCOTT','ANALYST',7566,'0087-07-13',3000,NULL,20);

#SQL[@257,N79]Result[]
INSERT INTO emp VALUES (7839,'KING','PRESIDENT',NULL,'1981-11-17',5000,NULL,10);

#SQL[@258,N77]Result[]
INSERT INTO emp VALUES (7844,'TURNER','SALESMAN',7698,'1981-09-08',1500,0,30);

#SQL[@259,N76]Result[]
INSERT INTO emp VALUES (7876,'ADAMS','CLERK',7788,'0087-07-13',1100,NULL,20);

#SQL[@260,N75]Result[]
INSERT INTO emp VALUES (7900,'JAMES','CLERK',7698,'1981-12-03',950,NULL,30);

#SQL[@261,N77]Result[]
INSERT INTO emp VALUES (7902,'FORD','ANALYST',7566,'1981-12-03',3000,NULL,20);

#SQL[@262,N77]Result[]
INSERT INTO emp VALUES (7934,'MILLER','CLERK',7782,'1982-01-23',1300,NULL,10);

#SQL[@265,N38]Error[68]
alter table emp modify deptno char(20);
Cannot change column 'deptno': used in a foreign key constraint 'c1'

#SQL[@267,N33]Error[68]
alter table emp modify deptno int;
Cannot change column 'deptno': used in a foreign key constraint 'c1'

#SQL[@269,N41]Error[68]
alter table emp modify deptno varchar(10);
Cannot change column 'deptno': used in a foreign key constraint 'c1'

#SQL[@270,N41]Result[]
alter table emp modify deptno varchar(25);

#SQL[@271,N8]Result[71, 80, 59, 57, 62, 58, 58, 59, 63]
desc emp;
Field  ¦  Type  ¦  Null  ¦  Key  ¦  Default  ¦  Extra  ¦  Comment
empno  ¦  INT UNSIGNED(32)  ¦  NO  ¦  PRI  ¦  null  ¦  auto_increment  ¦  
ename  ¦  VARCHAR(15)  ¦  YES  ¦    ¦  null  ¦    ¦  
job  ¦  VARCHAR(10)  ¦  YES  ¦    ¦  null  ¦    ¦  
mgr  ¦  INT UNSIGNED(32)  ¦  YES  ¦    ¦  null  ¦    ¦  
hiredate  ¦  DATE(0)  ¦  YES  ¦    ¦  null  ¦    ¦  
sal  ¦  DECIMAL(7,2)  ¦  YES  ¦    ¦  null  ¦    ¦  
comm  ¦  DECIMAL(7,2)  ¦  YES  ¦    ¦  null  ¦    ¦  
deptno  ¦  VARCHAR(25)  ¦  YES  ¦  MUL  ¦  null  ¦    ¦  

#SQL[@272,N17]Result[79, 82, 88, 87, 85, 90, 85, 85, 85, 86, 87, 83, 82, 84, 84]
select * from emp;
empno  ¦  ename  ¦  job  ¦  mgr  ¦  hiredate  ¦  sal  ¦  comm  ¦  deptno
7369  ¦  SMITH  ¦  CLERK  ¦  7902  ¦  1980-12-17  ¦  800.00  ¦  null  ¦  20
7499  ¦  ALLEN  ¦  SALESMAN  ¦  7698  ¦  1981-02-20  ¦  1600.00  ¦  300.00  ¦  30
7521  ¦  WARD  ¦  SALESMAN  ¦  7698  ¦  1981-02-22  ¦  1250.00  ¦  500.00  ¦  30
7566  ¦  JONES  ¦  MANAGER  ¦  7839  ¦  1981-04-02  ¦  2975.00  ¦  null  ¦  20
7654  ¦  MARTIN  ¦  SALESMAN  ¦  7698  ¦  1981-09-28  ¦  1250.00  ¦  1400.00  ¦  30
7698  ¦  BLAKE  ¦  MANAGER  ¦  7839  ¦  1981-05-01  ¦  2850.00  ¦  null  ¦  30
7782  ¦  CLARK  ¦  MANAGER  ¦  7839  ¦  1981-06-09  ¦  2450.00  ¦  null  ¦  10
7788  ¦  SCOTT  ¦  ANALYST  ¦  7566  ¦  0087-07-13  ¦  3000.00  ¦  null  ¦  20
7839  ¦  KING  ¦  PRESIDENT  ¦  null  ¦  1981-11-17  ¦  5000.00  ¦  null  ¦  10
7844  ¦  TURNER  ¦  SALESMAN  ¦  7698  ¦  1981-09-08  ¦  1500.00  ¦  0.00  ¦  30
7876  ¦  ADAMS  ¦  CLERK  ¦  7788  ¦  0087-07-13  ¦  1100.00  ¦  null  ¦  20
7900  ¦  JAMES  ¦  CLERK  ¦  7698  ¦  1981-12-03  ¦  950.00  ¦  null  ¦  30
7902  ¦  FORD  ¦  ANALYST  ¦  7566  ¦  1981-12-03  ¦  3000.00  ¦  null  ¦  20
7934  ¦  MILLER  ¦  CLERK  ¦  7782  ¦  1982-01-23  ¦  1300.00  ¦  null  ¦  10

#SQL[@274,N14]Result[]
drop table emp;

#SQL[@275,N15]Result[]
drop table dept;

#SQL[@277,N23]Result[]
drop table if exists t1;

#SQL[@278,N52]Result[]
CREATE TABLE t1(col1 int not null, col2 varchar(10));

#SQL[@279,N35]Result[]
insert into t1 values (1, '137iu2');

#SQL[@280,N37]Result[]
insert into t1 values (1, '73ujf34f');

#SQL[@281,N16]Result[14, 13, 15]
select * from t1;
col1  ¦  col2
1  ¦  137iu2
1  ¦  73ujf34f

#SQL[@283,N42]Error[34]
alter table t1 modify col1 int primary key;
Duplicate entry '1' for key 'col1'

#SQL[@285,N7]Result[71, 53, 58]
desc t1;
Field  ¦  Type  ¦  Null  ¦  Key  ¦  Default  ¦  Extra  ¦  Comment
col1  ¦  INT(32)  ¦  NO  ¦    ¦  null  ¦    ¦  
col2  ¦  VARCHAR(10)  ¦  YES  ¦    ¦  null  ¦    ¦  

#SQL[@287,N50]Result[]
alter table t1 modify col2 varchar(10) primary key;

#SQL[@288,N7]Result[71, 53, 60]
desc t1;
Field  ¦  Type  ¦  Null  ¦  Key  ¦  Default  ¦  Extra  ¦  Comment
col1  ¦  INT(32)  ¦  NO  ¦    ¦  null  ¦    ¦  
col2  ¦  VARCHAR(10)  ¦  NO  ¦  PRI  ¦  null  ¦    ¦  

#SQL[@290,N35]Result[]
insert into t1 values (1, 'cdsdsa');

#SQL[@291,N16]Result[14, 13, 15, 13]
select * from t1;
col1  ¦  col2
1  ¦  137iu2
1  ¦  73ujf34f
1  ¦  cdsdsa

#SQL[@292,N13]Result[]
drop table t1;

#SQL[@293,N27]Result[]
drop database if exists db1;

#SQL[@300,N28]Result[]
drop database if exists test;

#SQL[@301,N20]Result[]
create database test;

#SQL[@302,N8]Result[]
use test;

#SQL[@305,N27]Result[]
drop table if exists bool01;

#SQL[@306,N41]Result[]
create table bool01 (col1 int, col2 char);

#SQL[@307,N34]Result[]
insert into bool01 values (1, 'q');

#SQL[@308,N34]Result[]
insert into bool01 values (2, 'a');

#SQL[@309,N35]Result[]
insert into bool01 values (10, '3');

#SQL[@310,N20]Result[14, 8, 8, 9]
select * from bool01;
col1  ¦  col2
1  ¦  q
2  ¦  a
10  ¦  3

#SQL[@311,N46]Error[49]
alter table bool01 modify col2 bool after col1;
invalid input: 'q' is not a valid bool expression

#SQL[@312,N24]Result[23, 94]
show create table bool01;
Table  ¦  Create Table
bool01  ¦  CREATE TABLE `bool01` (
  `col1` int DEFAULT NULL,
  `col2` char(1) DEFAULT NULL
)

#SQL[@313,N148]Result[59, 34, 35]
select table_name,COLUMN_NAME, data_type,is_nullable from information_schema.columns where table_name like 'bool01' and COLUMN_NAME not like '__mo%';
table_name  ¦  COLUMN_NAME  ¦  data_type  ¦  is_nullable
bool01  ¦  col1  ¦  INT  ¦  YES
bool01  ¦  col2  ¦  CHAR  ¦  YES

#SQL[@314,N17]Result[]
drop table bool01;

#SQL[@318,N27]Result[]
drop table if exists char01;

#SQL[@319,N41]Result[]
create table char01 (col1 int, col2 char);

#SQL[@320,N34]Result[]
insert into char01 values (1, 'q');

#SQL[@321,N34]Result[]
insert into char01 values (2, '*');

#SQL[@322,N35]Result[]
insert into char01 values (10, '3');

#SQL[@323,N37]Result[]
insert into char01 values (20, '数');

#SQL[@324,N20]Result[14, 8, 8, 9, 11]
select * from char01;
col1  ¦  col2
1  ¦  q
2  ¦  *
10  ¦  3
20  ¦  数

#SQL[@325,N53]Result[]
alter table char01 modify col2 varchar(20) after col1;

#SQL[@326,N24]Result[23, 98]
show create table char01;
Table  ¦  Create Table
char01  ¦  CREATE TABLE `char01` (
  `col1` int DEFAULT NULL,
  `col2` varchar(20) DEFAULT NULL
)

#SQL[@327,N47]Result[]
insert into char01 values (100, '**(*(&(*UJHI');

#SQL[@328,N21]Result[]
truncate table char01;

#SQL[@329,N20]Result[]
select * from char01;

#SQL[@330,N148]Result[59, 34, 38]
select table_name,COLUMN_NAME, data_type,is_nullable from information_schema.columns where table_name like 'char01' and COLUMN_NAME not like '__mo%';
table_name  ¦  COLUMN_NAME  ¦  data_type  ¦  is_nullable
char01  ¦  col1  ¦  INT  ¦  YES
char01  ¦  col2  ¦  VARCHAR  ¦  YES

#SQL[@331,N17]Result[]
drop table char01;

#SQL[@335,N27]Result[]
drop table if exists char02;

#SQL[@336,N48]Result[]
create table char02 (col1 int, col2 varchar(10));

#SQL[@337,N42]Result[]
insert into char02 values (1, 'w43234rfq');

#SQL[@338,N38]Result[]
insert into char02 values (2, 'a32f4');

#SQL[@339,N44]Result[]
insert into char02 values (10, '3432t43r4f');

#SQL[@340,N20]Result[14, 16, 12, 18]
select * from char02;
col1  ¦  col2
1  ¦  w43234rfq
2  ¦  a32f4
10  ¦  3432t43r4f

#SQL[@341,N45]Result[]
alter table char02 modify col2 char(20) first;

#SQL[@342,N24]Result[23, 95]
show create table char02;
Table  ¦  Create Table
char02  ¦  CREATE TABLE `char02` (
  `col2` char(20) DEFAULT NULL,
  `col1` int DEFAULT NULL
)

#SQL[@343,N48]Result[]
insert into char02 values ('738fewhu&^YUH', 100);

#SQL[@344,N20]Result[14, 16, 12, 18, 22]
select * from char02;
col2  ¦  col1
w43234rfq  ¦  1
a32f4  ¦  2
3432t43r4f  ¦  10
738fewhu&^YUH  ¦  100

#SQL[@345,N53]Result[]
update char02 set col1 = 100 where col2 = 'w43234rfq';

#SQL[@346,N20]Result[14, 12, 18, 22, 18]
select * from char02;
col2  ¦  col1
a32f4  ¦  2
3432t43r4f  ¦  10
738fewhu&^YUH  ¦  100
w43234rfq  ¦  100

#SQL[@347,N148]Result[59, 34, 35]
select table_name,COLUMN_NAME, data_type,is_nullable from information_schema.columns where table_name like 'char02' and COLUMN_NAME not like '__mo%';
table_name  ¦  COLUMN_NAME  ¦  data_type  ¦  is_nullable
char02  ¦  col1  ¦  INT  ¦  YES
char02  ¦  col2  ¦  CHAR  ¦  YES

#SQL[@348,N17]Result[]
drop table char02;

#SQL[@352,N27]Result[]
drop table if exists char03;

#SQL[@353,N45]Result[]
create table char03 (col1 int, col2 char(10));

#SQL[@354,N43]Result[]
insert into char03 values (1, 'ahu323ew32');

#SQL[@355,N43]Result[]
insert into char03 values (2, '367283r343');

#SQL[@356,N35]Result[]
insert into char03 values (3, null);

#SQL[@357,N20]Result[14, 17, 17, 11]
select * from char03;
col1  ¦  col2
1  ¦  ahu323ew32
2  ¦  367283r343
3  ¦  null

#SQL[@358,N41]Error[153]
alter table char03 modify col2 varchar(5);
internal error: Can't cast column from CHAR type to VARCHAR type because of one or more values in that column. Src length 10 is larger than Dest length 5

#SQL[@359,N24]Result[23, 95]
show create table char03;
Table  ¦  Create Table
char03  ¦  CREATE TABLE `char03` (
  `col1` int DEFAULT NULL,
  `col2` char(10) DEFAULT NULL
)

#SQL[@360,N43]Result[]
insert into char03 values (4, 'eyuiwqewq3');

#SQL[@361,N20]Result[14, 17, 17, 11, 17]
select * from char03;
col1  ¦  col2
1  ¦  ahu323ew32
2  ¦  367283r343
3  ¦  null
4  ¦  eyuiwqewq3

#SQL[@362,N44]Result[]
delete from char03 where col2 = 'eyuiwqewq3';

#SQL[@363,N20]Result[14, 17, 17, 11]
select * from char03;
col1  ¦  col2
1  ¦  ahu323ew32
2  ¦  367283r343
3  ¦  null

#SQL[@364,N148]Result[59, 34, 35]
select table_name,COLUMN_NAME, data_type,is_nullable from information_schema.columns where table_name like 'char03' and COLUMN_NAME not like '__mo%';
table_name  ¦  COLUMN_NAME  ¦  data_type  ¦  is_nullable
char03  ¦  col1  ¦  INT  ¦  YES
char03  ¦  col2  ¦  CHAR  ¦  YES

#SQL[@365,N17]Result[]
drop table char03;

#SQL[@369,N27]Result[]
drop table if exists char04;

#SQL[@370,N54]Result[]
create table char04 (col1 varchar(200), col2 char(10));

#SQL[@371,N46]Result[]
insert into char04 values (null, 'ahu323ew32');

#SQL[@372,N109]Result[]
insert into char04 values ('23789178942u1uj3ridjfh2d28u49u4ueji32jf2f32ef32894rjk32nv432f432f', '367283r343');

#SQL[@373,N76]Result[]
insert into char04 values ('32jhbfchjecmwd%^&^(*&)UJHFRE%^T&YUHIJKNM', null);

#SQL[@374,N20]Result[14, 20, 81, 50]
select * from char04;
col1  ¦  col2
null  ¦  ahu323ew32
23789178942u1uj3ridjfh2d28u49u4ueji32jf2f32ef32894rjk32nv432f432f  ¦  367283r343
32jhbfchjecmwd%^&^(*&)UJHFRE%^T&YUHIJKNM  ¦  null

#SQL[@375,N52]Error[50]
alter table char04 modify col1 varchar(100) not null;
constraint violation: Column 'col1' cannot be null

#SQL[@376,N48]Error[50]
alter table char04 modify col2 char(10) not null;
constraint violation: Column 'col2' cannot be null

#SQL[@377,N24]Result[23, 104]
show create table char04;
Table  ¦  Create Table
char04  ¦  CREATE TABLE `char04` (
  `col1` varchar(200) DEFAULT NULL,
  `col2` char(10) DEFAULT NULL
)

#SQL[@378,N43]Result[]
insert into char04 values (4, 'eyuiwqewq3');

#SQL[@379,N20]Result[14, 20, 81, 50, 17]
select * from char04;
col1  ¦  col2
null  ¦  ahu323ew32
23789178942u1uj3ridjfh2d28u49u4ueji32jf2f32ef32894rjk32nv432f432f  ¦  367283r343
32jhbfchjecmwd%^&^(*&)UJHFRE%^T&YUHIJKNM  ¦  null
4  ¦  eyuiwqewq3

#SQL[@380,N148]Result[59, 38, 35]
select table_name,COLUMN_NAME, data_type,is_nullable from information_schema.columns where table_name like 'char04' and COLUMN_NAME not like '__mo%';
table_name  ¦  COLUMN_NAME  ¦  data_type  ¦  is_nullable
char04  ¦  col1  ¦  VARCHAR  ¦  YES
char04  ¦  col2  ¦  CHAR  ¦  YES

#SQL[@381,N17]Result[]
drop table char04;

#SQL[@384,N27]Result[]
drop table if exists text01;

#SQL[@385,N89]Error[217]
create table text01 (col1 text primary key , col2 mediumtext unique index, col3 longtext);
SQL parser error: You have an error in your SQL syntax; check the manual that corresponds to your MatrixOne server version for the right syntax to use. syntax error at line 1 column 73 near \" index, col3 longtext)\";

#SQL[@386,N97]Error[25]
insert into text01 values ('37268434','32718hcuwh432fr234f34g4f34e4','&*&YHRE%^&*YUIHGT^&Y*UIJK');
no such table test.text01

#SQL[@387,N83]Error[25]
insert into text01 values ('jefwyq3uih2r321fr3', '38eu4jfc3w4e3dcewcevewcve', null);
no such table test.text01

#SQL[@388,N76]Error[25]
insert into text01 values (null, '2789378u2uifj4234r23', '32r43frecdrfedwq');
no such table test.text01

#SQL[@389,N20]Error[49]
select * from text01;
SQL parser error: table \"text01\" does not exist

#SQL[@390,N148]Result[]
select table_name,COLUMN_NAME, data_type,is_nullable from information_schema.columns where table_name like 'text01' and COLUMN_NAME not like '__mo%';

#SQL[@391,N17]Error[25]
drop table text01;
no such table test.text01

#SQL[@395,N28]Result[]
drop table if exists alter03;

#SQL[@396,N58]Result[]
create table alter03 (col1 int, col2 binary, col3 decimal);

#SQL[@397,N51]Result[]
insert into alter03 values (1, 'e', 324214.2134123);

#SQL[@398,N52]Result[]
insert into alter03 values (2, '4', -242134.3231432);

#SQL[@399,N21]Result[24, 20, 21]
select * from alter03;
col1  ¦  col2  ¦  col3
1  ¦  e  ¦  324214
2  ¦  4  ¦  -242134

#SQL[@400,N77]Result[]
alter table alter03 modify col1 decimal after col3, modify col2 varbinary(20);

#SQL[@401,N25]Result[23, 149]
show create table alter03;
Table  ¦  Create Table
alter03  ¦  CREATE TABLE `alter03` (
  `col2` varbinary(20) DEFAULT NULL,
  `col3` decimal(38,0) DEFAULT NULL,
  `col1` decimal(38,0) DEFAULT NULL
)

#SQL[@402,N68]Result[]
insert into alter03 values ('32143124', 42432321.000, 132432.214234);

#SQL[@403,N21]Result[24, 20, 21, 34]
select * from alter03;
col2  ¦  col3  ¦  col1
e  ¦  324214  ¦  1
4  ¦  -242134  ¦  2
32143124  ¦  42432321  ¦  132432

#SQL[@404,N149]Result[59, 39, 41, 39]
select table_name,COLUMN_NAME, data_type,is_nullable from information_schema.columns where table_name like 'alter03' and COLUMN_NAME not like '__mo%';
table_name  ¦  COLUMN_NAME  ¦  data_type  ¦  is_nullable
alter03  ¦  col1  ¦  DECIMAL  ¦  YES
alter03  ¦  col2  ¦  VARBINARY  ¦  YES
alter03  ¦  col3  ¦  DECIMAL  ¦  YES

#SQL[@405,N18]Result[]
drop table alter03;

#SQL[@409,N28]Result[]
drop table if exists alter04;

#SQL[@410,N65]Result[]
create table alter04 (col1 int not null default 100 primary key );

#SQL[@411,N29]Result[]
insert into alter04 values ();

#SQL[@412,N32]Result[]
insert into alter04 values (101);

#SQL[@413,N50]Result[]
alter table alter04 modify col1 int auto_increment;

#SQL[@414,N25]Result[23, 100]
show create table alter04;
Table  ¦  Create Table
alter04  ¦  CREATE TABLE `alter04` (
  `col1` int NOT NULL AUTO_INCREMENT,
  PRIMARY KEY (`col1`)
)

#SQL[@415,N29]Result[]
insert into alter04 values ();

#SQL[@416,N29]Result[]
insert into alter04 values ();

#SQL[@417,N21]Result[4, 3, 3, 3, 3]
select * from alter04;
col1
100
101
102
103

#SQL[@418,N149]Result[59, 34]
select table_name,COLUMN_NAME, data_type,is_nullable from information_schema.columns where table_name like 'alter04' and COLUMN_NAME not like '__mo%';
table_name  ¦  COLUMN_NAME  ¦  data_type  ¦  is_nullable
alter04  ¦  col1  ¦  INT  ¦  NO

#SQL[@419,N18]Result[]
drop table alter04;

#SQL[@423,N28]Result[]
drop table if exists alter05;

#SQL[@424,N58]Result[]
create table alter05 (col1 int primary key auto_increment);

#SQL[@425,N29]Result[]
insert into alter05 values ();

#SQL[@426,N29]Result[]
insert into alter05 values ();

#SQL[@427,N21]Result[4, 1, 1]
select * from alter05;
col1
1
2

#SQL[@428,N46]Result[]
alter table alter05 modify col1 int unique key;

#SQL[@429,N25]Result[23, 115]
show create table alter05;
Table  ¦  Create Table
alter05  ¦  CREATE TABLE `alter05` (
  `col1` int NOT NULL,
  PRIMARY KEY (`col1`),
  UNIQUE KEY `col1` (`col1`)
)

#SQL[@430,N29]Error[54]
insert into alter05 values ();
invalid input: invalid default value for column 'col1'

#SQL[@431,N29]Error[54]
insert into alter05 values ();
invalid input: invalid default value for column 'col1'

#SQL[@432,N21]Result[4, 1, 1]
select * from alter05;
col1
1
2

#SQL[@433,N149]Result[59, 34]
select table_name,COLUMN_NAME, data_type,is_nullable from information_schema.columns where table_name like 'alter05' and COLUMN_NAME not like '__mo%';
table_name  ¦  COLUMN_NAME  ¦  data_type  ¦  is_nullable
alter05  ¦  col1  ¦  INT  ¦  NO

#SQL[@434,N18]Result[]
drop table alter05;

#SQL[@438,N30]Result[]
drop table if exists primary01;

#SQL[@439,N44]Result[]
create table primary01 (col1 int, col2 text);

#SQL[@440,N74]Result[]
insert into primary01 values (1, 'wq432r43rf32y2493821ijfk2env3ui4y33i24');

#SQL[@441,N56]Result[]
insert into primary01 values (2, '243ewfvefreverewfcwr');

#SQL[@442,N51]Result[]
alter table primary01 modify col1 float primary key;

#SQL[@443,N27]Result[23, 119]
show create table primary01;
Table  ¦  Create Table
primary01  ¦  CREATE TABLE `primary01` (
  `col1` float NOT NULL,
  `col2` text DEFAULT NULL,
  PRIMARY KEY (`col1`)
)

#SQL[@444,N59]Error[34]
insert into primary01 values (1, '432r2f234day89ujfw42342');
Duplicate entry '1' for key 'col1'

#SQL[@445,N57]Result[]
insert into primary01 values (2378.32423, '234242))())_');

#SQL[@446,N23]Result[14, 45, 27, 27]
select * from primary01;
col1  ¦  col2
1  ¦  wq432r43rf32y2493821ijfk2env3ui4y33i24
2  ¦  243ewfvefreverewfcwr
2378.3242  ¦  234242))())_

#SQL[@447,N151]Result[59, 38, 38]
select table_name,COLUMN_NAME, data_type,is_nullable from information_schema.columns where table_name like 'primary01' and COLUMN_NAME not like '__mo%';
table_name  ¦  COLUMN_NAME  ¦  data_type  ¦  is_nullable
primary01  ¦  col1  ¦  FLOAT  ¦  NO
primary01  ¦  col2  ¦  TEXT  ¦  YES

#SQL[@448,N20]Result[]
drop table primary01;

#SQL[@452,N30]Result[]
drop table if exists primary02;

#SQL[@453,N49]Result[]
create table primary02(col1 int, col2 binary(10));

#SQL[@454,N41]Result[]
insert into primary02 values (1, '32143');

#SQL[@455,N38]Result[]
insert into primary02 values (1, '3e');

#SQL[@456,N23]Result[14, 17, 17]
select * from primary02;
col1  ¦  col2
1  ¦  32143     
1  ¦  3e        

#SQL[@457,N49]Error[34]
alter table primary02 modify col1 int primary key;
Duplicate entry '1' for key 'col1'

#SQL[@458,N27]Result[23, 103]
show create table primary02;
Table  ¦  Create Table
primary02  ¦  CREATE TABLE `primary02` (
  `col1` int DEFAULT NULL,
  `col2` binary(10) DEFAULT NULL
)

#SQL[@459,N151]Result[59, 37, 40]
select table_name,COLUMN_NAME, data_type,is_nullable from information_schema.columns where table_name like 'primary02' and COLUMN_NAME not like '__mo%';
table_name  ¦  COLUMN_NAME  ¦  data_type  ¦  is_nullable
primary02  ¦  col1  ¦  INT  ¦  YES
primary02  ¦  col2  ¦  BINARY  ¦  YES

#SQL[@460,N20]Result[]
drop table primary02;

#SQL[@464,N30]Result[]
drop table if exists primary03;

#SQL[@465,N49]Result[]
create table primary03(col1 int, col2 binary(10));

#SQL[@466,N41]Result[]
insert into primary03 values (1, '32143');

#SQL[@467,N38]Result[]
insert into primary03 values (2, '3e');

#SQL[@468,N49]Result[]
alter table primary03 modify col1 int primary key;

#SQL[@469,N27]Result[23, 123]
show create table primary03;
Table  ¦  Create Table
primary03  ¦  CREATE TABLE `primary03` (
  `col1` int NOT NULL,
  `col2` binary(10) DEFAULT NULL,
  PRIMARY KEY (`col1`)
)

#SQL[@470,N37]Result[]
insert into primary03 values (3, '*');

#SQL[@471,N41]Error[34]
insert into primary03 values (3, 'assad');
Duplicate entry '3' for key 'col1'

#SQL[@472,N23]Result[14, 17, 17, 17]
select * from primary03;
col1  ¦  col2
1  ¦  32143     
2  ¦  3e        
3  ¦  *         

#SQL[@473,N151]Result[59, 36, 40]
select table_name,COLUMN_NAME, data_type,is_nullable from information_schema.columns where table_name like 'primary03' and COLUMN_NAME not like '__mo%';
table_name  ¦  COLUMN_NAME  ¦  data_type  ¦  is_nullable
primary03  ¦  col1  ¦  INT  ¦  NO
primary03  ¦  col2  ¦  BINARY  ¦  YES

#SQL[@474,N20]Result[]
drop table primary03;

#SQL[@478,N30]Result[]
drop table if exists primary04;

#SQL[@479,N64]Result[]
create table primary04(col1 int primary key ,col2 varbinary(20));

#SQL[@480,N45]Result[]
insert into primary04 values (1, 'qfreqvreq');

#SQL[@481,N44]Result[]
insert into primary04 values (2, '324543##');

#SQL[@482,N39]Result[]
alter table primary04 modify col1 float;

#SQL[@483,N27]Result[23, 128]
show create table primary04;
Table  ¦  Create Table
primary04  ¦  CREATE TABLE `primary04` (
  `col1` float NOT NULL,
  `col2` varbinary(20) DEFAULT NULL,
  PRIMARY KEY (`col1`)
)

#SQL[@484,N44]Error[34]
insert into primary04 values (1, '324342__');
Duplicate entry '1' for key 'col1'

#SQL[@485,N38]Result[]
insert into primary04 values (3, 'qw');

#SQL[@486,N23]Result[14, 16, 15, 9]
select * from primary04;
col1  ¦  col2
1  ¦  qfreqvreq
2  ¦  324543##
3  ¦  qw

#SQL[@487,N151]Result[59, 38, 43]
select table_name,COLUMN_NAME, data_type,is_nullable from information_schema.columns where table_name like 'primary04' and COLUMN_NAME not like '__mo%';
table_name  ¦  COLUMN_NAME  ¦  data_type  ¦  is_nullable
primary04  ¦  col1  ¦  FLOAT  ¦  NO
primary04  ¦  col2  ¦  VARBINARY  ¦  YES

#SQL[@488,N20]Result[]
drop table primary04;

#SQL[@492,N30]Result[]
drop table if exists primary05;

#SQL[@493,N64]Result[]
create table primary05(col1 int primary key ,col2 varbinary(20));

#SQL[@494,N45]Result[]
insert into primary05 values (1, 'qfreqvreq');

#SQL[@495,N44]Result[]
insert into primary05 values (2, '324543##');

#SQL[@496,N56]Error[28]
alter table primary05 modify col2 binary(30) primary key;
Multiple primary key defined

#SQL[@497,N27]Result[23, 126]
show create table primary05;
Table  ¦  Create Table
primary05  ¦  CREATE TABLE `primary05` (
  `col1` int NOT NULL,
  `col2` varbinary(20) DEFAULT NULL,
  PRIMARY KEY (`col1`)
)

#SQL[@498,N151]Result[59, 36, 43]
select table_name,COLUMN_NAME, data_type,is_nullable from information_schema.columns where table_name like 'primary05' and COLUMN_NAME not like '__mo%';
table_name  ¦  COLUMN_NAME  ¦  data_type  ¦  is_nullable
primary05  ¦  col1  ¦  INT  ¦  NO
primary05  ¦  col2  ¦  VARBINARY  ¦  YES

#SQL[@499,N20]Result[]
drop table primary05;

#SQL[@503,N30]Result[]
drop table if exists primary06;

#SQL[@504,N64]Result[]
create table primary06(col1 int primary key ,col2 varbinary(20));

#SQL[@505,N45]Result[]
insert into primary06 values (1, 'qfreqvreq');

#SQL[@506,N44]Result[]
insert into primary06 values (2, '324543##');

#SQL[@507,N58]Error[28]
alter table primary06 modify col1 int unsigned primary key;
Multiple primary key defined

#SQL[@508,N56]Error[28]
alter table primary06 modify col2 binary(30) primary key;
Multiple primary key defined

#SQL[@509,N27]Result[23, 126]
show create table primary06;
Table  ¦  Create Table
primary06  ¦  CREATE TABLE `primary06` (
  `col1` int NOT NULL,
  `col2` varbinary(20) DEFAULT NULL,
  PRIMARY KEY (`col1`)
)

#SQL[@510,N151]Result[59, 36, 43]
select table_name,COLUMN_NAME, data_type,is_nullable from information_schema.columns where table_name like 'primary06' and COLUMN_NAME not like '__mo%';
table_name  ¦  COLUMN_NAME  ¦  data_type  ¦  is_nullable
primary06  ¦  col1  ¦  INT  ¦  NO
primary06  ¦  col2  ¦  VARBINARY  ¦  YES

#SQL[@511,N20]Result[]
drop table primary06;

#SQL[@515,N30]Result[]
drop table if exists primary07;

#SQL[@516,N84]Result[]
create table primary07(col1 int ,col2 float, col3 decimal, primary key (col1, col2));

#SQL[@517,N67]Result[]
insert into primary07 values (1, 213412.32143, 3214312.34243214242);

#SQL[@518,N68]Result[]
insert into primary07 values (2, -324.2342432423, -1243.42334234242);

#SQL[@519,N53]Error[90]
alter table primary07 modify col1 double default null;
All parts of a PRIMARY KEY must be NOT NULL; if you need NULL in a key, use UNIQUE instead

#SQL[@520,N50]Error[90]
alter table primary07 modify col2 int default null;
All parts of a PRIMARY KEY must be NOT NULL; if you need NULL in a key, use UNIQUE instead

#SQL[@521,N27]Result[23, 158]
show create table primary07;
Table  ¦  Create Table
primary07  ¦  CREATE TABLE `primary07` (
  `col1` int NOT NULL,
  `col2` float NOT NULL,
  `col3` decimal(38,0) DEFAULT NULL,
  PRIMARY KEY (`col1`,`col2`)
)

#SQL[@522,N151]Result[59, 36, 38, 41]
select table_name,COLUMN_NAME, data_type,is_nullable from information_schema.columns where table_name like 'primary07' and COLUMN_NAME not like '__mo%';
table_name  ¦  COLUMN_NAME  ¦  data_type  ¦  is_nullable
primary07  ¦  col1  ¦  INT  ¦  NO
primary07  ¦  col2  ¦  FLOAT  ¦  NO
primary07  ¦  col3  ¦  DECIMAL  ¦  YES

#SQL[@523,N20]Result[]
drop table primary07;

#SQL[@527,N30]Result[]
drop table if exists primary07;

#SQL[@528,N84]Result[]
create table primary07(col1 int ,col2 float, col3 decimal, primary key (col1, col2));

#SQL[@529,N67]Result[]
insert into primary07 values (1, 213412.32143, 3214312.34243214242);

#SQL[@530,N68]Result[]
insert into primary07 values (2, -324.2342432423, -1243.42334234242);

#SQL[@531,N49]Result[]
alter table primary07 modify col1 double not null;

#SQL[@532,N48]Result[]
alter table primary07 modify col2 decimal(28,10);

#SQL[@533,N27]Result[23, 170]
show create table primary07;
Table  ¦  Create Table
primary07  ¦  CREATE TABLE `primary07` (
  `col1` double NOT NULL,
  `col2` decimal(28,10) NOT NULL,
  `col3` decimal(38,0) DEFAULT NULL,
  PRIMARY KEY (`col1`,`col2`)
)

#SQL[@534,N20]Result[]
drop table primary07;

#SQL[@538,N28]Result[]
drop table if exists index01;

#SQL[@539,N95]Result[]
CREATE TABLE index01(a INTEGER not null , b CHAR(10), c date, d decimal(7,2), UNIQUE KEY(a, b));

#SQL[@540,N25]Result[23, 173]
show create table index01;
Table  ¦  Create Table
index01  ¦  CREATE TABLE `index01` (
  `a` int NOT NULL,
  `b` char(10) DEFAULT NULL,
  `c` date DEFAULT NULL,
  `d` decimal(7,2) DEFAULT NULL,
  UNIQUE KEY `a` (`a`,`b`)
)

#SQL[@541,N54]Result[]
insert into index01 values(1, 'ab', '1980-12-17', 800);

#SQL[@542,N55]Result[]
insert into index01 values(2, 'ac', '1981-02-20', 1600);

#SQL[@543,N54]Result[]
insert into index01 values(3, 'ad', '1981-02-22', 500);

#SQL[@544,N21]Result[22, 37, 38, 37]
select * from index01;
a  ¦  b  ¦  c  ¦  d
1  ¦  ab  ¦  1980-12-17  ¦  800.00
2  ¦  ac  ¦  1981-02-20  ¦  1600.00
3  ¦  ad  ¦  1981-02-22  ¦  500.00

#SQL[@545,N40]Result[]
alter table index01 modify b VARCHAR(20);

#SQL[@546,N25]Result[23, 176]
show create table index01;
Table  ¦  Create Table
index01  ¦  CREATE TABLE `index01` (
  `a` int NOT NULL,
  `b` varchar(20) DEFAULT NULL,
  `c` date DEFAULT NULL,
  `d` decimal(7,2) DEFAULT NULL,
  UNIQUE KEY `a` (`a`,`b`)
)

#SQL[@547,N23]Result[233, 115, 118]
show index from index01;
Table  ¦  Non_unique  ¦  Key_name  ¦  Seq_in_index  ¦  Column_name  ¦  Collation  ¦  Cardinality  ¦  Sub_part  ¦  Packed  ¦  Null  ¦  Index_type  ¦  Comment  ¦  Index_comment  ¦  Index_params  ¦  Visible  ¦  Expression
index01  ¦  0  ¦  a  ¦  1  ¦  a  ¦  A  ¦  0  ¦  NULL  ¦  NULL  ¦    ¦    ¦    ¦    ¦    ¦  YES  ¦  a
index01  ¦  0  ¦  a  ¦  2  ¦  b  ¦  A  ¦  0  ¦  NULL  ¦  NULL  ¦  YES  ¦    ¦    ¦    ¦    ¦  YES  ¦  b

#SQL[@548,N51]Result[]
alter table index01 modify b VARCHAR(20) UNIQUE KEY;

#SQL[@549,N23]Result[233, 115, 118, 118]
show index from index01;
Table  ¦  Non_unique  ¦  Key_name  ¦  Seq_in_index  ¦  Column_name  ¦  Collation  ¦  Cardinality  ¦  Sub_part  ¦  Packed  ¦  Null  ¦  Index_type  ¦  Comment  ¦  Index_comment  ¦  Index_params  ¦  Visible  ¦  Expression
index01  ¦  0  ¦  a  ¦  1  ¦  a  ¦  A  ¦  0  ¦  NULL  ¦  NULL  ¦    ¦    ¦    ¦    ¦    ¦  YES  ¦  a
index01  ¦  0  ¦  a  ¦  2  ¦  b  ¦  A  ¦  0  ¦  NULL  ¦  NULL  ¦  YES  ¦    ¦    ¦    ¦    ¦  YES  ¦  b
index01  ¦  0  ¦  b  ¦  1  ¦  b  ¦  A  ¦  0  ¦  NULL  ¦  NULL  ¦  YES  ¦    ¦    ¦    ¦    ¦  YES  ¦  b

#SQL[@550,N25]Result[23, 200]
show create table index01;
Table  ¦  Create Table
index01  ¦  CREATE TABLE `index01` (
  `a` int NOT NULL,
  `b` varchar(20) DEFAULT NULL,
  `c` date DEFAULT NULL,
  `d` decimal(7,2) DEFAULT NULL,
  UNIQUE KEY `a` (`a`,`b`),
  UNIQUE KEY `b` (`b`)
)

#SQL[@551,N21]Result[22, 37, 38, 37]
select * from index01;
a  ¦  b  ¦  c  ¦  d
1  ¦  ab  ¦  1980-12-17  ¦  800.00
2  ¦  ac  ¦  1981-02-20  ¦  1600.00
3  ¦  ad  ¦  1981-02-22  ¦  500.00

#SQL[@552,N149]Result[59, 31, 36, 33, 36]
select table_name,COLUMN_NAME, data_type,is_nullable from information_schema.columns where table_name like 'index01' and COLUMN_NAME not like '__mo%';
table_name  ¦  COLUMN_NAME  ¦  data_type  ¦  is_nullable
index01  ¦  a  ¦  INT  ¦  NO
index01  ¦  b  ¦  VARCHAR  ¦  YES
index01  ¦  c  ¦  DATE  ¦  YES
index01  ¦  d  ¦  DECIMAL  ¦  YES

#SQL[@553,N18]Result[]
drop table index01;

#SQL[@557,N28]Result[]
drop table if exists index02;

#SQL[@558,N100]Result[]
CREATE TABLE index02(a INTEGER PRIMARY KEY, b CHAR(10), c date, d decimal(7,2), INDEX(a, b), KEY(c));

#SQL[@559,N54]Result[]
insert into index02 values(1, 'ab', '1980-12-17', 800);

#SQL[@560,N55]Result[]
insert into index02 values(2, 'ac', '1981-02-20', 1600);

#SQL[@561,N54]Result[]
insert into index02 values(3, 'ad', '1981-02-22', 500);

#SQL[@562,N21]Result[22, 37, 38, 37]
select * from index02;
a  ¦  b  ¦  c  ¦  d
1  ¦  ab  ¦  1980-12-17  ¦  800.00
2  ¦  ac  ¦  1981-02-20  ¦  1600.00
3  ¦  ad  ¦  1981-02-22  ¦  500.00

#SQL[@563,N40]Result[]
alter table index02 modify b VARCHAR(20);

#SQL[@564,N23]Result[233, 115, 118, 118, 121]
show index from index02;
Table  ¦  Non_unique  ¦  Key_name  ¦  Seq_in_index  ¦  Column_name  ¦  Collation  ¦  Cardinality  ¦  Sub_part  ¦  Packed  ¦  Null  ¦  Index_type  ¦  Comment  ¦  Index_comment  ¦  Index_params  ¦  Visible  ¦  Expression
index02  ¦  1  ¦  a  ¦  1  ¦  a  ¦  A  ¦  0  ¦  NULL  ¦  NULL  ¦    ¦    ¦    ¦    ¦    ¦  YES  ¦  a
index02  ¦  1  ¦  a  ¦  2  ¦  b  ¦  A  ¦  0  ¦  NULL  ¦  NULL  ¦  YES  ¦    ¦    ¦    ¦    ¦  YES  ¦  b
index02  ¦  1  ¦  c  ¦  1  ¦  c  ¦  A  ¦  0  ¦  NULL  ¦  NULL  ¦  YES  ¦    ¦    ¦    ¦    ¦  YES  ¦  c
index02  ¦  0  ¦  PRIMARY  ¦  1  ¦  a  ¦  A  ¦  0  ¦  NULL  ¦  NULL  ¦    ¦    ¦    ¦    ¦    ¦  YES  ¦  a

#SQL[@565,N44]Error[28]
alter table index02 modify b VARCHAR(20) KEY;
Multiple primary key defined

#SQL[@566,N25]Result[23, 207]
show create table index02;
Table  ¦  Create Table
index02  ¦  CREATE TABLE `index02` (
  `a` int NOT NULL,
  `b` varchar(20) DEFAULT NULL,
  `c` date DEFAULT NULL,
  `d` decimal(7,2) DEFAULT NULL,
  PRIMARY KEY (`a`),
  KEY `a` (`a`,`b`),
  KEY `c` (`c`)
)

#SQL[@567,N51]Result[]
alter table index02 modify b VARCHAR(20) UNIQUE KEY;

#SQL[@568,N23]Result[233, 118, 115, 118, 118, 121]
show index from index02;
Table  ¦  Non_unique  ¦  Key_name  ¦  Seq_in_index  ¦  Column_name  ¦  Collation  ¦  Cardinality  ¦  Sub_part  ¦  Packed  ¦  Null  ¦  Index_type  ¦  Comment  ¦  Index_comment  ¦  Index_params  ¦  Visible  ¦  Expression
index02  ¦  0  ¦  b  ¦  1  ¦  b  ¦  A  ¦  0  ¦  NULL  ¦  NULL  ¦  YES  ¦    ¦    ¦    ¦    ¦  YES  ¦  b
index02  ¦  1  ¦  a  ¦  1  ¦  a  ¦  A  ¦  0  ¦  NULL  ¦  NULL  ¦    ¦    ¦    ¦    ¦    ¦  YES  ¦  a
index02  ¦  1  ¦  a  ¦  2  ¦  b  ¦  A  ¦  0  ¦  NULL  ¦  NULL  ¦  YES  ¦    ¦    ¦    ¦    ¦  YES  ¦  b
index02  ¦  1  ¦  c  ¦  1  ¦  c  ¦  A  ¦  0  ¦  NULL  ¦  NULL  ¦  YES  ¦    ¦    ¦    ¦    ¦  YES  ¦  c
index02  ¦  0  ¦  PRIMARY  ¦  1  ¦  a  ¦  A  ¦  0  ¦  NULL  ¦  NULL  ¦    ¦    ¦    ¦    ¦    ¦  YES  ¦  a

#SQL[@569,N51]Result[]
alter table index02 modify c VARCHAR(20) UNIQUE KEY;

#SQL[@570,N23]Result[233, 118, 120, 115, 118, 118, 121]
show index from index02;
Table  ¦  Non_unique  ¦  Key_name  ¦  Seq_in_index  ¦  Column_name  ¦  Collation  ¦  Cardinality  ¦  Sub_part  ¦  Packed  ¦  Null  ¦  Index_type  ¦  Comment  ¦  Index_comment  ¦  Index_params  ¦  Visible  ¦  Expression
index02  ¦  0  ¦  b  ¦  1  ¦  b  ¦  A  ¦  0  ¦  NULL  ¦  NULL  ¦  YES  ¦    ¦    ¦    ¦    ¦  YES  ¦  b
index02  ¦  0  ¦  c_2  ¦  1  ¦  c  ¦  A  ¦  0  ¦  NULL  ¦  NULL  ¦  YES  ¦    ¦    ¦    ¦    ¦  YES  ¦  c
index02  ¦  1  ¦  a  ¦  1  ¦  a  ¦  A  ¦  0  ¦  NULL  ¦  NULL  ¦    ¦    ¦    ¦    ¦    ¦  YES  ¦  a
index02  ¦  1  ¦  a  ¦  2  ¦  b  ¦  A  ¦  0  ¦  NULL  ¦  NULL  ¦  YES  ¦    ¦    ¦    ¦    ¦  YES  ¦  b
index02  ¦  1  ¦  c  ¦  1  ¦  c  ¦  A  ¦  0  ¦  NULL  ¦  NULL  ¦  YES  ¦    ¦    ¦    ¦    ¦  YES  ¦  c
index02  ¦  0  ¦  PRIMARY  ¦  1  ¦  a  ¦  A  ¦  0  ¦  NULL  ¦  NULL  ¦    ¦    ¦    ¦    ¦    ¦  YES  ¦  a

#SQL[@571,N25]Result[23, 264]
show create table index02;
Table  ¦  Create Table
index02  ¦  CREATE TABLE `index02` (
  `a` int NOT NULL,
  `b` varchar(20) DEFAULT NULL,
  `c` varchar(20) DEFAULT NULL,
  `d` decimal(7,2) DEFAULT NULL,
  PRIMARY KEY (`a`),
  UNIQUE KEY `b` (`b`),
  UNIQUE KEY `c_2` (`c`),
  KEY `a` (`a`,`b`),
  KEY `c` (`c`)
)

#SQL[@572,N12]Result[71, 53, 58, 58, 56]
desc index02;
Field  ¦  Type  ¦  Null  ¦  Key  ¦  Default  ¦  Extra  ¦  Comment
a  ¦  INT(32)  ¦  NO  ¦  PRI  ¦  null  ¦    ¦  
b  ¦  VARCHAR(20)  ¦  YES  ¦  UNI  ¦  null  ¦    ¦  
c  ¦  VARCHAR(20)  ¦  YES  ¦  UNI  ¦  null  ¦    ¦  
d  ¦  DECIMAL(7,2)  ¦  YES  ¦    ¦  null  ¦    ¦  

#SQL[@573,N149]Result[59, 31, 36, 36, 36]
select table_name,COLUMN_NAME, data_type,is_nullable from information_schema.columns where table_name like 'index02' and COLUMN_NAME not like '__mo%';
table_name  ¦  COLUMN_NAME  ¦  data_type  ¦  is_nullable
index02  ¦  a  ¦  INT  ¦  NO
index02  ¦  b  ¦  VARCHAR  ¦  YES
index02  ¦  c  ¦  VARCHAR  ¦  YES
index02  ¦  d  ¦  DECIMAL  ¦  YES

#SQL[@574,N21]Result[22, 37, 38, 37]
select * from index02;
a  ¦  b  ¦  c  ¦  d
1  ¦  ab  ¦  1980-12-17  ¦  800.00
2  ¦  ac  ¦  1981-02-20  ¦  1600.00
3  ¦  ad  ¦  1981-02-22  ¦  500.00

#SQL[@575,N18]Result[]
drop table index02;

#SQL[@579,N30]Result[]
drop table if exists foreign01;

#SQL[@580,N154]Result[]
create table foreign01(col1 int primary key,
                       col2 varchar(20),
                       col3 int,
                       col4 bigint);

#SQL[@584,N30]Result[]
drop table if exists foreign02;

#SQL[@585,N195]Result[]
create table foreign02(col1 int,
                       col2 int,
                       col3 int primary key,
                       constraint `c1` foreign key(col1) references foreign01(col1));

#SQL[@589,N27]Result[23, 181]
show create table foreign01;
Table  ¦  Create Table
foreign01  ¦  CREATE TABLE `foreign01` (
  `col1` int NOT NULL,
  `col2` varchar(20) DEFAULT NULL,
  `col3` int DEFAULT NULL,
  `col4` bigint DEFAULT NULL,
  PRIMARY KEY (`col1`)
)

#SQL[@590,N27]Result[23, 253]
show create table foreign02;
Table  ¦  Create Table
foreign02  ¦  CREATE TABLE `foreign02` (
  `col1` int DEFAULT NULL,
  `col2` int DEFAULT NULL,
  `col3` int NOT NULL,
  PRIMARY KEY (`col3`),
  CONSTRAINT `c1` FOREIGN KEY (`col1`) REFERENCES `foreign01` (`col1`) ON DELETE RESTRICT ON UPDATE RESTRICT
)

#SQL[@591,N44]Result[]
insert into foreign01 values(1,'sfhuwe',1,1);

#SQL[@592,N49]Result[]
insert into foreign01 values(2,'37829901k3d',2,2);

#SQL[@593,N35]Result[]
insert into foreign02 values(1,1,1);

#SQL[@594,N35]Result[]
insert into foreign02 values(2,2,2);

#SQL[@595,N23]Result[34, 27, 32]
select * from foreign01;
col1  ¦  col2  ¦  col3  ¦  col4
1  ¦  sfhuwe  ¦  1  ¦  1
2  ¦  37829901k3d  ¦  2  ¦  2

#SQL[@596,N23]Result[24, 15, 15]
select * from foreign02;
col1  ¦  col2  ¦  col3
1  ¦  1  ¦  1
2  ¦  2  ¦  2

#SQL[@597,N41]Error[92]
alter table foreign01 modify col1 decimal;
Cannot change column 'col1': used in a foreign key constraint 'c1' of table 'test.foreign02'

#SQL[@598,N50]Error[66]
alter table foreign02 modify col1 float after col3;
Cannot change column 'col1': used in a foreign key constraint 'c1'

#SQL[@599,N27]Result[23, 181]
show create table foreign01;
Table  ¦  Create Table
foreign01  ¦  CREATE TABLE `foreign01` (
  `col1` int NOT NULL,
  `col2` varchar(20) DEFAULT NULL,
  `col3` int DEFAULT NULL,
  `col4` bigint DEFAULT NULL,
  PRIMARY KEY (`col1`)
)

#SQL[@600,N27]Result[23, 253]
show create table foreign02;
Table  ¦  Create Table
foreign02  ¦  CREATE TABLE `foreign02` (
  `col1` int DEFAULT NULL,
  `col2` int DEFAULT NULL,
  `col3` int NOT NULL,
  PRIMARY KEY (`col3`),
  CONSTRAINT `c1` FOREIGN KEY (`col1`) REFERENCES `foreign01` (`col1`) ON DELETE RESTRICT ON UPDATE RESTRICT
)

#SQL[@601,N46]Result[]
alter table foreign01 modify col2 varchar(100);

#SQL[@602,N51]Result[]
alter table foreign02 modify col2 double after col3;

#SQL[@603,N27]Result[23, 182]
show create table foreign01;
Table  ¦  Create Table
foreign01  ¦  CREATE TABLE `foreign01` (
  `col1` int NOT NULL,
  `col2` varchar(100) DEFAULT NULL,
  `col3` int DEFAULT NULL,
  `col4` bigint DEFAULT NULL,
  PRIMARY KEY (`col1`)
)

#SQL[@604,N27]Result[23, 256]
show create table foreign02;
Table  ¦  Create Table
foreign02  ¦  CREATE TABLE `foreign02` (
  `col1` int DEFAULT NULL,
  `col3` int NOT NULL,
  `col2` double DEFAULT NULL,
  PRIMARY KEY (`col3`),
  CONSTRAINT `c1` FOREIGN KEY (`col1`) REFERENCES `foreign01` (`col1`) ON DELETE RESTRICT ON UPDATE RESTRICT
)

#SQL[@605,N151]Result[59, 36, 41, 37, 40]
select table_name,COLUMN_NAME, data_type,is_nullable from information_schema.columns where table_name like 'foreign01' and COLUMN_NAME not like '__mo%';
table_name  ¦  COLUMN_NAME  ¦  data_type  ¦  is_nullable
foreign01  ¦  col1  ¦  INT  ¦  NO
foreign01  ¦  col2  ¦  VARCHAR  ¦  YES
foreign01  ¦  col3  ¦  INT  ¦  YES
foreign01  ¦  col4  ¦  BIGINT  ¦  YES

#SQL[@606,N151]Result[59, 37, 40, 36]
select table_name,COLUMN_NAME, data_type,is_nullable from information_schema.columns where table_name like 'foreign02' and COLUMN_NAME not like '__mo%';
table_name  ¦  COLUMN_NAME  ¦  data_type  ¦  is_nullable
foreign02  ¦  col1  ¦  INT  ¦  YES
foreign02  ¦  col2  ¦  DOUBLE  ¦  YES
foreign02  ¦  col3  ¦  INT  ¦  NO

#SQL[@607,N20]Result[]
drop table foreign02;

#SQL[@608,N20]Result[]
drop table foreign01;

#SQL[@612,N30]Result[]
drop table if exists decimal01;

#SQL[@613,N57]Result[]
create table decimal01 (col1 decimal,col2 decimal(38,10));

#SQL[@614,N95]Result[]
insert into decimal01 values (23746723468723.242334243, 38208439024234.43242342423423423422342);

#SQL[@615,N93]Result[]
insert into decimal01 values (32487329847923424, -4324324324.3297932749028949373324242423424);

#SQL[@616,N54]Result[]
alter table decimal01 modify column col1 decimal(38,6);

#SQL[@617,N47]Result[]
alter table decimal01 modify col2 decimal(38,9);

#SQL[@618,N27]Result[23, 116]
show create table decimal01;
Table  ¦  Create Table
decimal01  ¦  CREATE TABLE `decimal01` (
  `col1` decimal(38,6) DEFAULT NULL,
  `col2` decimal(38,9) DEFAULT NULL
)

#SQL[@619,N23]Result[14, 51, 51]
select * from decimal01;
col1  ¦  col2
23746723468723.000000  ¦  38208439024234.432423424
32487329847923424.000000  ¦  -4324324324.329793275

#SQL[@620,N24]Result[]
truncate table decimal01;

#SQL[@621,N57]Result[]
alter table decimal01 add column col3 decimal(19,0) first;

#SQL[@622,N27]Result[23, 153]
show create table decimal01;
Table  ¦  Create Table
decimal01  ¦  CREATE TABLE `decimal01` (
  `col3` decimal(19,0) DEFAULT NULL,
  `col1` decimal(38,6) DEFAULT NULL,
  `col2` decimal(38,9) DEFAULT NULL
)

#SQL[@623,N79]Result[]
insert into decimal01 values (37298342.123, -37829342.3244234, -283794324.2342);

#SQL[@624,N23]Result[24, 56]
select * from decimal01;
col3  ¦  col1  ¦  col2
37298342  ¦  -37829342.324423  ¦  -283794324.234200000

#SQL[@625,N20]Result[]
drop table decimal01;

#SQL[@629,N27]Result[]
drop table if exists null01;

#SQL[@630,N59]Result[]
create table null01(col1 int default null, col2 binary(10));

#SQL[@631,N38]Result[]
insert into null01 values (1, '32143');

#SQL[@632,N38]Result[]
insert into null01 values (null, '3e');

#SQL[@633,N43]Error[50]
alter table null01 modify col1 int not null;
constraint violation: Column 'col1' cannot be null

#SQL[@634,N24]Result[23, 97]
show create table null01;
Table  ¦  Create Table
null01  ¦  CREATE TABLE `null01` (
  `col1` int DEFAULT NULL,
  `col2` binary(10) DEFAULT NULL
)

#SQL[@635,N20]Result[14, 17, 20]
select * from null01;
col1  ¦  col2
1  ¦  32143     
null  ¦  3e        

#SQL[@636,N148]Result[59, 34, 37]
select table_name,COLUMN_NAME, data_type,is_nullable from information_schema.columns where table_name like 'null01' and COLUMN_NAME not like '__mo%';
table_name  ¦  COLUMN_NAME  ¦  data_type  ¦  is_nullable
null01  ¦  col1  ¦  INT  ¦  YES
null01  ¦  col2  ¦  BINARY  ¦  YES

#SQL[@637,N17]Result[]
drop table null01;

#SQL[@641,N27]Result[]
drop table if exists null02;

#SQL[@642,N63]Result[]
create table null02(col1 int default null, col2 varbinary(100));

#SQL[@643,N38]Result[]
insert into null02 values (1, '32143');

#SQL[@644,N35]Result[]
insert into null02 values (2, '3e');

#SQL[@645,N43]Result[]
alter table null02 modify col1 int not null;

#SQL[@646,N24]Result[23, 97]
show create table null02;
Table  ¦  Create Table
null02  ¦  CREATE TABLE `null02` (
  `col1` int NOT NULL,
  `col2` varbinary(100) DEFAULT NULL
)

#SQL[@647,N37]Error[50]
insert into null02 values (null, '1');
constraint violation: Column 'col1' cannot be null

#SQL[@648,N39]Result[]
insert into null02 values (342, 'aesd');

#SQL[@649,N20]Result[14, 12, 9, 13]
select * from null02;
col1  ¦  col2
1  ¦  32143
2  ¦  3e
342  ¦  aesd

#SQL[@650,N148]Result[59, 33, 40]
select table_name,COLUMN_NAME, data_type,is_nullable from information_schema.columns where table_name like 'null02' and COLUMN_NAME not like '__mo%';
table_name  ¦  COLUMN_NAME  ¦  data_type  ¦  is_nullable
null02  ¦  col1  ¦  INT  ¦  NO
null02  ¦  col2  ¦  VARBINARY  ¦  YES

#SQL[@651,N17]Result[]
drop table null02;

#SQL[@655,N27]Result[]
drop table if exists cast01;

#SQL[@656,N90]Result[]
create table cast01 (col1 int, col2 smallint, col3 bigint unsigned, col4 tinyint unsigned);

#SQL[@657,N59]Result[]
insert into cast01 values (1, -32768, 12352314214243242, 0);

#SQL[@658,N57]Result[]
insert into cast01 values (329884234, 32767, 3828493, 21);

#SQL[@659,N59]Result[]
insert into cast01 values (-29302423, 32, 324242132321, 10);

#SQL[@660,N50]Result[]
insert into cast01 values (null, null, null, null);

#SQL[@661,N20]Result[34, 43, 41, 43, 34]
select * from cast01;
col1  ¦  col2  ¦  col3  ¦  col4
1  ¦  -32768  ¦  12352314214243242  ¦  0
329884234  ¦  32767  ¦  3828493  ¦  21
-29302423  ¦  32  ¦  324242132321  ¦  10
null  ¦  null  ¦  null  ¦  null

#SQL[@662,N36]Result[]
alter table cast01 modify col1 float;

#SQL[@663,N24]Result[23, 176]
show create table cast01;
Table  ¦  Create Table
cast01  ¦  CREATE TABLE `cast01` (
  `col1` float DEFAULT NULL,
  `col2` smallint DEFAULT NULL,
  `col3` bigint unsigned DEFAULT NULL,
  `col4` tinyint unsigned DEFAULT NULL
)

#SQL[@664,N67]Result[]
insert into cast01 values (3271.312432, null, 323254324321432, 100);

#SQL[@665,N20]Result[34, 43, 41, 43, 34, 49]
select * from cast01;
col1  ¦  col2  ¦  col3  ¦  col4
1  ¦  -32768  ¦  12352314214243242  ¦  0
329884220  ¦  32767  ¦  3828493  ¦  21
-29302424  ¦  32  ¦  324242132321  ¦  10
null  ¦  null  ¦  null  ¦  null
3271.3125  ¦  null  ¦  323254324321432  ¦  100

#SQL[@666,N43]Result[]
alter table cast01 modify col2 double first;

#SQL[@667,N24]Result[23, 174]
show create table cast01;
Table  ¦  Create Table
cast01  ¦  CREATE TABLE `cast01` (
  `col2` double DEFAULT NULL,
  `col1` float DEFAULT NULL,
  `col3` bigint unsigned DEFAULT NULL,
  `col4` tinyint unsigned DEFAULT NULL
)

#SQL[@668,N70]Result[]
insert into cast01 values (3271834.2134, -3892843.214, 328943232, 255);

#SQL[@669,N20]Result[34, 43, 41, 43, 34, 49, 52]
select * from cast01;
col2  ¦  col1  ¦  col3  ¦  col4
-32768  ¦  1  ¦  12352314214243242  ¦  0
32767  ¦  329884220  ¦  3828493  ¦  21
32  ¦  -29302424  ¦  324242132321  ¦  10
null  ¦  null  ¦  null  ¦  null
null  ¦  3271.3125  ¦  323254324321432  ¦  100
3271834.2134  ¦  -3892843.2  ¦  328943232  ¦  255

#SQL[@670,N37]Result[]
alter table cast01 modify col3 double;

#SQL[@671,N24]Result[23, 165]
show create table cast01;
Table  ¦  Create Table
cast01  ¦  CREATE TABLE `cast01` (
  `col2` double DEFAULT NULL,
  `col1` float DEFAULT NULL,
  `col3` double DEFAULT NULL,
  `col4` tinyint unsigned DEFAULT NULL
)

#SQL[@672,N75]Result[]
insert into cast01 values (3271834.2134, -3892843.214, 328943232.3234, 255);

#SQL[@673,N20]Result[34, 43, 41, 43, 34, 49, 52, 57]
select * from cast01;
col2  ¦  col1  ¦  col3  ¦  col4
-32768  ¦  1  ¦  12352314214243242  ¦  0
32767  ¦  329884220  ¦  3828493  ¦  21
32  ¦  -29302424  ¦  324242132321  ¦  10
null  ¦  null  ¦  null  ¦  null
null  ¦  3271.3125  ¦  323254324321432  ¦  100
3271834.2134  ¦  -3892843.2  ¦  328943232  ¦  255
3271834.2134  ¦  -3892843.2  ¦  328943232.3234  ¦  255

#SQL[@674,N56]Result[]
alter table cast01 modify col4 decimal(28,10) after col2;

#SQL[@675,N24]Result[23, 163]
show create table cast01;
Table  ¦  Create Table
cast01  ¦  CREATE TABLE `cast01` (
  `col2` double DEFAULT NULL,
  `col4` decimal(28,10) DEFAULT NULL,
  `col1` float DEFAULT NULL,
  `col3` double DEFAULT NULL
)

#SQL[@676,N85]Result[]
insert into cast01 values (3271834.2134, -3823243.4324, 328943232.3234, -32423.43243);

#SQL[@677,N20]Result[34, 54, 52, 54, 34, 60, 63, 68, 70]
select * from cast01;
col2  ¦  col4  ¦  col1  ¦  col3
-32768  ¦  0.0000000000  ¦  1  ¦  12352314214243242
32767  ¦  21.0000000000  ¦  329884220  ¦  3828493
32  ¦  10.0000000000  ¦  -29302424  ¦  324242132321
null  ¦  null  ¦  null  ¦  null
null  ¦  100.0000000000  ¦  3271.3125  ¦  323254324321432
3271834.2134  ¦  255.0000000000  ¦  -3892843.2  ¦  328943232
3271834.2134  ¦  255.0000000000  ¦  -3892843.2  ¦  328943232.3234
3271834.2134  ¦  -3823243.4324000000  ¦  328943230  ¦  -32423.43243

#SQL[@678,N148]Result[59, 36, 37, 37, 38]
select table_name,COLUMN_NAME, data_type,is_nullable from information_schema.columns where table_name like 'cast01' and COLUMN_NAME not like '__mo%';
table_name  ¦  COLUMN_NAME  ¦  data_type  ¦  is_nullable
cast01  ¦  col1  ¦  FLOAT  ¦  YES
cast01  ¦  col2  ¦  DOUBLE  ¦  YES
cast01  ¦  col3  ¦  DOUBLE  ¦  YES
cast01  ¦  col4  ¦  DECIMAL  ¦  YES

#SQL[@679,N17]Result[]
drop table cast01;

#SQL[@683,N27]Result[]
drop table if exists cast02;

#SQL[@684,N85]Result[]
create table cast02 (col1 float, col2 double, col3 decimal(30,5), col4 decimal(37,1));

#SQL[@685,N104]Result[]
insert into cast02 values (1.321341, -32768.32142, 1235231421424.3214242134124324323, 12342.43243242121);

#SQL[@686,N61]Result[]
insert into cast02 values (329884234.3242, null, 3828493, 21);

#SQL[@687,N74]Result[]
insert into cast02 values (93024232.32324, -32.243142, 324242132321, null);

#SQL[@688,N20]Result[34, 64, 48, 58]
select * from cast02;
col1  ¦  col2  ¦  col3  ¦  col4
1.321341  ¦  -32768.32142  ¦  1235231421424.32142  ¦  12342.4
329884220  ¦  null  ¦  3828493.00000  ¦  21.0
93024230  ¦  -32.243142  ¦  324242132321.00000  ¦  null

#SQL[@689,N43]Result[]
alter table cast02 modify col1 int unsigned;

#SQL[@690,N24]Result[23, 176]
show create table cast02;
Table  ¦  Create Table
cast02  ¦  CREATE TABLE `cast02` (
  `col1` int unsigned DEFAULT NULL,
  `col2` double DEFAULT NULL,
  `col3` decimal(30,5) DEFAULT NULL,
  `col4` decimal(37,1) DEFAULT NULL
)

#SQL[@691,N77]Result[]
insert into cast02 values (2724.327832, null, 32325432421432, 100.3322142142);

#SQL[@692,N20]Result[34, 57, 48, 58, 51]
select * from cast02;
col1  ¦  col2  ¦  col3  ¦  col4
1  ¦  -32768.32142  ¦  1235231421424.32142  ¦  12342.4
329884224  ¦  null  ¦  3828493.00000  ¦  21.0
93024232  ¦  -32.243142  ¦  324242132321.00000  ¦  null
2724  ¦  null  ¦  32325432421432.00000  ¦  100.3

#SQL[@693,N37]Result[]
alter table cast02 modify col2 bigint;

#SQL[@694,N24]Result[23, 176]
show create table cast02;
Table  ¦  Create Table
cast02  ¦  CREATE TABLE `cast02` (
  `col1` int unsigned DEFAULT NULL,
  `col2` bigint DEFAULT NULL,
  `col3` decimal(30,5) DEFAULT NULL,
  `col4` decimal(37,1) DEFAULT NULL
)

#SQL[@695,N83]Result[]
insert into cast02 values (1000, 323421423421342, 328943232.321424, -255.321151234);

#SQL[@696,N20]Result[34, 51, 48, 51, 51, 58]
select * from cast02;
col1  ¦  col2  ¦  col3  ¦  col4
1  ¦  -32768  ¦  1235231421424.32142  ¦  12342.4
329884224  ¦  null  ¦  3828493.00000  ¦  21.0
93024232  ¦  -32  ¦  324242132321.00000  ¦  null
2724  ¦  null  ¦  32325432421432.00000  ¦  100.3
1000  ¦  323421423421342  ¦  328943232.32142  ¦  -255.3

#SQL[@697,N46]Result[]
alter table cast02 modify col3 bigint unsigned;

#SQL[@698,N24]Result[23, 178]
show create table cast02;
Table  ¦  Create Table
cast02  ¦  CREATE TABLE `cast02` (
  `col1` int unsigned DEFAULT NULL,
  `col2` bigint DEFAULT NULL,
  `col3` bigint unsigned DEFAULT NULL,
  `col4` decimal(37,1) DEFAULT NULL
)

#SQL[@699,N59]Result[]
insert into cast02 values (32718, 100, 32894323237289, 234);

#SQL[@700,N20]Result[34, 45, 42, 45, 45, 52, 45]
select * from cast02;
col1  ¦  col2  ¦  col3  ¦  col4
1  ¦  -32768  ¦  1235231421424  ¦  12342.4
329884224  ¦  null  ¦  3828493  ¦  21.0
93024232  ¦  -32  ¦  324242132321  ¦  null
2724  ¦  null  ¦  32325432421432  ¦  100.3
1000  ¦  323421423421342  ¦  328943232  ¦  -255.3
32718  ¦  100  ¦  32894323237289  ¦  234.0

#SQL[@701,N45]Result[]
alter table cast02 modify col4 smallint first;

#SQL[@702,N24]Result[23, 173]
show create table cast02;
Table  ¦  Create Table
cast02  ¦  CREATE TABLE `cast02` (
  `col4` smallint DEFAULT NULL,
  `col1` int unsigned DEFAULT NULL,
  `col2` bigint DEFAULT NULL,
  `col3` bigint unsigned DEFAULT NULL
)

#SQL[@703,N59]Result[]
insert into cast02 values (234, 32718, 100, 32894323237289);

#SQL[@704,N20]Result[34, 43, 40, 45, 43, 50, 43, 43]
select * from cast02;
col4  ¦  col1  ¦  col2  ¦  col3
12342  ¦  1  ¦  -32768  ¦  1235231421424
21  ¦  329884224  ¦  null  ¦  3828493
null  ¦  93024232  ¦  -32  ¦  324242132321
100  ¦  2724  ¦  null  ¦  32325432421432
-255  ¦  1000  ¦  323421423421342  ¦  328943232
234  ¦  32718  ¦  100  ¦  32894323237289
234  ¦  32718  ¦  100  ¦  32894323237289

#SQL[@705,N17]Result[]
drop table cast02;

#SQL[@709,N27]Result[]
drop table if exists cast03;

#SQL[@710,N83]Result[]
create table cast03 (col1 smallint unsigned, col2 float, col3 double, col4 decimal);

#SQL[@711,N82]Result[]
insert into cast03 values (1, 323242.34242, 23432.3242, 8329498352.32534242323432);

#SQL[@712,N83]Result[]
insert into cast03 values (200, -213443.321412, 32424.342424242, 0.382943424324234);

#SQL[@713,N75]Result[]
insert into cast03 (col1, col2, col3, col4) values (null, null, null, null);

#SQL[@714,N118]Result[]
alter table cast03 modify col1 char(50), modify col2 char(100), modify col3 varchar(50), modify col4 varchar(15) first;

#SQL[@715,N24]Result[23, 171]
show create table cast03;
Table  ¦  Create Table
cast03  ¦  CREATE TABLE `cast03` (
  `col4` varchar(15) DEFAULT NULL,
  `col1` char(50) DEFAULT NULL,
  `col2` char(100) DEFAULT NULL,
  `col3` varchar(50) DEFAULT NULL
)

#SQL[@716,N108]Result[]
insert into cast03 values ('3243342', '3242f()', '4728947234342,', '457328990r3if943i4u9owiuo4ewfr3w4r3fre');

#SQL[@717,N20]Result[34, 48, 47, 34, 84]
select * from cast03;
col4  ¦  col1  ¦  col2  ¦  col3
8329498352  ¦  1  ¦  323242.34  ¦  23432.3242
0  ¦  200  ¦  -213443.33  ¦  32424.342424242
null  ¦  null  ¦  null  ¦  null
3243342  ¦  3242f()  ¦  4728947234342,  ¦  457328990r3if943i4u9owiuo4ewfr3w4r3fre

#SQL[@718,N17]Result[]
drop table cast03;

#SQL[@722,N27]Result[]
drop table if exists cast04;

#SQL[@723,N67]Result[]
create table cast04 (col1 char, col2 varchar, col3 text, col4 blob);

#SQL[@724,N74]Result[]
insert into cast04 values ('1', '-281321.21312', '328', '327482739.32413');

#SQL[@725,N90]Result[]
insert into cast04 values ('0', '3412234321', '-332134324.2432423423423', '-1032412.4324');

#SQL[@726,N50]Result[]
insert into cast04 values (null, null, null, null);

#SQL[@727,N43]Result[]
alter table cast04 modify col1 int unsigned;

#SQL[@728,N55]Result[]
alter table cast04 modify col2 decimal(34,4) after col4;

#SQL[@729,N24]Result[23, 165]
show create table cast04;
Table  ¦  Create Table
cast04  ¦  CREATE TABLE `cast04` (
  `col1` int unsigned DEFAULT NULL,
  `col3` text DEFAULT NULL,
  `col4` blob DEFAULT NULL,
  `col2` decimal(34,4) DEFAULT NULL
)

#SQL[@730,N56]Result[]
alter table cast04 modify col3 double, modify col4 float;

#SQL[@731,N24]Result[23, 168]
show create table cast04;
Table  ¦  Create Table
cast04  ¦  CREATE TABLE `cast04` (
  `col1` int unsigned DEFAULT NULL,
  `col3` double DEFAULT NULL,
  `col4` float DEFAULT NULL,
  `col2` decimal(34,4) DEFAULT NULL
)

#SQL[@732,N28]Result[]
insert into cast04 values ();

#SQL[@733,N20]Result[34, 43, 63, 34, 34]
select * from cast04;
col1  ¦  col3  ¦  col4  ¦  col2
1  ¦  328  ¦  327482750  ¦  -281321.2131
0  ¦  -332134324.2432423  ¦  -1032412.44  ¦  3412234321.0000
null  ¦  null  ¦  null  ¦  null
null  ¦  null  ¦  null  ¦  null

#SQL[@734,N148]Result[59, 43, 38, 37, 36]
select table_name,COLUMN_NAME, data_type,is_nullable from information_schema.columns where table_name like 'cast04' and COLUMN_NAME not like '__mo%';
table_name  ¦  COLUMN_NAME  ¦  data_type  ¦  is_nullable
cast04  ¦  col1  ¦  INT UNSIGNED  ¦  YES
cast04  ¦  col2  ¦  DECIMAL  ¦  YES
cast04  ¦  col3  ¦  DOUBLE  ¦  YES
cast04  ¦  col4  ¦  FLOAT  ¦  YES

#SQL[@735,N17]Result[]
drop table cast04;

#SQL[@739,N27]Result[]
drop table if exists cast05;

#SQL[@740,N31]Result[]
create table cast05 (col1 date);

#SQL[@741,N40]Result[]
insert into cast05 values ('1997-01-13');

#SQL[@742,N40]Result[]
insert into cast05 values ('2023-12-12');

#SQL[@743,N32]Result[]
insert into cast05 values (null);

#SQL[@744,N20]Result[4, 10, 10, 4]
select * from cast05;
col1
1997-01-13
2023-12-12
null

#SQL[@745,N43]Result[]
alter table cast05 modify col1 varchar(100);

#SQL[@746,N45]Result[]
alter table cast05 modify col1 datetime first;

#SQL[@747,N20]Result[4, 19, 19, 4]
select * from cast05;
col1
1997-01-13 00:00:00
2023-12-12 00:00:00
null

#SQL[@748,N24]Result[23, 68]
show create table cast05;
Table  ¦  Create Table
cast05  ¦  CREATE TABLE `cast05` (
  `col1` datetime DEFAULT NULL
)

#SQL[@749,N148]Result[59, 39]
select table_name,COLUMN_NAME, data_type,is_nullable from information_schema.columns where table_name like 'cast05' and COLUMN_NAME not like '__mo%';
table_name  ¦  COLUMN_NAME  ¦  data_type  ¦  is_nullable
cast05  ¦  col1  ¦  DATETIME  ¦  YES

#SQL[@750,N17]Result[]
drop table cast05;

#SQL[@754,N31]Result[]
drop table if exists abnormal02;

#SQL[@755,N76]Result[]
create table abnormal02 (col1 int unsigned not null, col2 smallint unsigned);

#SQL[@756,N47]Result[]
insert into abnormal02 values (2147483647, 255);

#SQL[@757,N43]Result[]
insert into abnormal02 values (3242334, 10);

#SQL[@758,N24]Result[14, 19, 15]
select * from abnormal02;
col1  ¦  col2
2147483647  ¦  255
3242334  ¦  10

#SQL[@759,N38]Result[]
alter table abnormal02 modify col1 int;

#SQL[@760,N43]Result[]
alter table abnormal02 modify col2 smallint;

#SQL[@761,N24]Result[14, 19, 15]
select * from abnormal02;
col1  ¦  col2
2147483647  ¦  255
3242334  ¦  10

#SQL[@762,N28]Result[23, 103]
show create table abnormal02;
Table  ¦  Create Table
abnormal02  ¦  CREATE TABLE `abnormal02` (
  `col1` int DEFAULT NULL,
  `col2` smallint DEFAULT NULL
)

#SQL[@763,N152]Result[59, 38, 43]
select table_name,COLUMN_NAME, data_type,is_nullable from information_schema.columns where table_name like 'abnormal02' and COLUMN_NAME not like '__mo%';
table_name  ¦  COLUMN_NAME  ¦  data_type  ¦  is_nullable
abnormal02  ¦  col1  ¦  INT  ¦  YES
abnormal02  ¦  col2  ¦  SMALLINT  ¦  YES

#SQL[@764,N21]Result[]
drop table abnormal02;

#SQL[@768,N31]Result[]
drop table if exists abnormal01;

#SQL[@769,N61]Result[]
create table abnormal01 (col1 int, col2 bigint, col3 decimal);

#SQL[@770,N81]Result[]
insert into abnormal01 values (2147483647, 9223372036854775807, 3291843920.32783);

#SQL[@771,N79]Result[]
insert into abnormal01 values (-21843243, 832942343241999999, -2787343243.2343);

#SQL[@772,N48]Result[]
insert into abnormal01 values (null, null, null);

#SQL[@773,N24]Result[24, 51, 50, 24]
select * from abnormal01;
col1  ¦  col2  ¦  col3
2147483647  ¦  9223372036854775807  ¦  3291843920
-21843243  ¦  832942343241999999  ¦  -2787343243
null  ¦  null  ¦  null

#SQL[@774,N38]Error[63]
alter table abnormal01 modify col2 int;
data out of range: data type int32, value '9223372036854775807'

#SQL[@775,N43]Error[54]
alter table abnormal01 modify col1 smallint;
data out of range: data type int16, value '2147483647'

#SQL[@776,N48]Result[]
alter table abnormal01 modify col3 decimal(10,0);

#SQL[@777,N24]Result[24, 51, 50, 24]
select * from abnormal01;
col1  ¦  col2  ¦  col3
2147483647  ¦  9223372036854775807  ¦  3291843920
-21843243  ¦  832942343241999999  ¦  -2787343243
null  ¦  null  ¦  null

#SQL[@778,N28]Result[23, 138]
show create table abnormal01;
Table  ¦  Create Table
abnormal01  ¦  CREATE TABLE `abnormal01` (
  `col1` int DEFAULT NULL,
  `col2` bigint DEFAULT NULL,
  `col3` decimal(10,0) DEFAULT NULL
)

#SQL[@779,N152]Result[59, 38, 41, 42]
select table_name,COLUMN_NAME, data_type,is_nullable from information_schema.columns where table_name like 'abnormal01' and COLUMN_NAME not like '__mo%';
table_name  ¦  COLUMN_NAME  ¦  data_type  ¦  is_nullable
abnormal01  ¦  col1  ¦  INT  ¦  YES
abnormal01  ¦  col2  ¦  BIGINT  ¦  YES
abnormal01  ¦  col3  ¦  DECIMAL  ¦  YES

#SQL[@780,N21]Result[]
drop table abnormal01;

#SQL[@784,N31]Result[]
drop table if exists abnormal02;

#SQL[@785,N58]Result[]
create table abnormal02 (col1 int not null, col2 smallint);

#SQL[@786,N48]Result[]
insert into abnormal02 values (-2147483647, 255);

#SQL[@787,N44]Result[]
insert into abnormal02 values (3242334, -10);

#SQL[@788,N24]Result[14, 20, 16]
select * from abnormal02;
col1  ¦  col2
-2147483647  ¦  255
3242334  ¦  -10

#SQL[@789,N47]Error[54]
alter table abnormal02 modify col1 int unsigned;
data out of range: data type uint, value '-2147483647'

#SQL[@790,N52]Error[46]
alter table abnormal02 modify col2 smallint unsigned;
data out of range: data type uint, value '-10'

#SQL[@791,N24]Result[14, 20, 16]
select * from abnormal02;
col1  ¦  col2
-2147483647  ¦  255
3242334  ¦  -10

#SQL[@792,N28]Result[23, 99]
show create table abnormal02;
Table  ¦  Create Table
abnormal02  ¦  CREATE TABLE `abnormal02` (
  `col1` int NOT NULL,
  `col2` smallint DEFAULT NULL
)

#SQL[@793,N152]Result[59, 37, 43]
select table_name,COLUMN_NAME, data_type,is_nullable from information_schema.columns where table_name like 'abnormal02' and COLUMN_NAME not like '__mo%';
table_name  ¦  COLUMN_NAME  ¦  data_type  ¦  is_nullable
abnormal02  ¦  col1  ¦  INT  ¦  NO
abnormal02  ¦  col2  ¦  SMALLINT  ¦  YES

#SQL[@794,N21]Result[]
drop table abnormal02;

#SQL[@798,N31]Result[]
drop table if exists abnormal03;

#SQL[@799,N50]Result[]
create table abnormal03 (col1 datetime, col2 blob);

#SQL[@800,N109]Result[]
insert into abnormal03 values ('1997-01-13 00:00:00', '342ewfyuehcdeiuopwu4jo3lekwdfhiu48woi3jrdnefrbwui34f');

#SQL[@801,N112]Result[]
insert into abnormal03 values ('2012-01-13 23:23:59', '63298ufh3jcweuiv4h32jhf432ouy4hu3enjwfnwje4n3bj24f34573');

#SQL[@802,N24]Result[14, 77, 80]
select * from abnormal03;
col1  ¦  col2
1997-01-13 00:00:00  ¦  342ewfyuehcdeiuopwu4jo3lekwdfhiu48woi3jrdnefrbwui34f
2012-01-13 23:23:59  ¦  63298ufh3jcweuiv4h32jhf432ouy4hu3enjwfnwje4n3bj24f34573

#SQL[@803,N47]Result[]
alter table abnormal03 modify col1 varchar(100);

#SQL[@804,N38]Error[92]
alter table abnormal03 modify col2 int;
invalid argument cast to int, bad value 342ewfyuehcdeiuopwu4jo3lekwdfhiu48woi3jrdnefrbwui34f

#SQL[@805,N24]Result[14, 77, 80]
select * from abnormal03;
col1  ¦  col2
1997-01-13 00:00:00  ¦  342ewfyuehcdeiuopwu4jo3lekwdfhiu48woi3jrdnefrbwui34f
2012-01-13 23:23:59  ¦  63298ufh3jcweuiv4h32jhf432ouy4hu3enjwfnwje4n3bj24f34573

#SQL[@806,N28]Result[23, 108]
show create table abnormal03;
Table  ¦  Create Table
abnormal03  ¦  CREATE TABLE `abnormal03` (
  `col1` varchar(100) DEFAULT NULL,
  `col2` blob DEFAULT NULL
)

#SQL[@807,N152]Result[59, 42, 39]
select table_name,COLUMN_NAME, data_type,is_nullable from information_schema.columns where table_name like 'abnormal03' and COLUMN_NAME not like '__mo%';
table_name  ¦  COLUMN_NAME  ¦  data_type  ¦  is_nullable
abnormal03  ¦  col1  ¦  VARCHAR  ¦  YES
abnormal03  ¦  col2  ¦  BLOB  ¦  YES

#SQL[@808,N21]Result[]
drop table abnormal03;

#SQL[@812,N31]Result[]
drop table if exists abnormal04;

#SQL[@813,N56]Result[]
create table abnormal04 (col1 json, col2 enum('a', 'b'));

#SQL[@814,N61]Result[]
insert into abnormal04 values (('{"x": 17, "x": "red"}'),'a');

#SQL[@815,N78]Result[]
insert into abnormal04 values (('{"x": 17, "x": "red", "x": [3, 5, 7]}'), 'b');

#SQL[@816,N24]Result[14, 19, 23]
select * from abnormal04;
col1  ¦  col2
{"x": "red"}  ¦  a
{"x": [3, 5, 7]}  ¦  b

#SQL[@817,N40]Error[75]
alter table abnormal04 modify col1 float;
not supported: currently unsupport change from original type JSON to FLOAT 

#SQL[@818,N38]Error[41]
alter table abnormal04 modify col2 int;
invalid argument cast to int, bad value a

#SQL[@819,N24]Result[14, 19, 23]
select * from abnormal04;
col1  ¦  col2
{"x": "red"}  ¦  a
{"x": [3, 5, 7]}  ¦  b

#SQL[@820,N28]Result[23, 109]
show create table abnormal04;
Table  ¦  Create Table
abnormal04  ¦  CREATE TABLE `abnormal04` (
  `col1` json DEFAULT NULL,
  `col2` enum('a','b') DEFAULT NULL
)

#SQL[@821,N152]Result[59, 39, 39]
select table_name,COLUMN_NAME, data_type,is_nullable from information_schema.columns where table_name like 'abnormal04' and COLUMN_NAME not like '__mo%';
table_name  ¦  COLUMN_NAME  ¦  data_type  ¦  is_nullable
abnormal04  ¦  col1  ¦  JSON  ¦  YES
abnormal04  ¦  col2  ¦  ENUM  ¦  YES

#SQL[@822,N21]Result[]
drop table abnormal04;

#SQL[@826,N31]Result[]
drop table if exists abnormal05;

#SQL[@827,N60]Result[]
create temporary table abnormal05 (col1 datetime, col2 blob);

#SQL[@828,N109]Result[]
insert into abnormal05 values ('1997-01-13 00:00:00', '342ewfyuehcdeiuopwu4jo3lekwdfhiu48woi3jrdnefrbwui34f');

#SQL[@829,N112]Result[]
insert into abnormal05 values ('2012-01-13 23:23:59', '63298ufh3jcweuiv4h32jhf432ouy4hu3enjwfnwje4n3bj24f34573');

#SQL[@830,N24]Result[14, 77, 80]
select * from abnormal05;
col1  ¦  col2
1997-01-13 00:00:00  ¦  342ewfyuehcdeiuopwu4jo3lekwdfhiu48woi3jrdnefrbwui34f
2012-01-13 23:23:59  ¦  63298ufh3jcweuiv4h32jhf432ouy4hu3enjwfnwje4n3bj24f34573

#SQL[@831,N40]Error[54]
alter table abnormal05 modify col1 float;
alter table for temporary table is not yet implemented

#SQL[@832,N38]Error[54]
alter table abnormal05 modify col2 int;
alter table for temporary table is not yet implemented

#SQL[@833,N24]Result[14, 77, 80]
select * from abnormal05;
col1  ¦  col2
1997-01-13 00:00:00  ¦  342ewfyuehcdeiuopwu4jo3lekwdfhiu48woi3jrdnefrbwui34f
2012-01-13 23:23:59  ¦  63298ufh3jcweuiv4h32jhf432ouy4hu3enjwfnwje4n3bj24f34573

#SQL[@834,N28]Result[23, 104]
show create table abnormal05;
Table  ¦  Create Table
abnormal05  ¦  CREATE TABLE `abnormal05` (
  `col1` datetime DEFAULT NULL,
  `col2` blob DEFAULT NULL
)

#SQL[@835,N152]Result[]
select table_name,COLUMN_NAME, data_type,is_nullable from information_schema.columns where table_name like 'abnormal05' and COLUMN_NAME not like '__mo%';

#SQL[@836,N21]Result[]
drop table abnormal05;

#SQL[@840,N27]Result[]
drop table if exists view01;

#SQL[@841,N27]Result[]
drop table if exists view02;

#SQL[@842,N27]Result[]
create table view01 (a int);

#SQL[@843,N33]Result[]
insert into view01 values (1),(2);

#SQL[@844,N27]Result[]
create table view02 (a int);

#SQL[@845,N29]Result[]
insert into view02 values (1);

#SQL[@846,N86]Result[]
create view v0 as select view01.a, view02.a as b from view01 left join view02 using(a);

#SQL[@847,N19]Result[73, 131]
show create view v0;
View  ¦  Create View  ¦  character_set_client  ¦  collation_connection
v0  ¦  create view v0 as select view01.a, view02.a as b from view01 left join view02 using(a)  ¦  utf8mb4  ¦  utf8mb4_general_ci

#SQL[@848,N33]Result[]
alter table view01 modify a float;

#SQL[@849,N24]Result[23, 62]
show create table view01;
Table  ¦  Create Table
view01  ¦  CREATE TABLE `view01` (
  `a` float DEFAULT NULL
)

#SQL[@850,N19]Result[73, 131]
show create view v0;
View  ¦  Create View  ¦  character_set_client  ¦  collation_connection
v0  ¦  create view v0 as select view01.a, view02.a as b from view01 left join view02 using(a)  ¦  utf8mb4  ¦  utf8mb4_general_ci

#SQL[@851,N17]Result[]
drop table view01;

#SQL[@852,N17]Result[]
drop table view02;

#SQL[@853,N12]Result[]
drop view v0;

#SQL[@857,N30]Result[]
drop table if exists cluster01;

#SQL[@858,N62]Result[]
create table cluster01(col1 int, col2 decimal) cluster by col1;

#SQL[@859,N43]Result[]
insert into cluster01 values (1, 389234924);

#SQL[@860,N42]Result[]
insert into cluster01 values (2, -2893428);

#SQL[@861,N46]Result[]
alter table cluster01 modify column col2 float;

#SQL[@862,N51]Result[]
alter table cluster01 modify col1 double after col2;

#SQL[@863,N27]Result[23, 121]
show create table cluster01;
Table  ¦  Create Table
cluster01  ¦  CREATE TABLE `cluster01` (
  `col2` float DEFAULT NULL,
  `col1` double DEFAULT NULL
) CLUSTER BY (`col1`)

#SQL[@864,N23]Result[14, 16, 15]
select * from cluster01;
col2  ¦  col1
389234900  ¦  1
-2893428  ¦  2

#SQL[@865,N151]Result[59, 40, 39]
select table_name,COLUMN_NAME, data_type,is_nullable from information_schema.columns where table_name like 'cluster01' and COLUMN_NAME not like '__mo%';
table_name  ¦  COLUMN_NAME  ¦  data_type  ¦  is_nullable
cluster01  ¦  col1  ¦  DOUBLE  ¦  YES
cluster01  ¦  col2  ¦  FLOAT  ¦  YES

#SQL[@866,N20]Result[]
drop table cluster01;

#SQL[@870,N29]Result[]
drop table if exists insert01;

#SQL[@871,N64]Result[]
create table insert01 (col1 int, col2 decimal(20,10), col3 date);

#SQL[@872,N38]Result[]
alter table insert01 modify col1 float;

#SQL[@873,N64]Result[]
insert into insert01 values (1, 2378324.324324234, '2020-12-12');

#SQL[@874,N69]Result[]
insert into insert01 values (2, -372893894.32234230000, '1970-01-01');

#SQL[@875,N38]Result[]
alter table insert01 modify col1 float;

#SQL[@876,N46]Result[]
alter table insert01 modify col2 decimal(30,1);

#SQL[@877,N26]Result[23, 134]
show create table insert01;
Table  ¦  Create Table
insert01  ¦  CREATE TABLE `insert01` (
  `col1` float DEFAULT NULL,
  `col2` decimal(30,1) DEFAULT NULL,
  `col3` date DEFAULT NULL
)

#SQL[@878,N43]Result[]
insert into insert01 select * from insert01;

#SQL[@879,N22]Result[24, 32, 35, 32, 35]
select * from insert01;
col1  ¦  col2  ¦  col3
1  ¦  2378324.3  ¦  2020-12-12
2  ¦  -372893894.3  ¦  1970-01-01
1  ¦  2378324.3  ¦  2020-12-12
2  ¦  -372893894.3  ¦  1970-01-01

#SQL[@880,N19]Result[]
drop table insert01;

#SQL[@884,N27]Result[]
drop table if exists time01;

#SQL[@885,N73]Result[]
create table time01 (col1 date, col2 datetime, col3 timestamp, col4 time);

#SQL[@886,N105]Result[]
insert into time01 values ('2020-01-01', '2000-10-10 12:12:12', '1970-01-01 12:23:59.323000', '01:01:29');

#SQL[@887,N88]Result[]
insert into time01 values ('1997-01-13', null, '1989-01-01 23:23:59.100000', '23:23:59');

#SQL[@888,N130]Result[]
insert into time01 (col1, col2, col3, col4) values ('2030-12-31', '2031-09-09 01:01:01', '2013-12-12 10:10:10.125000', '10:12:12');

#SQL[@889,N20]Result[34, 74, 59, 74]
select * from time01;
col1  ¦  col2  ¦  col3  ¦  col4
2020-01-01  ¦  2000-10-10 12:12:12  ¦  1970-01-01 12:23:59  ¦  01:01:29
1997-01-13  ¦  null  ¦  1989-01-01 23:23:59  ¦  23:23:59
2030-12-31  ¦  2031-09-09 01:01:01  ¦  2013-12-12 10:10:10  ¦  10:12:12

#SQL[@890,N102]Result[]
alter table time01 modify col1 int, modify col2 int first, modify col3 int after col1, modify col4 int;

#SQL[@891,N24]Result[23, 144]
show create table time01;
Table  ¦  Create Table
time01  ¦  CREATE TABLE `time01` (
  `col2` int DEFAULT NULL,
  `col1` int DEFAULT NULL,
  `col3` int DEFAULT NULL,
  `col4` int DEFAULT NULL
)

#SQL[@892,N148]Result[59, 34, 34, 34, 34]
select table_name,COLUMN_NAME, data_type,is_nullable from information_schema.columns where table_name like 'time01' and COLUMN_NAME not like '__mo%';
table_name  ¦  COLUMN_NAME  ¦  data_type  ¦  is_nullable
time01  ¦  col1  ¦  INT  ¦  YES
time01  ¦  col2  ¦  INT  ¦  YES
time01  ¦  col3  ¦  INT  ¦  YES
time01  ¦  col4  ¦  INT  ¦  YES

#SQL[@893,N17]Result[]
drop table time01;

#SQL[@897,N27]Result[]
drop table if exists time02;

#SQL[@898,N62]Result[]
create table time02 (col2 datetime, col3 timestamp, col4 time);

#SQL[@899,N91]Result[]
insert into time02 values ('2000-10-10 12:12:12', '1970-01-01 12:23:59.323000', '01:01:29');

#SQL[@900,N75]Result[]
insert into time02 values ( null, '1889-01-01 23:23:59.125000', '23:23:59');

#SQL[@901,N110]Result[]
insert into time02 (col2, col3, col4) values ('2031-09-09 01:01:01', '2013-12-12 10:10:10.125000', '10:12:12');

#SQL[@902,N20]Result[24, 58, 43, 58]
select * from time02;
col2  ¦  col3  ¦  col4
2000-10-10 12:12:12  ¦  1970-01-01 12:23:59  ¦  01:01:29
null  ¦  1889-01-01 23:23:59  ¦  23:23:59
2031-09-09 01:01:01  ¦  2013-12-12 10:10:10  ¦  10:12:12

#SQL[@903,N110]Result[]
alter table time02 modify col2 decimal(20,10) first, modify col3 decimal after col2, modify col4 decimal(38,0);

#SQL[@904,N24]Result[23, 148]
show create table time02;
Table  ¦  Create Table
time02  ¦  CREATE TABLE `time02` (
  `col2` decimal(20,10) DEFAULT NULL,
  `col3` decimal(38,0) DEFAULT NULL,
  `col4` decimal(38,0) DEFAULT NULL
)

#SQL[@905,N148]Result[59, 38, 38, 38]
select table_name,COLUMN_NAME, data_type,is_nullable from information_schema.columns where table_name like 'time02' and COLUMN_NAME not like '__mo%';
table_name  ¦  COLUMN_NAME  ¦  data_type  ¦  is_nullable
time02  ¦  col2  ¦  DECIMAL  ¦  YES
time02  ¦  col3  ¦  DECIMAL  ¦  YES
time02  ¦  col4  ¦  DECIMAL  ¦  YES

#SQL[@906,N17]Result[]
drop table time02;

#SQL[@910,N30]Result[]
drop table if exists prepare01;

#SQL[@911,N43]Result[]
create table prepare01(col1 int, col2 char);

#SQL[@912,N52]Result[]
insert into prepare01 values (1,'a'),(2,'b'),(3,'c');

#SQL[@913,N71]Result[]
prepare s1 from 'alter table prepare01 modify col1 decimal primary key';

#SQL[@914,N10]Result[]
execute s1;

#SQL[@915,N27]Result[23, 130]
show create table prepare01;
Table  ¦  Create Table
prepare01  ¦  CREATE TABLE `prepare01` (
  `col1` decimal(38,0) NOT NULL,
  `col2` char(1) DEFAULT NULL,
  PRIMARY KEY (`col1`)
)

#SQL[@916,N73]Result[]
prepare s2 from 'alter table prepare01 modify col2 varchar(100) not null';

#SQL[@917,N10]Result[]
execute s2;

#SQL[@918,N27]Result[23, 131]
show create table prepare01;
Table  ¦  Create Table
prepare01  ¦  CREATE TABLE `prepare01` (
  `col1` decimal(38,0) NOT NULL,
  `col2` varchar(100) NOT NULL,
  PRIMARY KEY (`col1`)
)

#SQL[@919,N20]Result[]
drop table prepare01;

#SQL[@923,N27]Result[]
drop role if exists role_r1;

#SQL[@924,N27]Result[]
drop user if exists role_u1;

#SQL[@925,N27]Result[]
drop table if exists test01;

#SQL[@926,N19]Result[]
create role role_r1;

#SQL[@927,N60]Result[]
create user role_u1 identified by '111' default role role_r1;

#SQL[@928,N29]Result[]
create table test01(col1 int);

#SQL[@929,N28]Result[]
insert into test01 values(1);

#SQL[@930,N28]Result[]
insert into test01 values(2);

#SQL[@931,N45]Result[]
grant create database on account * to role_r1;

#SQL[@932,N44]Result[]
grant show databases on account * to role_r1;

#SQL[@933,N37]Result[]
grant connect on account * to role_r1;

#SQL[@934,N34]Result[]
grant select on table * to role_r1;

#SQL[@935,N42]Result[]
grant show tables on database * to role_r1;

#SQL[@937,N29]Result[]
use alter_table_modify_column;

#SQL[@938,N46]Error[62]
alter table test01 modify col1 int primary key;
internal error: do not have privilege to execute the statement

#SQL[@940,N42]Result[]
grant alter table on database * to role_r1;

#SQL[@942,N29]Result[]
use alter_table_modify_column;

#SQL[@943,N46]Error[46]
alter table test01 modify col1 int primary key;
no such table alter_table_modify_column.test01

#SQL[@944,N24]Error[46]
show create table test01;
no such table alter_table_modify_column.test01

#SQL[@946,N24]Result[23, 63]
show create table test01;
Table  ¦  Create Table
test01  ¦  CREATE TABLE `test01` (
  `col1` int DEFAULT NULL
)

#SQL[@947,N17]Result[]
drop table test01;

#SQL[@948,N17]Result[]
drop role role_r1;

#SQL[@949,N17]Result[]
drop user role_u1;

#SQL[@953,N26]Result[]
drop table if exists mix01;

#SQL[@954,N83]Result[]
create table mix01 (col1 int not null , col2 decimal, col3 date, col4 varchar(100));

#SQL[@955,N121]Result[]
insert into mix01 values (1, 23849234.324, '2100-01-01', 'qy83uhfbh234y78y&*%^&%$$$E%^&Y*UIJNHBGVFTY^&Y*UJHBGVTF^&*U(OK');

#SQL[@956,N117]Result[]
insert into mix01 values (2, 773892.32748000000000, '1997-01-13', '38782yhbf3uhy4iendb32gefdc7y834uh2neujdr2h4f3v43');

#SQL[@957,N56]Result[]
insert into mix01 values (3, -82913942.3434, null, null);

#SQL[@958,N19]Result[34, 98, 83, 36]
select * from mix01;
col1  ¦  col2  ¦  col3  ¦  col4
1  ¦  23849234  ¦  2100-01-01  ¦  qy83uhfbh234y78y&*%^&%$$$E%^&Y*UIJNHBGVFTY^&Y*UJHBGVTF^&*U(OK
2  ¦  773892  ¦  1997-01-13  ¦  38782yhbf3uhy4iendb32gefdc7y834uh2neujdr2h4f3v43
3  ¦  -82913942  ¦  null  ¦  null

#SQL[@959,N53]Result[]
alter table mix01 add column col1_2 binary after col1;

#SQL[@960,N23]Result[23, 193]
show create table mix01;
Table  ¦  Create Table
mix01  ¦  CREATE TABLE `mix01` (
  `col1` int NOT NULL,
  `col1_2` binary(1) DEFAULT NULL,
  `col2` decimal(38,0) DEFAULT NULL,
  `col3` date DEFAULT NULL,
  `col4` varchar(100) DEFAULT NULL
)

#SQL[@961,N147]Result[59, 32, 38, 37, 34, 37]
select table_name,COLUMN_NAME, data_type,is_nullable from information_schema.columns where table_name like 'mix01' and COLUMN_NAME not like '__mo%';
table_name  ¦  COLUMN_NAME  ¦  data_type  ¦  is_nullable
mix01  ¦  col1  ¦  INT  ¦  NO
mix01  ¦  col1_2  ¦  BINARY  ¦  YES
mix01  ¦  col2  ¦  DECIMAL  ¦  YES
mix01  ¦  col3  ¦  DATE  ¦  YES
mix01  ¦  col4  ¦  VARCHAR  ¦  YES

#SQL[@962,N58]Result[]
alter table mix01 modify column col1_2 varbinary(10) first;

#SQL[@963,N23]Result[23, 197]
show create table mix01;
Table  ¦  Create Table
mix01  ¦  CREATE TABLE `mix01` (
  `col1_2` varbinary(10) DEFAULT NULL,
  `col1` int NOT NULL,
  `col2` decimal(38,0) DEFAULT NULL,
  `col3` date DEFAULT NULL,
  `col4` varchar(100) DEFAULT NULL
)

#SQL[@964,N147]Result[59, 32, 41, 37, 34, 37]
select table_name,COLUMN_NAME, data_type,is_nullable from information_schema.columns where table_name like 'mix01' and COLUMN_NAME not like '__mo%';
table_name  ¦  COLUMN_NAME  ¦  data_type  ¦  is_nullable
mix01  ¦  col1  ¦  INT  ¦  NO
mix01  ¦  col1_2  ¦  VARBINARY  ¦  YES
mix01  ¦  col2  ¦  DECIMAL  ¦  YES
mix01  ¦  col3  ¦  DATE  ¦  YES
mix01  ¦  col4  ¦  VARCHAR  ¦  YES

#SQL[@965,N20]Result[]
truncate table mix01;

#SQL[@966,N37]Result[]
alter table mix01 add column col5 int;

#SQL[@967,N23]Result[23, 224]
show create table mix01;
Table  ¦  Create Table
mix01  ¦  CREATE TABLE `mix01` (
  `col1_2` varbinary(10) DEFAULT NULL,
  `col1` int NOT NULL,
  `col2` decimal(38,0) DEFAULT NULL,
  `col3` date DEFAULT NULL,
  `col4` varchar(100) DEFAULT NULL,
  `col5` int DEFAULT NULL
)

#SQL[@968,N147]Result[59, 32, 41, 37, 34, 37, 33]
select table_name,COLUMN_NAME, data_type,is_nullable from information_schema.columns where table_name like 'mix01' and COLUMN_NAME not like '__mo%';
table_name  ¦  COLUMN_NAME  ¦  data_type  ¦  is_nullable
mix01  ¦  col1  ¦  INT  ¦  NO
mix01  ¦  col1_2  ¦  VARBINARY  ¦  YES
mix01  ¦  col2  ¦  DECIMAL  ¦  YES
mix01  ¦  col3  ¦  DATE  ¦  YES
mix01  ¦  col4  ¦  VARCHAR  ¦  YES
mix01  ¦  col5  ¦  INT  ¦  YES

#SQL[@969,N16]Result[]
drop table mix01;

#SQL[@972,N28]Result[]
drop table if exists table01;

#SQL[@973,N5]Result[]
begin;

#SQL[@974,N44]Result[]
create table table01(col1 int, col2 decimal);

#SQL[@975,N35]Result[]
insert into table01 values(100,200);

#SQL[@976,N44]Result[]
alter table table01 modify column col1 float;

#SQL[@977,N6]Result[]
commit;

#SQL[@978,N21]Result[14, 12]
select * from table01;
col1  ¦  col2
100  ¦  200

#SQL[@979,N24]Result[4, 3]
select col1 from table01;
col1
100

#SQL[@980,N18]Result[]
drop table table01;

#SQL[@983,N23]Result[]
drop table if exists t1;

#SQL[@984,N54]Result[]
create table t1 (a int,b enum('abc','def','database'));

#SQL[@985,N32]Result[]
insert into t1 values (1, 'abc');

#SQL[@986,N37]Result[]
insert into t1 values (2, 'database');

#SQL[@987,N16]Result[8, 10, 15]
select * from t1;
a  ¦  b
1  ¦  abc
2  ¦  database

#SQL[@988,N65]Result[]
alter table t1 modify column b enum('abc','def','database') first;

#SQL[@989,N20]Result[23, 101]
show create table t1;
Table  ¦  Create Table
t1  ¦  CREATE TABLE `t1` (
  `b` enum('abc','def','database') DEFAULT NULL,
  `a` int DEFAULT NULL
)

#SQL[@990,N16]Result[8, 10, 15]
select * from t1;
b  ¦  a
abc  ¦  1
database  ¦  2

#SQL[@991,N13]Result[]
drop table t1;

#SQL[@994,N30]Result[]
DROP TABLE IF EXISTS president;

#SQL[@995,N99]Result[]
CREATE TABLE president (
    name VARCHAR(100) NOT NULL,
    nth INT NOT NULL,
    impeached BOOL
);

#SQL[@1000,N27]Result[23, 129]
show create table president;
Table  ¦  Create Table
president  ¦  CREATE TABLE `president` (
  `name` varchar(100) NOT NULL,
  `nth` int NOT NULL,
  `impeached` bool DEFAULT NULL
)

#SQL[@1002,N46]Result[]
ALTER TABLE president MODIFY impeached INTEGER;

#SQL[@1003,N27]Result[23, 128]
show create table president;
Table  ¦  Create Table
president  ¦  CREATE TABLE `president` (
  `name` varchar(100) NOT NULL,
  `nth` int NOT NULL,
  `impeached` int DEFAULT NULL
)

#SQL[@1004,N37]Error[73]
ALTER TABLE president MODIFY nth JSON;
not supported: currently unsupport change from original type INT to JSON 

#SQL[@1005,N27]Result[23, 128]
show create table president;
Table  ¦  Create Table
president  ¦  CREATE TABLE `president` (
  `name` varchar(100) NOT NULL,
  `nth` int NOT NULL,
  `impeached` int DEFAULT NULL
)

#SQL[@1006,N20]Result[]
DROP TABLE president;

#SQL[@1008,N18]Result[]
drop database test;

