#SQL[@2,N33]Result[]
drop table if exists ex_table_cpk;

#SQL[@3,N32]Result[]
drop table if exists cpk_table_1;

#SQL[@4,N35]Result[]
drop table if exists cpk_table_1_pk;

#SQL[@5,N32]Result[]
drop table if exists cpk_table_2;

#SQL[@6,N32]Result[]
drop table if exists cpk_table_3;

#SQL[@7,N35]Result[]
drop table if exists cpk_table_3_pk;

#SQL[@8,N32]Result[]
drop table if exists cpk_table_4;

#SQL[@9,N32]Result[]
drop table if exists cpk_table_5;

#SQL[@10,N32]Result[]
drop table if exists cpk_table_6;

#SQL[@11,N32]Result[]
drop table if exists cpk_table_7;

#SQL[@12,N32]Result[]
drop table if exists cpk_table_8;

#SQL[@13,N32]Result[]
drop table if exists cpk_table_9;

#SQL[@14,N33]Result[]
drop table if exists cpk_table_10;

#SQL[@15,N33]Result[]
drop table if exists cpk_table_11;

#SQL[@16,N33]Result[]
drop table if exists cpk_table_42;

#SQL[@17,N33]Result[]
drop table if exists cpk_table_43;

#SQL[@18,N442]Result[]
create external table ex_table_cpk(clo1 tinyint,clo2 smallint,clo3 int,clo4 bigint,clo5 tinyint unsigned,clo6 smallint unsigned,clo7 int unsigned,clo8 bigint unsigned,col9 float,col10 double,col11 varchar(255),col12 Date,col13 DateTime,col14 timestamp,col15 bool,col16 decimal(5,2),col17 text,col18 varchar(255),col19 varchar(255),col20 varchar(255))infile{"filepath"='$resources/external_table_file/cpk_table_1.csv'} fields terminated by ',';

#SQL[@21,N365]Result[]
create table cpk_table_1(col1 tinyint,col2 smallint,col3 int,col4 bigint,col5 tinyint unsigned,col6 smallint unsigned,col7 int unsigned,col8 bigint unsigned,col9 float,col10 double,col11 varchar(255),col12 Date,col13 DateTime,col14 timestamp,col15 bool,col16 decimal(5,2),col17 text,col18 varchar(255),col19 varchar(255),col20 varchar(255),primary key(col3, col18));

#SQL[@22,N50]Result[]
insert into cpk_table_1 select * from ex_table_cpk;

#SQL[@23,N34]Result[15, 14, 14, 25, 58]
select col3,col18 from cpk_table_1;
col3  ¦  col18
1  ¦  message
3  ¦  message
5  ¦  OPQR.STU-_+=VWXYZa
3  ¦  L/MN?OPQR.STU-_+=VWXYZabcdefghigklmnopqrstuvwxyz012

#SQL[@25,N50]Result[11, 37]
insert into cpk_table_1 select * from ex_table_cpk;
Regex Check
Duplicate entry '(.*)' for key '(.*)'

#SQL[@29,N371]Result[]
create  table  cpk_table_2(col1 tinyint,col2 smallint,col3 int,col4 bigint,col5 tinyint unsigned,col6 smallint unsigned,col7 int unsigned,col8 bigint unsigned,col9 float,col10 double,col11 varchar(255),col12 Date,col13 DateTime,col14 timestamp,col15 bool,col16 decimal(5,2),col17 text,col18 varchar(255),col19 varchar(255),col20 varchar(255),primary key(col1,col12,col3));

#SQL[@30,N50]Result[]
insert into cpk_table_2 select * from ex_table_cpk;

#SQL[@31,N39]Result[25, 24, 24, 24, 24]
select col1,col12,col3 from cpk_table_2;
col1  ¦  col12  ¦  col3
1  ¦  2020-04-30  ¦  1
2  ¦  2020-02-22  ¦  3
3  ¦  2020-02-16  ¦  5
3  ¦  2020-05-08  ¦  3

#SQL[@33,N50]Result[11, 77]
insert into cpk_table_2 select * from ex_table_cpk;
Regex Check
Duplicate entry ('\(\d\,\d{4}-\d{2}-\d{2}\,\d\)'|'\w{10,100}') for key '(.*)'

#SQL[@37,N377]Result[]
create  table  cpk_table_3(col1 tinyint,col2 smallint,col3 int,col4 bigint,col5 tinyint unsigned,col6 smallint unsigned,col7 int unsigned,col8 bigint unsigned,col9 float,col10 double,col11 varchar(255),col12 Date,col13 DateTime,col14 timestamp,col15 bool,col16 decimal(5,2),col17 text,col18 varchar(255),col19 varchar(255),col20 varchar(255),primary key(col2,col9,col14,col20));

#SQL[@38,N50]Result[]
insert into cpk_table_3 select * from ex_table_cpk;

#SQL[@39,N45]Result[36, 73, 60, 59, 56]
select col2,col9,col14,col20 from cpk_table_3;
col2  ¦  col9  ¦  col14  ¦  col20
11  ¦  3.4365  ¦  1975-09-09 15:59:59  ¦  comment balabalabalabalabala
20  ¦  7.2914  ¦  1985-01-12 15:59:59  ¦  aaaabbbbbbccccc
9  ¦  1.1559  ¦  2034-02-09 16:00:00  ¦  .STU-_+=VWXYZab
20  ¦  7.2914  ¦  1985-01-12 15:59:59  ¦  bbbbbbccccc

#SQL[@41,N380]Result[]
create  table  cpk_table_3_pk(col1 tinyint,col2 smallint,col3 int,col4 bigint,col5 tinyint unsigned,col6 smallint unsigned,col7 int unsigned,col8 bigint unsigned,col9 float,col10 double,col11 varchar(255),col12 Date,col13 DateTime,col14 timestamp,col15 bool,col16 decimal(5,2),col17 text,col18 varchar(255),col19 varchar(255),col20 varchar(255),primary key(col2,col9,col14,col19));

#SQL[@42,N53]Result[11, 37]
insert into cpk_table_3_pk select * from ex_table_cpk;
Regex Check
Duplicate entry '(.*)' for key '(.*)'

#SQL[@45,N382]Result[]
create  table  cpk_table_4(col1 tinyint,col2 smallint,col3 int,col4 bigint,col5 tinyint unsigned,col6 smallint unsigned,col7 int unsigned,col8 bigint unsigned,col9 float,col10 double,col11 varchar(255),col12 Date,col13 DateTime,col14 timestamp,col15 bool,col16 decimal(5,2),col17 text,col18 varchar(255),col19 varchar(255),col20 varchar(255),primary key(col4,col5,col13,col10,col6));

#SQL[@46,N50]Result[]
insert into cpk_table_4 select * from ex_table_cpk;

#SQL[@47,N51]Result[47, 57, 58, 58, 57]
select col4,col5,col13,col10,col16 from cpk_table_4;
col4  ¦  col5  ¦  col13  ¦  col10  ¦  col16
2  ¦  15  ¦  1998-08-07 00:00:00  ¦  5.559  ¦  602.53
4  ¦  21  ¦  1998-06-04 00:00:00  ¦  6.5836  ¦  878.09
20  ¦  1  ¦  1998-01-21 23:59:59  ¦  6.5635  ¦  439.95
7  ¦  1  ¦  1998-12-30 00:00:00  ¦  1.1732  ¦  428.14

#SQL[@49,N50]Result[11, 37]
insert into cpk_table_4 select * from ex_table_cpk;
Regex Check
Duplicate entry '(.*)' for key '(.*)'

#SQL[@52,N385]Result[]
create  table  cpk_table_5(col1 tinyint,col2 smallint,col3 int,col4 bigint,col5 tinyint unsigned,col6 smallint unsigned,col7 int unsigned,col8 bigint unsigned,col9 float,col10 double,col11 varchar(255),col12 Date,col13 DateTime,col14 timestamp,col15 bool,col16 decimal(5,2),col17 text,col18 char(255),col19 varchar(255),col20 varchar(255),primary key(col6,col7,col8,col18,col16,col19));

#SQL[@53,N50]Result[]
insert into cpk_table_5 select * from ex_table_cpk;

#SQL[@54,N56]Result[57, 60, 58, 84, 105]
select col6,col7,col8,col18,col16,col19 from cpk_table_5;
col6  ¦  col7  ¦  col8  ¦  col18  ¦  col16  ¦  col19
600  ¦  700  ¦  56  ¦  message  ¦  602.53  ¦  s@126.com
220  ¦  1  ¦  3  ¦  message  ¦  878.09  ¦  r@sina.com
500  ¦  2  ¦  4  ¦  OPQR.STU-_+=VWXYZa  ¦  439.95  ¦  U-_+=VWXYZabcdefghigklmno
700  ¦  600  ¦  20  ¦  L/MN?OPQR.STU-_+=VWXYZabcdefghigklmnopqrstuvwxyz012  ¦  428.14  ¦  r@sina.com

#SQL[@56,N50]Result[11, 37]
insert into cpk_table_5 select * from ex_table_cpk;
Regex Check
Duplicate entry '(.*)' for key '(.*)'

#SQL[@58,N29]Result[23, 761]
show create table cpk_table_5;
Table  ¦  Create Table
cpk_table_5  ¦  CREATE TABLE `cpk_table_5` (
  `col1` tinyint DEFAULT NULL,
  `col2` smallint DEFAULT NULL,
  `col3` int DEFAULT NULL,
  `col4` bigint DEFAULT NULL,
  `col5` tinyint unsigned DEFAULT NULL,
  `col6` smallint unsigned NOT NULL,
  `col7` int unsigned NOT NULL,
  `col8` bigint unsigned NOT NULL,
  `col9` float DEFAULT NULL,
  `col10` double DEFAULT NULL,
  `col11` varchar(255) DEFAULT NULL,
  `col12` date DEFAULT NULL,
  `col13` datetime DEFAULT NULL,
  `col14` timestamp NULL DEFAULT NULL,
  `col15` bool DEFAULT NULL,
  `col16` decimal(5,2) NOT NULL,
  `col17` text DEFAULT NULL,
  `col18` char(255) NOT NULL,
  `col19` varchar(255) NOT NULL,
  `col20` varchar(255) DEFAULT NULL,
  PRIMARY KEY (`col6`,`col7`,`col8`,`col18`,`col16`,`col19`)
)

#SQL[@61,N457]Result[]
create  table  cpk_table_6(col1 tinyint,col2 smallint,col3 int,col4 bigint,col5 tinyint unsigned,col6 smallint unsigned,col7 int unsigned,col8 bigint unsigned,col9 float,col10 double,col11 varchar(255),col12 Date,col13 DateTime,col14 timestamp,col15 bool,col16 decimal(5,2),col17 text,col18 char(255),col19 varchar(255),col20 varchar(255),primary key(col1,col2,col3,col4,col5,col6,col7,col8,col9,col10,col11,col12,col13,col14,col15,col16,col18,col19,col20));

#SQL[@62,N50]Result[]
insert into cpk_table_6 select * from ex_table_cpk;

#SQL[@63,N25]Result[205, 253, 239, 300, 313]
select * from cpk_table_6;
col1  ¦  col2  ¦  col3  ¦  col4  ¦  col5  ¦  col6  ¦  col7  ¦  col8  ¦  col9  ¦  col10  ¦  col11  ¦  col12  ¦  col13  ¦  col14  ¦  col15  ¦  col16  ¦  col17  ¦  col18  ¦  col19  ¦  col20
1  ¦  11  ¦  1  ¦  2  ¦  15  ¦  600  ¦  700  ¦  56  ¦  3.4365  ¦  5.559  ¦  math  ¦  2020-04-30  ¦  1998-08-07 00:00:00  ¦  1975-09-09 15:59:59  ¦  true  ¦  602.53  ¦  abcdefg  ¦  message  ¦  s@126.com  ¦  comment balabalabalabalabala
2  ¦  20  ¦  3  ¦  4  ¦  21  ¦  220  ¦  1  ¦  3  ¦  7.2914  ¦  6.5836  ¦  art  ¦  2020-02-22  ¦  1998-06-04 00:00:00  ¦  1985-01-12 15:59:59  ¦  false  ¦  878.09  ¦  abcdefg  ¦  message  ¦  r@sina.com  ¦  aaaabbbbbbccccc
3  ¦  9  ¦  5  ¦  20  ¦  1  ¦  500  ¦  2  ¦  4  ¦  1.1559  ¦  6.5635  ¦  english  ¦  2020-02-16  ¦  1998-01-21 23:59:59  ¦  2034-02-09 16:00:00  ¦  true  ¦  439.95  ¦  EF,GHI,G;KL/MN?OPQR.STU-_+=VWXYZabcdefgh  ¦  OPQR.STU-_+=VWXYZa  ¦  U-_+=VWXYZabcdefghigklmno  ¦  .STU-_+=VWXYZab
3  ¦  20  ¦  3  ¦  7  ¦  1  ¦  700  ¦  600  ¦  20  ¦  7.2914  ¦  1.1732  ¦  science  ¦  2020-05-08  ¦  1998-12-30 00:00:00  ¦  1985-01-12 15:59:59  ¦  false  ¦  428.14  ¦  U-_+=VWXYZabcdefghigklmnopqrstuvwxy  ¦  L/MN?OPQR.STU-_+=VWXYZabcdefghigklmnopqrstuvwxyz012  ¦  r@sina.com  ¦  bbbbbbccccc

#SQL[@65,N50]Result[11, 37]
insert into cpk_table_6 select * from ex_table_cpk;
Regex Check
Duplicate entry '(.*)' for key '(.*)'

#SQL[@68,N67]Error[48]
create table cpk_table_7(a int,b float,c char(20),primary key(a,d));
invalid input: column 'd' doesn't exist in table

#SQL[@69,N67]Error[48]
create table cpk_table_8(a int,b float,c char(20),primary key(e,f));
invalid input: column 'e' doesn't exist in table

#SQL[@72,N119]Result[]
create table cpk_table_9(col1 int,col2 varchar(255),col3 timestamp, col4 double,col5 date,primary key(col1, col2,col5));

#SQL[@73,N78]Result[]
insert into cpk_table_9 values (3,'','2019-02-10 00:00:00',78.90,'2001-07-10');

#SQL[@74,N77]Error[50]
insert into cpk_table_9 values (4,'beijing','2019-02-10 00:00:00',78.90,NULL);
constraint violation: Column 'col5' cannot be null

#SQL[@77,N75]Error[50]
insert into cpk_table_9 values (NULL,NULL,'2019-02-10 00:00:00',78.90,NULL);
constraint violation: Column 'col1' cannot be null

#SQL[@80,N376]Error[58]
create table cpk_table_10(col1 tinyint,col2 smallint,col3 int,col4 bigint,col5 tinyint unsigned,col6 smallint unsigned,col7 int unsigned,col8 bigint unsigned,col9 float,col10 double,col11 varchar(255),col12 Date,col13 DateTime,col14 timestamp,col15 bool,col16 decimal(5,2),col17 text,col18 varchar(255),col19 varchar(255),col20 varchar(255),primary key(col3,col11,col12,col3));
invalid input: duplicate column name 'col3' in primary key

#SQL[@81,N80]Error[52]
create table cpk_table_10(col1 int,col2 text,col3 double,primary key(col1,col2));
not supported: TEXT column 'col2' cannot be in index

#SQL[@83,N366]Result[]
create table cpk_table_11(clo1 tinyint,clo2 smallint,clo3 int,clo4 bigint,clo5 tinyint unsigned,clo6 smallint unsigned,clo7 int unsigned,clo8 bigint unsigned,col9 float,col10 double,col11 varchar(255),col12 Date,col13 DateTime,col14 timestamp,col15 bool,col16 decimal(5,2),col17 text,col18 varchar(255),col19 varchar(255),col20 varchar(255),primary key(clo3, col19));

#SQL[@84,N134]Result[]
load data infile '$resources/external_table_file/ex_table_sep_1.csv' into table cpk_table_11 fields terminated by '|' enclosed by '\"';

#SQL[@87,N341]Result[]
create table cpk_table_42(clo1 tinyint,clo2 smallint,clo3 int,clo4 bigint,clo5 tinyint unsigned,clo6 smallint unsigned,clo7 int unsigned,clo8 bigint unsigned,col9 float,col10 double,col11 varchar(255),col12 Date,col13 DateTime,col14 timestamp,col15 bool,col16 decimal(5,2),col17 text,col18 varchar(255),col19 varchar(255),col20 varchar(255));

#SQL[@88,N52]Result[]
insert into cpk_table_42  select * from ex_table_cpk;

#SQL[@89,N372]Result[]
create table cpk_table_43(clo1 tinyint,clo2 smallint,clo3 int,clo4 bigint,clo5 tinyint unsigned,clo6 smallint unsigned,clo7 int unsigned,clo8 bigint unsigned,col9 float,col10 double,col11 varchar(255),col12 Date,col13 DateTime,col14 timestamp,col15 bool,col16 decimal(5,2),col17 text,col18 varchar(255),col19 varchar(255),col20 varchar(255),primary key(clo4, col14,col20));

#SQL[@90,N51]Result[]
insert into cpk_table_43 select * from cpk_table_42;

#SQL[@91,N42]Result[26, 60, 47, 48, 43]
select clo4, col14,col20 from cpk_table_43;
clo4  ¦  col14  ¦  col20
2  ¦  1975-09-09 15:59:59  ¦  comment balabalabalabalabala
4  ¦  1985-01-12 15:59:59  ¦  aaaabbbbbbccccc
20  ¦  2034-02-09 16:00:00  ¦  .STU-_+=VWXYZab
7  ¦  1985-01-12 15:59:59  ¦  bbbbbbccccc

#SQL[@93,N200]Result[]
insert into cpk_table_43 values(8,11,1,9,15,600,700,56,3.4365,5.5590,"math","2020-04-30","1999-08-07 00:00:00","1975-09-09 23:59:59",true,602.53,"abcdefg","message","s@126.com","balabalabalabalabala");

#SQL[@94,N42]Result[26, 60, 47, 48, 43, 52]
select clo4, col14,col20 from cpk_table_43;
clo4  ¦  col14  ¦  col20
2  ¦  1975-09-09 15:59:59  ¦  comment balabalabalabalabala
4  ¦  1985-01-12 15:59:59  ¦  aaaabbbbbbccccc
20  ¦  2034-02-09 16:00:00  ¦  .STU-_+=VWXYZab
7  ¦  1985-01-12 15:59:59  ¦  bbbbbbccccc
9  ¦  1975-09-09 23:59:59  ¦  balabalabalabalabala

#SQL[@96,N51]Result[]
insert into cpk_table_42 select * from cpk_table_43;

#SQL[@97,N42]Result[26, 60, 47, 48, 43, 52]
select clo4, col14,col20 from cpk_table_43;
clo4  ¦  col14  ¦  col20
2  ¦  1975-09-09 15:59:59  ¦  comment balabalabalabalabala
4  ¦  1985-01-12 15:59:59  ¦  aaaabbbbbbccccc
20  ¦  2034-02-09 16:00:00  ¦  .STU-_+=VWXYZab
7  ¦  1985-01-12 15:59:59  ¦  bbbbbbccccc
9  ¦  1975-09-09 23:59:59  ¦  balabalabalabalabala

#SQL[@100,N36]Result[]
drop table if exists rawlog_withnull;

#SQL[@101,N642]Result[]
CREATE external TABLE rawlog_withnull (
`raw_item` VARCHAR(1024),
`node_uuid` VARCHAR(36),
`node_type` VARCHAR(64),
`span_id` VARCHAR(16),
`statement_id` VARCHAR(36),
`logger_name` VARCHAR(1024),
`timestamp` DATETIME,
`level` VARCHAR(1024),
`caller` VARCHAR(1024),
`message` TEXT,
`extra` JSON,
`err_code` VARCHAR(1024),
`error` TEXT,
`stack` VARCHAR(4096),
`span_name` VARCHAR(1024),
`parent_span_id` VARCHAR(16),
`start_time` DATETIME,
`end_time` DATETIME,
`duration` BIGINT UNSIGNED,
`resource` JSON)
infile{"filepath"='$resources/external_table_file/rawlog_withnull.csv'} fields terminated by ',' enclosed by '\"' lines terminated by '\n';

#SQL[@123,N118]Result[101, 106]
select raw_item,node_uuid,node_type,span_id,statement_id,logger_name,timestamp from rawlog_withnull order by 1 limit 1;
raw_item  ¦  node_uuid  ¦  node_type  ¦  span_id  ¦  statement_id  ¦  logger_name  ¦  timestamp
error_info  ¦  7c4dccb4-4d3c-41f8-b482-5251dc7a41bf  ¦  ALL  ¦  0  ¦  0  ¦    ¦  2022-11-01 11:11:24

#SQL[@124,N36]Result[]
drop table if exists rawlog_withnull;

#SQL[@126,N25]Result[]
drop table if exists test;

#SQL[@127,N165]Result[]
CREATE TABLE test (
    account_id BIGINT UNSIGNED NOT NULL,
    task_id UUID NOT NULL,
    task_name VARCHAR(1000) NOT NULL,
    PRIMARY KEY (account_id, task_id)
);

#SQL[@133,N73]Result[]
insert into test values(3,"019126ce-64a8-78cf-1234-be2626281abd","task3");

#SQL[@134,N73]Result[]
insert into test values(3,"019126ce-64a8-78cf-5678-be2626281abd","task4");

#SQL[@135,N73]Error[89]
insert into test values(3,"019126ce-64a8-78cf-5678-be2626281abd","task4");
Duplicate entry '(3,019126ce-64a8-78cf-5678-be2626281abd)' for key '(account_id,task_id)'

