#SQL[@1,N28]Result[]
drop database if exists tpcc;

#SQL[@2,N20]Result[]
create database tpcc;

#SQL[@3,N8]Result[]
use tpcc;

#SQL[@4,N341]Result[]
create table bmsql_oorder (
  o_w_id       integer      not null,
  o_d_id       integer      not null,
  o_id         integer      not null,
  o_c_id       integer,
  o_carrier_id integer,
  o_ol_cnt     integer,
  o_all_local  integer,
  o_entry_d    timestamp,
  primary key (o_w_id, o_d_id, o_id)
) PARTITION BY KEY(o_w_id) PARTITIONS 10;

#SQL[@16,N86]Result[]
INSERT INTO `bmsql_oorder` VALUES (5, 10, 2101, 2797, 2, 10, 1, '2024-05-22 11:55:57');

#SQL[@17,N84]Result[]
INSERT INTO `bmsql_oorder` VALUES (9, 6, 2106, 2106, 3, 5, 1, '2024-05-22 11:55:50');

#SQL[@18,N85]Result[]
INSERT INTO `bmsql_oorder` VALUES (1, 5, 2107, 2007, 4, 14, 1, '2024-05-22 11:55:48');

#SQL[@19,N86]Result[]
INSERT INTO `bmsql_oorder` VALUES (3, 10, 2116, 2116, 1, 10, 1, '2024-05-22 11:55:57');

#SQL[@20,N84]Result[]
INSERT INTO `bmsql_oorder` VALUES (4, 9, 2113, 1644, 4, 8, 1, '2024-05-22 11:55:53');

#SQL[@21,N85]Result[]
INSERT INTO `bmsql_oorder` VALUES (5, 9, 2113, 1206, 3, 13, 1, '2024-05-22 11:55:55');

#SQL[@22,N86]Result[]
INSERT INTO `bmsql_oorder` VALUES (3, 6, 2115, 816, NULL, 6, 1, '2024-05-22 11:55:48');

#SQL[@23,N87]Result[]
INSERT INTO `bmsql_oorder` VALUES (6, 10, 2116, 541, NULL, 8, 1, '2024-05-22 11:55:56');

#SQL[@24,N89]Result[]
INSERT INTO `bmsql_oorder` VALUES (6, 10, 2143, 2244, NULL, 12, 1, '2024-05-22 11:55:56');

#SQL[@25,N86]Result[]
INSERT INTO `bmsql_oorder` VALUES (2, 9, 2448, 627, NULL, 6, 1, '2024-05-22 11:55:56');

#SQL[@26,N88]Result[]
INSERT INTO `bmsql_oorder` VALUES (2, 9, 2471, 1137, NULL, 12, 1, '2024-05-22 11:55:56');

#SQL[@27,N84]Result[]
INSERT INTO `bmsql_oorder` VALUES (6, 1, 236, 2381, 7, 12, 1, '2024-05-22 11:55:38');

#SQL[@28,N83]Result[]
INSERT INTO `bmsql_oorder` VALUES (6, 1, 244, 2886, 4, 6, 1, '2024-05-22 11:55:38');

#SQL[@29,N82]Result[]
INSERT INTO `bmsql_oorder` VALUES (8, 5, 28, 2930, 5, 9, 1, '2024-05-22 11:55:47');

#SQL[@30,N83]Result[]
INSERT INTO `bmsql_oorder` VALUES (8, 5, 46, 1638, 1, 14, 1, '2024-05-22 11:55:47');

#SQL[@31,N86]Result[]
INSERT INTO `bmsql_oorder` VALUES (9, 4, 2816, 962, NULL, 7, 1, '2024-05-22 11:55:46');

#SQL[@32,N84]Result[]
INSERT INTO `bmsql_oorder` VALUES (1, 7, 1890, 1890, 3, 9, 1, '2024-05-22 11:55:51');

#SQL[@33,N84]Result[]
INSERT INTO `bmsql_oorder` VALUES (1, 9, 946, 946, 10, 15, 1, '2024-05-22 11:55:55');

#SQL[@34,N82]Result[]
INSERT INTO `bmsql_oorder` VALUES (1, 9, 950, 343, 2, 5, 1, '2024-05-22 11:55:55');

#SQL[@35,N83]Result[]
INSERT INTO `bmsql_oorder` VALUES (1, 9, 1005, 534, 2, 9, 1, '2024-05-22 11:55:55');

#SQL[@36,N84]Result[]
INSERT INTO `bmsql_oorder` VALUES (6, 9, 1321, 1272, 2, 8, 1, '2024-05-22 11:55:54');

#SQL[@37,N83]Result[]
INSERT INTO `bmsql_oorder` VALUES (6, 9, 1347, 775, 6, 9, 1, '2024-05-22 11:55:54');

#SQL[@38,N84]Result[]
INSERT INTO `bmsql_oorder` VALUES (4, 7, 1660, 2257, 5, 7, 1, '2024-05-22 11:55:49');

#SQL[@39,N84]Result[]
INSERT INTO `bmsql_oorder` VALUES (4, 7, 1672, 648, 5, 10, 1, '2024-05-22 11:55:49');

#SQL[@40,N85]Result[]
INSERT INTO `bmsql_oorder` VALUES (4, 7, 1766, 2804, 10, 9, 1, '2024-05-22 11:55:50');

#SQL[@41,N84]Result[]
INSERT INTO `bmsql_oorder` VALUES (5, 1, 1725, 2544, 9, 5, 1, '2024-05-22 11:55:38');

#SQL[@42,N84]Result[]
INSERT INTO `bmsql_oorder` VALUES (5, 1, 1842, 2982, 6, 5, 1, '2024-05-22 11:55:38');

#SQL[@43,N85]Result[]
INSERT INTO `bmsql_oorder` VALUES (9, 2, 1192, 1410, 10, 7, 1, '2024-05-22 11:55:41');

#SQL[@44,N84]Result[]
INSERT INTO `bmsql_oorder` VALUES (9, 2, 1199, 1199, 6, 7, 1, '2024-05-22 11:55:41');

#SQL[@45,N84]Result[]
INSERT INTO `bmsql_oorder` VALUES (3, 4, 1975, 731, 5, 14, 1, '2024-05-22 11:55:44');

#SQL[@46,N84]Result[]
INSERT INTO `bmsql_oorder` VALUES (3, 4, 2013, 120, 3, 12, 1, '2024-05-22 11:55:44');

#SQL[@47,N84]Result[]
INSERT INTO `bmsql_oorder` VALUES (6, 4, 1786, 1786, 9, 8, 1, '2024-05-22 11:55:45');

#SQL[@48,N87]Result[]
INSERT INTO `bmsql_oorder` VALUES (2, 2, 2610, 1049, NULL, 5, 1, '2024-05-22 11:55:41');

#SQL[@49,N85]Result[]
INSERT INTO `bmsql_oorder` VALUES (10, 5, 525, 1264, 9, 15, 1, '2024-05-22 11:55:46');

#SQL[@50,N87]Result[]
INSERT INTO `bmsql_oorder` VALUES (6, 7, 2147, 197, NULL, 14, 1, '2024-05-22 11:55:50');

#SQL[@51,N85]Result[]
INSERT INTO `bmsql_oorder` VALUES (6, 1, 2024, 1245, 9, 13, 1, '2024-05-22 11:55:39');

#SQL[@52,N84]Result[]
INSERT INTO `bmsql_oorder` VALUES (3, 2, 813, 1577, 8, 13, 1, '2024-05-22 11:55:40');

#SQL[@53,N85]Result[]
INSERT INTO `bmsql_oorder` VALUES (9, 8, 1438, 2048, 7, 10, 1, '2024-05-22 11:55:54');

#SQL[@54,N85]Result[]
INSERT INTO `bmsql_oorder` VALUES (10, 5, 387, 2815, 7, 13, 1, '2024-05-22 11:55:46');

#SQL[@55,N88]Result[]
INSERT INTO `bmsql_oorder` VALUES (6, 1, 2130, 1606, NULL, 11, 1, '2024-05-22 11:55:39');

#SQL[@56,N88]Result[]
INSERT INTO `bmsql_oorder` VALUES (9, 6, 2502, 1968, NULL, 13, 1, '2024-05-22 11:55:50');

#SQL[@57,N87]Result[]
INSERT INTO `bmsql_oorder` VALUES (9, 6, 2366, 1902, NULL, 5, 1, '2024-05-22 11:55:50');

#SQL[@58,N87]Result[]
INSERT INTO `bmsql_oorder` VALUES (9, 6, 2297, 565, NULL, 10, 1, '2024-05-22 11:55:50');

#SQL[@59,N87]Result[]
INSERT INTO `bmsql_oorder` VALUES (9, 6, 2309, 2309, NULL, 8, 1, '2024-05-22 11:55:50');

#SQL[@60,N85]Result[]
INSERT INTO `bmsql_oorder` VALUES (2, 6, 1641, 1375, 3, 12, 1, '2024-05-22 11:55:49');

#SQL[@61,N90]Result[]
INSERT INTO `bmsql_oorder` VALUES (10, 10, 2977, 1049, NULL, 13, 1, '2024-05-22 11:55:56');

#SQL[@62,N90]Result[]
INSERT INTO `bmsql_oorder` VALUES (10, 10, 2344, 1590, NULL, 11, 1, '2024-05-22 11:55:56');

#SQL[@64,N56]Result[104, 75, 74, 74, 72, 73, 77, 75, 76, 78, 74, 74, 74, 76, 76, 74, 74, 75, 74, 74, 74, 75, 76, 74, 73, 75, 78, 74, 77, 74, 73, 77, 79, 72, 73, 75, 74, 76, 74, 77, 77, 77, 78, 75, 75, 75, 80, 80]
select * from bmsql_oorder order by o_w_id, o_d_id, o_id;
o_w_id  ¦  o_d_id  ¦  o_id  ¦  o_c_id  ¦  o_carrier_id  ¦  o_ol_cnt  ¦  o_all_local  ¦  o_entry_d
1  ¦  5  ¦  2107  ¦  2007  ¦  4  ¦  14  ¦  1  ¦  2024-05-22 11:55:48
1  ¦  7  ¦  1890  ¦  1890  ¦  3  ¦  9  ¦  1  ¦  2024-05-22 11:55:51
1  ¦  9  ¦  946  ¦  946  ¦  10  ¦  15  ¦  1  ¦  2024-05-22 11:55:55
1  ¦  9  ¦  950  ¦  343  ¦  2  ¦  5  ¦  1  ¦  2024-05-22 11:55:55
1  ¦  9  ¦  1005  ¦  534  ¦  2  ¦  9  ¦  1  ¦  2024-05-22 11:55:55
2  ¦  2  ¦  2610  ¦  1049  ¦  null  ¦  5  ¦  1  ¦  2024-05-22 11:55:41
2  ¦  6  ¦  1641  ¦  1375  ¦  3  ¦  12  ¦  1  ¦  2024-05-22 11:55:49
2  ¦  9  ¦  2448  ¦  627  ¦  null  ¦  6  ¦  1  ¦  2024-05-22 11:55:56
2  ¦  9  ¦  2471  ¦  1137  ¦  null  ¦  12  ¦  1  ¦  2024-05-22 11:55:56
3  ¦  2  ¦  813  ¦  1577  ¦  8  ¦  13  ¦  1  ¦  2024-05-22 11:55:40
3  ¦  4  ¦  1975  ¦  731  ¦  5  ¦  14  ¦  1  ¦  2024-05-22 11:55:44
3  ¦  4  ¦  2013  ¦  120  ¦  3  ¦  12  ¦  1  ¦  2024-05-22 11:55:44
3  ¦  6  ¦  2115  ¦  816  ¦  null  ¦  6  ¦  1  ¦  2024-05-22 11:55:48
3  ¦  10  ¦  2116  ¦  2116  ¦  1  ¦  10  ¦  1  ¦  2024-05-22 11:55:57
4  ¦  7  ¦  1660  ¦  2257  ¦  5  ¦  7  ¦  1  ¦  2024-05-22 11:55:49
4  ¦  7  ¦  1672  ¦  648  ¦  5  ¦  10  ¦  1  ¦  2024-05-22 11:55:49
4  ¦  7  ¦  1766  ¦  2804  ¦  10  ¦  9  ¦  1  ¦  2024-05-22 11:55:50
4  ¦  9  ¦  2113  ¦  1644  ¦  4  ¦  8  ¦  1  ¦  2024-05-22 11:55:53
5  ¦  1  ¦  1725  ¦  2544  ¦  9  ¦  5  ¦  1  ¦  2024-05-22 11:55:38
5  ¦  1  ¦  1842  ¦  2982  ¦  6  ¦  5  ¦  1  ¦  2024-05-22 11:55:38
5  ¦  9  ¦  2113  ¦  1206  ¦  3  ¦  13  ¦  1  ¦  2024-05-22 11:55:55
5  ¦  10  ¦  2101  ¦  2797  ¦  2  ¦  10  ¦  1  ¦  2024-05-22 11:55:57
6  ¦  1  ¦  236  ¦  2381  ¦  7  ¦  12  ¦  1  ¦  2024-05-22 11:55:38
6  ¦  1  ¦  244  ¦  2886  ¦  4  ¦  6  ¦  1  ¦  2024-05-22 11:55:38
6  ¦  1  ¦  2024  ¦  1245  ¦  9  ¦  13  ¦  1  ¦  2024-05-22 11:55:39
6  ¦  1  ¦  2130  ¦  1606  ¦  null  ¦  11  ¦  1  ¦  2024-05-22 11:55:39
6  ¦  4  ¦  1786  ¦  1786  ¦  9  ¦  8  ¦  1  ¦  2024-05-22 11:55:45
6  ¦  7  ¦  2147  ¦  197  ¦  null  ¦  14  ¦  1  ¦  2024-05-22 11:55:50
6  ¦  9  ¦  1321  ¦  1272  ¦  2  ¦  8  ¦  1  ¦  2024-05-22 11:55:54
6  ¦  9  ¦  1347  ¦  775  ¦  6  ¦  9  ¦  1  ¦  2024-05-22 11:55:54
6  ¦  10  ¦  2116  ¦  541  ¦  null  ¦  8  ¦  1  ¦  2024-05-22 11:55:56
6  ¦  10  ¦  2143  ¦  2244  ¦  null  ¦  12  ¦  1  ¦  2024-05-22 11:55:56
8  ¦  5  ¦  28  ¦  2930  ¦  5  ¦  9  ¦  1  ¦  2024-05-22 11:55:47
8  ¦  5  ¦  46  ¦  1638  ¦  1  ¦  14  ¦  1  ¦  2024-05-22 11:55:47
9  ¦  2  ¦  1192  ¦  1410  ¦  10  ¦  7  ¦  1  ¦  2024-05-22 11:55:41
9  ¦  2  ¦  1199  ¦  1199  ¦  6  ¦  7  ¦  1  ¦  2024-05-22 11:55:41
9  ¦  4  ¦  2816  ¦  962  ¦  null  ¦  7  ¦  1  ¦  2024-05-22 11:55:46
9  ¦  6  ¦  2106  ¦  2106  ¦  3  ¦  5  ¦  1  ¦  2024-05-22 11:55:50
9  ¦  6  ¦  2297  ¦  565  ¦  null  ¦  10  ¦  1  ¦  2024-05-22 11:55:50
9  ¦  6  ¦  2309  ¦  2309  ¦  null  ¦  8  ¦  1  ¦  2024-05-22 11:55:50
9  ¦  6  ¦  2366  ¦  1902  ¦  null  ¦  5  ¦  1  ¦  2024-05-22 11:55:50
9  ¦  6  ¦  2502  ¦  1968  ¦  null  ¦  13  ¦  1  ¦  2024-05-22 11:55:50
9  ¦  8  ¦  1438  ¦  2048  ¦  7  ¦  10  ¦  1  ¦  2024-05-22 11:55:54
10  ¦  5  ¦  387  ¦  2815  ¦  7  ¦  13  ¦  1  ¦  2024-05-22 11:55:46
10  ¦  5  ¦  525  ¦  1264  ¦  9  ¦  15  ¦  1  ¦  2024-05-22 11:55:46
10  ¦  10  ¦  2344  ¦  1590  ¦  null  ¦  11  ¦  1  ¦  2024-05-22 11:55:56
10  ¦  10  ¦  2977  ¦  1049  ¦  null  ¦  13  ¦  1  ¦  2024-05-22 11:55:56

#SQL[@68,N8]Result[]
use tpcc;

#SQL[@69,N148]Result[]
prepare __mo_stmt_id_4 from 'INSERT INTO bmsql_oorder (o_id, o_d_id, o_w_id, o_c_id, o_entry_d, o_ol_cnt, o_all_local) VALUES (?, ?, ?, ?, ?, ?, ?)';

#SQL[@70,N227]Result[]
prepare __mo_stmt_id_22 from 'SELECT o_id, o_entry_d, o_carrier_id FROM bmsql_oorder WHERE o_w_id = ? AND o_d_id = ? AND o_c_id = ? AND o_id = (SELECT max(o_id) FROM bmsql_oorder WHERE o_w_id = ? AND o_d_id = ? AND o_c_id = ?)';

#SQL[@71,N107]Result[]
prepare __mo_stmt_id_27 from 'SELECT o_c_id FROM bmsql_oorder WHERE o_w_id = ? AND o_d_id = ? AND o_id = ?';

#SQL[@72,N116]Result[]
prepare __mo_stmt_id_28 from 'UPDATE bmsql_oorder SET o_carrier_id = ? WHERE o_w_id = ? AND o_d_id = ? AND o_id = ?';

#SQL[@74,N21]Result[]
SET @o_carrier_id = 7;

#SQL[@75,N15]Result[]
SET @o_w_id = 2;

#SQL[@76,N15]Result[]
SET @o_d_id = 7;

#SQL[@77,N16]Result[]
SET @o_id = 2105;

#SQL[@78,N68]Result[]
EXECUTE __mo_stmt_id_28 USING @o_carrier_id, @o_w_id, @o_d_id, @o_id;

#SQL[@80,N21]Result[]
SET @o_carrier_id = 2;

#SQL[@81,N15]Result[]
SET @o_w_id = 5;

#SQL[@82,N16]Result[]
SET @o_d_id = 10;

#SQL[@83,N16]Result[]
SET @o_id = 2101;

#SQL[@84,N68]Result[]
EXECUTE __mo_stmt_id_28 USING @o_carrier_id, @o_w_id, @o_d_id, @o_id;

#SQL[@85,N5]Result[]
begin;

#SQL[@86,N56]Result[104, 75, 74, 74, 72, 73, 77, 75, 76, 78, 74, 74, 74, 76, 76, 74, 74, 75, 74, 74, 74, 75, 76, 74, 73, 75, 78, 74, 77, 74, 73, 77, 79, 72, 73, 75, 74, 76, 74, 77, 77, 77, 78, 75, 75, 75, 80, 80]
select * from bmsql_oorder order by o_w_id, o_d_id, o_id;
o_w_id  ¦  o_d_id  ¦  o_id  ¦  o_c_id  ¦  o_carrier_id  ¦  o_ol_cnt  ¦  o_all_local  ¦  o_entry_d
1  ¦  5  ¦  2107  ¦  2007  ¦  4  ¦  14  ¦  1  ¦  2024-05-22 11:55:48
1  ¦  7  ¦  1890  ¦  1890  ¦  3  ¦  9  ¦  1  ¦  2024-05-22 11:55:51
1  ¦  9  ¦  946  ¦  946  ¦  10  ¦  15  ¦  1  ¦  2024-05-22 11:55:55
1  ¦  9  ¦  950  ¦  343  ¦  2  ¦  5  ¦  1  ¦  2024-05-22 11:55:55
1  ¦  9  ¦  1005  ¦  534  ¦  2  ¦  9  ¦  1  ¦  2024-05-22 11:55:55
2  ¦  2  ¦  2610  ¦  1049  ¦  null  ¦  5  ¦  1  ¦  2024-05-22 11:55:41
2  ¦  6  ¦  1641  ¦  1375  ¦  3  ¦  12  ¦  1  ¦  2024-05-22 11:55:49
2  ¦  9  ¦  2448  ¦  627  ¦  null  ¦  6  ¦  1  ¦  2024-05-22 11:55:56
2  ¦  9  ¦  2471  ¦  1137  ¦  null  ¦  12  ¦  1  ¦  2024-05-22 11:55:56
3  ¦  2  ¦  813  ¦  1577  ¦  8  ¦  13  ¦  1  ¦  2024-05-22 11:55:40
3  ¦  4  ¦  1975  ¦  731  ¦  5  ¦  14  ¦  1  ¦  2024-05-22 11:55:44
3  ¦  4  ¦  2013  ¦  120  ¦  3  ¦  12  ¦  1  ¦  2024-05-22 11:55:44
3  ¦  6  ¦  2115  ¦  816  ¦  null  ¦  6  ¦  1  ¦  2024-05-22 11:55:48
3  ¦  10  ¦  2116  ¦  2116  ¦  1  ¦  10  ¦  1  ¦  2024-05-22 11:55:57
4  ¦  7  ¦  1660  ¦  2257  ¦  5  ¦  7  ¦  1  ¦  2024-05-22 11:55:49
4  ¦  7  ¦  1672  ¦  648  ¦  5  ¦  10  ¦  1  ¦  2024-05-22 11:55:49
4  ¦  7  ¦  1766  ¦  2804  ¦  10  ¦  9  ¦  1  ¦  2024-05-22 11:55:50
4  ¦  9  ¦  2113  ¦  1644  ¦  4  ¦  8  ¦  1  ¦  2024-05-22 11:55:53
5  ¦  1  ¦  1725  ¦  2544  ¦  9  ¦  5  ¦  1  ¦  2024-05-22 11:55:38
5  ¦  1  ¦  1842  ¦  2982  ¦  6  ¦  5  ¦  1  ¦  2024-05-22 11:55:38
5  ¦  9  ¦  2113  ¦  1206  ¦  3  ¦  13  ¦  1  ¦  2024-05-22 11:55:55
5  ¦  10  ¦  2101  ¦  2797  ¦  2  ¦  10  ¦  1  ¦  2024-05-22 11:55:57
6  ¦  1  ¦  236  ¦  2381  ¦  7  ¦  12  ¦  1  ¦  2024-05-22 11:55:38
6  ¦  1  ¦  244  ¦  2886  ¦  4  ¦  6  ¦  1  ¦  2024-05-22 11:55:38
6  ¦  1  ¦  2024  ¦  1245  ¦  9  ¦  13  ¦  1  ¦  2024-05-22 11:55:39
6  ¦  1  ¦  2130  ¦  1606  ¦  null  ¦  11  ¦  1  ¦  2024-05-22 11:55:39
6  ¦  4  ¦  1786  ¦  1786  ¦  9  ¦  8  ¦  1  ¦  2024-05-22 11:55:45
6  ¦  7  ¦  2147  ¦  197  ¦  null  ¦  14  ¦  1  ¦  2024-05-22 11:55:50
6  ¦  9  ¦  1321  ¦  1272  ¦  2  ¦  8  ¦  1  ¦  2024-05-22 11:55:54
6  ¦  9  ¦  1347  ¦  775  ¦  6  ¦  9  ¦  1  ¦  2024-05-22 11:55:54
6  ¦  10  ¦  2116  ¦  541  ¦  null  ¦  8  ¦  1  ¦  2024-05-22 11:55:56
6  ¦  10  ¦  2143  ¦  2244  ¦  null  ¦  12  ¦  1  ¦  2024-05-22 11:55:56
8  ¦  5  ¦  28  ¦  2930  ¦  5  ¦  9  ¦  1  ¦  2024-05-22 11:55:47
8  ¦  5  ¦  46  ¦  1638  ¦  1  ¦  14  ¦  1  ¦  2024-05-22 11:55:47
9  ¦  2  ¦  1192  ¦  1410  ¦  10  ¦  7  ¦  1  ¦  2024-05-22 11:55:41
9  ¦  2  ¦  1199  ¦  1199  ¦  6  ¦  7  ¦  1  ¦  2024-05-22 11:55:41
9  ¦  4  ¦  2816  ¦  962  ¦  null  ¦  7  ¦  1  ¦  2024-05-22 11:55:46
9  ¦  6  ¦  2106  ¦  2106  ¦  3  ¦  5  ¦  1  ¦  2024-05-22 11:55:50
9  ¦  6  ¦  2297  ¦  565  ¦  null  ¦  10  ¦  1  ¦  2024-05-22 11:55:50
9  ¦  6  ¦  2309  ¦  2309  ¦  null  ¦  8  ¦  1  ¦  2024-05-22 11:55:50
9  ¦  6  ¦  2366  ¦  1902  ¦  null  ¦  5  ¦  1  ¦  2024-05-22 11:55:50
9  ¦  6  ¦  2502  ¦  1968  ¦  null  ¦  13  ¦  1  ¦  2024-05-22 11:55:50
9  ¦  8  ¦  1438  ¦  2048  ¦  7  ¦  10  ¦  1  ¦  2024-05-22 11:55:54
10  ¦  5  ¦  387  ¦  2815  ¦  7  ¦  13  ¦  1  ¦  2024-05-22 11:55:46
10  ¦  5  ¦  525  ¦  1264  ¦  9  ¦  15  ¦  1  ¦  2024-05-22 11:55:46
10  ¦  10  ¦  2344  ¦  1590  ¦  null  ¦  11  ¦  1  ¦  2024-05-22 11:55:56
10  ¦  10  ¦  2977  ¦  1049  ¦  null  ¦  13  ¦  1  ¦  2024-05-22 11:55:56

#SQL[@87,N6]Result[]
commit;

#SQL[@88,N56]Result[104, 75, 74, 74, 72, 73, 77, 75, 76, 78, 74, 74, 74, 76, 76, 74, 74, 75, 74, 74, 74, 75, 76, 74, 73, 75, 78, 74, 77, 74, 73, 77, 79, 72, 73, 75, 74, 76, 74, 77, 77, 77, 78, 75, 75, 75, 80, 80]
select * from bmsql_oorder order by o_w_id, o_d_id, o_id;
o_w_id  ¦  o_d_id  ¦  o_id  ¦  o_c_id  ¦  o_carrier_id  ¦  o_ol_cnt  ¦  o_all_local  ¦  o_entry_d
1  ¦  5  ¦  2107  ¦  2007  ¦  4  ¦  14  ¦  1  ¦  2024-05-22 11:55:48
1  ¦  7  ¦  1890  ¦  1890  ¦  3  ¦  9  ¦  1  ¦  2024-05-22 11:55:51
1  ¦  9  ¦  946  ¦  946  ¦  10  ¦  15  ¦  1  ¦  2024-05-22 11:55:55
1  ¦  9  ¦  950  ¦  343  ¦  2  ¦  5  ¦  1  ¦  2024-05-22 11:55:55
1  ¦  9  ¦  1005  ¦  534  ¦  2  ¦  9  ¦  1  ¦  2024-05-22 11:55:55
2  ¦  2  ¦  2610  ¦  1049  ¦  null  ¦  5  ¦  1  ¦  2024-05-22 11:55:41
2  ¦  6  ¦  1641  ¦  1375  ¦  3  ¦  12  ¦  1  ¦  2024-05-22 11:55:49
2  ¦  9  ¦  2448  ¦  627  ¦  null  ¦  6  ¦  1  ¦  2024-05-22 11:55:56
2  ¦  9  ¦  2471  ¦  1137  ¦  null  ¦  12  ¦  1  ¦  2024-05-22 11:55:56
3  ¦  2  ¦  813  ¦  1577  ¦  8  ¦  13  ¦  1  ¦  2024-05-22 11:55:40
3  ¦  4  ¦  1975  ¦  731  ¦  5  ¦  14  ¦  1  ¦  2024-05-22 11:55:44
3  ¦  4  ¦  2013  ¦  120  ¦  3  ¦  12  ¦  1  ¦  2024-05-22 11:55:44
3  ¦  6  ¦  2115  ¦  816  ¦  null  ¦  6  ¦  1  ¦  2024-05-22 11:55:48
3  ¦  10  ¦  2116  ¦  2116  ¦  1  ¦  10  ¦  1  ¦  2024-05-22 11:55:57
4  ¦  7  ¦  1660  ¦  2257  ¦  5  ¦  7  ¦  1  ¦  2024-05-22 11:55:49
4  ¦  7  ¦  1672  ¦  648  ¦  5  ¦  10  ¦  1  ¦  2024-05-22 11:55:49
4  ¦  7  ¦  1766  ¦  2804  ¦  10  ¦  9  ¦  1  ¦  2024-05-22 11:55:50
4  ¦  9  ¦  2113  ¦  1644  ¦  4  ¦  8  ¦  1  ¦  2024-05-22 11:55:53
5  ¦  1  ¦  1725  ¦  2544  ¦  9  ¦  5  ¦  1  ¦  2024-05-22 11:55:38
5  ¦  1  ¦  1842  ¦  2982  ¦  6  ¦  5  ¦  1  ¦  2024-05-22 11:55:38
5  ¦  9  ¦  2113  ¦  1206  ¦  3  ¦  13  ¦  1  ¦  2024-05-22 11:55:55
5  ¦  10  ¦  2101  ¦  2797  ¦  2  ¦  10  ¦  1  ¦  2024-05-22 11:55:57
6  ¦  1  ¦  236  ¦  2381  ¦  7  ¦  12  ¦  1  ¦  2024-05-22 11:55:38
6  ¦  1  ¦  244  ¦  2886  ¦  4  ¦  6  ¦  1  ¦  2024-05-22 11:55:38
6  ¦  1  ¦  2024  ¦  1245  ¦  9  ¦  13  ¦  1  ¦  2024-05-22 11:55:39
6  ¦  1  ¦  2130  ¦  1606  ¦  null  ¦  11  ¦  1  ¦  2024-05-22 11:55:39
6  ¦  4  ¦  1786  ¦  1786  ¦  9  ¦  8  ¦  1  ¦  2024-05-22 11:55:45
6  ¦  7  ¦  2147  ¦  197  ¦  null  ¦  14  ¦  1  ¦  2024-05-22 11:55:50
6  ¦  9  ¦  1321  ¦  1272  ¦  2  ¦  8  ¦  1  ¦  2024-05-22 11:55:54
6  ¦  9  ¦  1347  ¦  775  ¦  6  ¦  9  ¦  1  ¦  2024-05-22 11:55:54
6  ¦  10  ¦  2116  ¦  541  ¦  null  ¦  8  ¦  1  ¦  2024-05-22 11:55:56
6  ¦  10  ¦  2143  ¦  2244  ¦  null  ¦  12  ¦  1  ¦  2024-05-22 11:55:56
8  ¦  5  ¦  28  ¦  2930  ¦  5  ¦  9  ¦  1  ¦  2024-05-22 11:55:47
8  ¦  5  ¦  46  ¦  1638  ¦  1  ¦  14  ¦  1  ¦  2024-05-22 11:55:47
9  ¦  2  ¦  1192  ¦  1410  ¦  10  ¦  7  ¦  1  ¦  2024-05-22 11:55:41
9  ¦  2  ¦  1199  ¦  1199  ¦  6  ¦  7  ¦  1  ¦  2024-05-22 11:55:41
9  ¦  4  ¦  2816  ¦  962  ¦  null  ¦  7  ¦  1  ¦  2024-05-22 11:55:46
9  ¦  6  ¦  2106  ¦  2106  ¦  3  ¦  5  ¦  1  ¦  2024-05-22 11:55:50
9  ¦  6  ¦  2297  ¦  565  ¦  null  ¦  10  ¦  1  ¦  2024-05-22 11:55:50
9  ¦  6  ¦  2309  ¦  2309  ¦  null  ¦  8  ¦  1  ¦  2024-05-22 11:55:50
9  ¦  6  ¦  2366  ¦  1902  ¦  null  ¦  5  ¦  1  ¦  2024-05-22 11:55:50
9  ¦  6  ¦  2502  ¦  1968  ¦  null  ¦  13  ¦  1  ¦  2024-05-22 11:55:50
9  ¦  8  ¦  1438  ¦  2048  ¦  7  ¦  10  ¦  1  ¦  2024-05-22 11:55:54
10  ¦  5  ¦  387  ¦  2815  ¦  7  ¦  13  ¦  1  ¦  2024-05-22 11:55:46
10  ¦  5  ¦  525  ¦  1264  ¦  9  ¦  15  ¦  1  ¦  2024-05-22 11:55:46
10  ¦  10  ¦  2344  ¦  1590  ¦  null  ¦  11  ¦  1  ¦  2024-05-22 11:55:56
10  ¦  10  ¦  2977  ¦  1049  ¦  null  ¦  13  ¦  1  ¦  2024-05-22 11:55:56

#SQL[@92,N148]Result[]
prepare __mo_stmt_id_4 from 'INSERT INTO bmsql_oorder (o_id, o_d_id, o_w_id, o_c_id, o_entry_d, o_ol_cnt, o_all_local) VALUES (?, ?, ?, ?, ?, ?, ?)';

#SQL[@93,N227]Result[]
prepare __mo_stmt_id_22 from 'SELECT o_id, o_entry_d, o_carrier_id FROM bmsql_oorder WHERE o_w_id = ? AND o_d_id = ? AND o_c_id = ? AND o_id = (SELECT max(o_id) FROM bmsql_oorder WHERE o_w_id = ? AND o_d_id = ? AND o_c_id = ?)';

#SQL[@94,N107]Result[]
prepare __mo_stmt_id_27 from 'SELECT o_c_id FROM bmsql_oorder WHERE o_w_id = ? AND o_d_id = ? AND o_id = ?';

#SQL[@95,N116]Result[]
prepare __mo_stmt_id_28 from 'UPDATE bmsql_oorder SET o_carrier_id = ? WHERE o_w_id = ? AND o_d_id = ? AND o_id = ?';

#SQL[@97,N5]Result[]
begin;

#SQL[@98,N21]Result[]
SET @o_carrier_id = 3;

#SQL[@99,N15]Result[]
SET @o_w_id = 9;

#SQL[@100,N15]Result[]
SET @o_d_id = 6;

#SQL[@101,N16]Result[]
SET @o_id = 2106;

#SQL[@102,N68]Result[]
EXECUTE __mo_stmt_id_28 USING @o_carrier_id, @o_w_id, @o_d_id, @o_id;

#SQL[@103,N56]Result[104, 75, 74, 74, 72, 73, 77, 75, 76, 78, 74, 74, 74, 76, 76, 74, 74, 75, 74, 74, 74, 75, 76, 74, 73, 75, 78, 74, 77, 74, 73, 77, 79, 72, 73, 75, 74, 76, 74, 77, 77, 77, 78, 75, 75, 75, 80, 80]
select * from bmsql_oorder order by o_w_id, o_d_id, o_id;
o_w_id  ¦  o_d_id  ¦  o_id  ¦  o_c_id  ¦  o_carrier_id  ¦  o_ol_cnt  ¦  o_all_local  ¦  o_entry_d
1  ¦  5  ¦  2107  ¦  2007  ¦  4  ¦  14  ¦  1  ¦  2024-05-22 11:55:48
1  ¦  7  ¦  1890  ¦  1890  ¦  3  ¦  9  ¦  1  ¦  2024-05-22 11:55:51
1  ¦  9  ¦  946  ¦  946  ¦  10  ¦  15  ¦  1  ¦  2024-05-22 11:55:55
1  ¦  9  ¦  950  ¦  343  ¦  2  ¦  5  ¦  1  ¦  2024-05-22 11:55:55
1  ¦  9  ¦  1005  ¦  534  ¦  2  ¦  9  ¦  1  ¦  2024-05-22 11:55:55
2  ¦  2  ¦  2610  ¦  1049  ¦  null  ¦  5  ¦  1  ¦  2024-05-22 11:55:41
2  ¦  6  ¦  1641  ¦  1375  ¦  3  ¦  12  ¦  1  ¦  2024-05-22 11:55:49
2  ¦  9  ¦  2448  ¦  627  ¦  null  ¦  6  ¦  1  ¦  2024-05-22 11:55:56
2  ¦  9  ¦  2471  ¦  1137  ¦  null  ¦  12  ¦  1  ¦  2024-05-22 11:55:56
3  ¦  2  ¦  813  ¦  1577  ¦  8  ¦  13  ¦  1  ¦  2024-05-22 11:55:40
3  ¦  4  ¦  1975  ¦  731  ¦  5  ¦  14  ¦  1  ¦  2024-05-22 11:55:44
3  ¦  4  ¦  2013  ¦  120  ¦  3  ¦  12  ¦  1  ¦  2024-05-22 11:55:44
3  ¦  6  ¦  2115  ¦  816  ¦  null  ¦  6  ¦  1  ¦  2024-05-22 11:55:48
3  ¦  10  ¦  2116  ¦  2116  ¦  1  ¦  10  ¦  1  ¦  2024-05-22 11:55:57
4  ¦  7  ¦  1660  ¦  2257  ¦  5  ¦  7  ¦  1  ¦  2024-05-22 11:55:49
4  ¦  7  ¦  1672  ¦  648  ¦  5  ¦  10  ¦  1  ¦  2024-05-22 11:55:49
4  ¦  7  ¦  1766  ¦  2804  ¦  10  ¦  9  ¦  1  ¦  2024-05-22 11:55:50
4  ¦  9  ¦  2113  ¦  1644  ¦  4  ¦  8  ¦  1  ¦  2024-05-22 11:55:53
5  ¦  1  ¦  1725  ¦  2544  ¦  9  ¦  5  ¦  1  ¦  2024-05-22 11:55:38
5  ¦  1  ¦  1842  ¦  2982  ¦  6  ¦  5  ¦  1  ¦  2024-05-22 11:55:38
5  ¦  9  ¦  2113  ¦  1206  ¦  3  ¦  13  ¦  1  ¦  2024-05-22 11:55:55
5  ¦  10  ¦  2101  ¦  2797  ¦  2  ¦  10  ¦  1  ¦  2024-05-22 11:55:57
6  ¦  1  ¦  236  ¦  2381  ¦  7  ¦  12  ¦  1  ¦  2024-05-22 11:55:38
6  ¦  1  ¦  244  ¦  2886  ¦  4  ¦  6  ¦  1  ¦  2024-05-22 11:55:38
6  ¦  1  ¦  2024  ¦  1245  ¦  9  ¦  13  ¦  1  ¦  2024-05-22 11:55:39
6  ¦  1  ¦  2130  ¦  1606  ¦  null  ¦  11  ¦  1  ¦  2024-05-22 11:55:39
6  ¦  4  ¦  1786  ¦  1786  ¦  9  ¦  8  ¦  1  ¦  2024-05-22 11:55:45
6  ¦  7  ¦  2147  ¦  197  ¦  null  ¦  14  ¦  1  ¦  2024-05-22 11:55:50
6  ¦  9  ¦  1321  ¦  1272  ¦  2  ¦  8  ¦  1  ¦  2024-05-22 11:55:54
6  ¦  9  ¦  1347  ¦  775  ¦  6  ¦  9  ¦  1  ¦  2024-05-22 11:55:54
6  ¦  10  ¦  2116  ¦  541  ¦  null  ¦  8  ¦  1  ¦  2024-05-22 11:55:56
6  ¦  10  ¦  2143  ¦  2244  ¦  null  ¦  12  ¦  1  ¦  2024-05-22 11:55:56
8  ¦  5  ¦  28  ¦  2930  ¦  5  ¦  9  ¦  1  ¦  2024-05-22 11:55:47
8  ¦  5  ¦  46  ¦  1638  ¦  1  ¦  14  ¦  1  ¦  2024-05-22 11:55:47
9  ¦  2  ¦  1192  ¦  1410  ¦  10  ¦  7  ¦  1  ¦  2024-05-22 11:55:41
9  ¦  2  ¦  1199  ¦  1199  ¦  6  ¦  7  ¦  1  ¦  2024-05-22 11:55:41
9  ¦  4  ¦  2816  ¦  962  ¦  null  ¦  7  ¦  1  ¦  2024-05-22 11:55:46
9  ¦  6  ¦  2106  ¦  2106  ¦  3  ¦  5  ¦  1  ¦  2024-05-22 11:55:50
9  ¦  6  ¦  2297  ¦  565  ¦  null  ¦  10  ¦  1  ¦  2024-05-22 11:55:50
9  ¦  6  ¦  2309  ¦  2309  ¦  null  ¦  8  ¦  1  ¦  2024-05-22 11:55:50
9  ¦  6  ¦  2366  ¦  1902  ¦  null  ¦  5  ¦  1  ¦  2024-05-22 11:55:50
9  ¦  6  ¦  2502  ¦  1968  ¦  null  ¦  13  ¦  1  ¦  2024-05-22 11:55:50
9  ¦  8  ¦  1438  ¦  2048  ¦  7  ¦  10  ¦  1  ¦  2024-05-22 11:55:54
10  ¦  5  ¦  387  ¦  2815  ¦  7  ¦  13  ¦  1  ¦  2024-05-22 11:55:46
10  ¦  5  ¦  525  ¦  1264  ¦  9  ¦  15  ¦  1  ¦  2024-05-22 11:55:46
10  ¦  10  ¦  2344  ¦  1590  ¦  null  ¦  11  ¦  1  ¦  2024-05-22 11:55:56
10  ¦  10  ¦  2977  ¦  1049  ¦  null  ¦  13  ¦  1  ¦  2024-05-22 11:55:56

#SQL[@104,N6]Result[]
commit;

#SQL[@105,N56]Result[104, 75, 74, 74, 72, 73, 77, 75, 76, 78, 74, 74, 74, 76, 76, 74, 74, 75, 74, 74, 74, 75, 76, 74, 73, 75, 78, 74, 77, 74, 73, 77, 79, 72, 73, 75, 74, 76, 74, 77, 77, 77, 78, 75, 75, 75, 80, 80]
select * from bmsql_oorder order by o_w_id, o_d_id, o_id;
o_w_id  ¦  o_d_id  ¦  o_id  ¦  o_c_id  ¦  o_carrier_id  ¦  o_ol_cnt  ¦  o_all_local  ¦  o_entry_d
1  ¦  5  ¦  2107  ¦  2007  ¦  4  ¦  14  ¦  1  ¦  2024-05-22 11:55:48
1  ¦  7  ¦  1890  ¦  1890  ¦  3  ¦  9  ¦  1  ¦  2024-05-22 11:55:51
1  ¦  9  ¦  946  ¦  946  ¦  10  ¦  15  ¦  1  ¦  2024-05-22 11:55:55
1  ¦  9  ¦  950  ¦  343  ¦  2  ¦  5  ¦  1  ¦  2024-05-22 11:55:55
1  ¦  9  ¦  1005  ¦  534  ¦  2  ¦  9  ¦  1  ¦  2024-05-22 11:55:55
2  ¦  2  ¦  2610  ¦  1049  ¦  null  ¦  5  ¦  1  ¦  2024-05-22 11:55:41
2  ¦  6  ¦  1641  ¦  1375  ¦  3  ¦  12  ¦  1  ¦  2024-05-22 11:55:49
2  ¦  9  ¦  2448  ¦  627  ¦  null  ¦  6  ¦  1  ¦  2024-05-22 11:55:56
2  ¦  9  ¦  2471  ¦  1137  ¦  null  ¦  12  ¦  1  ¦  2024-05-22 11:55:56
3  ¦  2  ¦  813  ¦  1577  ¦  8  ¦  13  ¦  1  ¦  2024-05-22 11:55:40
3  ¦  4  ¦  1975  ¦  731  ¦  5  ¦  14  ¦  1  ¦  2024-05-22 11:55:44
3  ¦  4  ¦  2013  ¦  120  ¦  3  ¦  12  ¦  1  ¦  2024-05-22 11:55:44
3  ¦  6  ¦  2115  ¦  816  ¦  null  ¦  6  ¦  1  ¦  2024-05-22 11:55:48
3  ¦  10  ¦  2116  ¦  2116  ¦  1  ¦  10  ¦  1  ¦  2024-05-22 11:55:57
4  ¦  7  ¦  1660  ¦  2257  ¦  5  ¦  7  ¦  1  ¦  2024-05-22 11:55:49
4  ¦  7  ¦  1672  ¦  648  ¦  5  ¦  10  ¦  1  ¦  2024-05-22 11:55:49
4  ¦  7  ¦  1766  ¦  2804  ¦  10  ¦  9  ¦  1  ¦  2024-05-22 11:55:50
4  ¦  9  ¦  2113  ¦  1644  ¦  4  ¦  8  ¦  1  ¦  2024-05-22 11:55:53
5  ¦  1  ¦  1725  ¦  2544  ¦  9  ¦  5  ¦  1  ¦  2024-05-22 11:55:38
5  ¦  1  ¦  1842  ¦  2982  ¦  6  ¦  5  ¦  1  ¦  2024-05-22 11:55:38
5  ¦  9  ¦  2113  ¦  1206  ¦  3  ¦  13  ¦  1  ¦  2024-05-22 11:55:55
5  ¦  10  ¦  2101  ¦  2797  ¦  2  ¦  10  ¦  1  ¦  2024-05-22 11:55:57
6  ¦  1  ¦  236  ¦  2381  ¦  7  ¦  12  ¦  1  ¦  2024-05-22 11:55:38
6  ¦  1  ¦  244  ¦  2886  ¦  4  ¦  6  ¦  1  ¦  2024-05-22 11:55:38
6  ¦  1  ¦  2024  ¦  1245  ¦  9  ¦  13  ¦  1  ¦  2024-05-22 11:55:39
6  ¦  1  ¦  2130  ¦  1606  ¦  null  ¦  11  ¦  1  ¦  2024-05-22 11:55:39
6  ¦  4  ¦  1786  ¦  1786  ¦  9  ¦  8  ¦  1  ¦  2024-05-22 11:55:45
6  ¦  7  ¦  2147  ¦  197  ¦  null  ¦  14  ¦  1  ¦  2024-05-22 11:55:50
6  ¦  9  ¦  1321  ¦  1272  ¦  2  ¦  8  ¦  1  ¦  2024-05-22 11:55:54
6  ¦  9  ¦  1347  ¦  775  ¦  6  ¦  9  ¦  1  ¦  2024-05-22 11:55:54
6  ¦  10  ¦  2116  ¦  541  ¦  null  ¦  8  ¦  1  ¦  2024-05-22 11:55:56
6  ¦  10  ¦  2143  ¦  2244  ¦  null  ¦  12  ¦  1  ¦  2024-05-22 11:55:56
8  ¦  5  ¦  28  ¦  2930  ¦  5  ¦  9  ¦  1  ¦  2024-05-22 11:55:47
8  ¦  5  ¦  46  ¦  1638  ¦  1  ¦  14  ¦  1  ¦  2024-05-22 11:55:47
9  ¦  2  ¦  1192  ¦  1410  ¦  10  ¦  7  ¦  1  ¦  2024-05-22 11:55:41
9  ¦  2  ¦  1199  ¦  1199  ¦  6  ¦  7  ¦  1  ¦  2024-05-22 11:55:41
9  ¦  4  ¦  2816  ¦  962  ¦  null  ¦  7  ¦  1  ¦  2024-05-22 11:55:46
9  ¦  6  ¦  2106  ¦  2106  ¦  3  ¦  5  ¦  1  ¦  2024-05-22 11:55:50
9  ¦  6  ¦  2297  ¦  565  ¦  null  ¦  10  ¦  1  ¦  2024-05-22 11:55:50
9  ¦  6  ¦  2309  ¦  2309  ¦  null  ¦  8  ¦  1  ¦  2024-05-22 11:55:50
9  ¦  6  ¦  2366  ¦  1902  ¦  null  ¦  5  ¦  1  ¦  2024-05-22 11:55:50
9  ¦  6  ¦  2502  ¦  1968  ¦  null  ¦  13  ¦  1  ¦  2024-05-22 11:55:50
9  ¦  8  ¦  1438  ¦  2048  ¦  7  ¦  10  ¦  1  ¦  2024-05-22 11:55:54
10  ¦  5  ¦  387  ¦  2815  ¦  7  ¦  13  ¦  1  ¦  2024-05-22 11:55:46
10  ¦  5  ¦  525  ¦  1264  ¦  9  ¦  15  ¦  1  ¦  2024-05-22 11:55:46
10  ¦  10  ¦  2344  ¦  1590  ¦  null  ¦  11  ¦  1  ¦  2024-05-22 11:55:56
10  ¦  10  ¦  2977  ¦  1049  ¦  null  ¦  13  ¦  1  ¦  2024-05-22 11:55:56

#SQL[@107,N5]Result[]
begin;

#SQL[@108,N21]Result[]
SET @o_carrier_id = 4;

#SQL[@109,N15]Result[]
SET @o_w_id = 1;

#SQL[@110,N15]Result[]
SET @o_d_id = 5;

#SQL[@111,N16]Result[]
SET @o_id = 2107;

#SQL[@112,N68]Result[]
EXECUTE __mo_stmt_id_28 USING @o_carrier_id, @o_w_id, @o_d_id, @o_id;

#SQL[@114,N16]Result[]
SET @o_id = 3011;

#SQL[@115,N16]Result[]
SET @o_d_id = 10;

#SQL[@116,N15]Result[]
SET @o_w_id = 9;

#SQL[@117,N18]Result[]
SET @o_c_id = 1961;

#SQL[@118,N36]Result[]
SET @o_entry_d = CURRENT_TIMESTAMP();

#SQL[@119,N17]Result[]
SET @o_ol_cnt = 5;

#SQL[@120,N20]Result[]
SET @o_all_local = 1;

#SQL[@121,N98]Result[]
EXECUTE __mo_stmt_id_4 USING @o_id, @o_d_id, @o_w_id, @o_c_id, @o_entry_d, @o_ol_cnt, @o_all_local;

#SQL[@123,N120]Result[89, 50, 49, 49, 47, 48, 52, 50, 51, 53, 49, 49, 49, 51, 51, 49, 49, 50, 49, 49, 49, 50, 51, 49, 48, 50, 53, 49, 52, 49, 48, 52, 54, 47, 48, 50, 49, 51, 49, 52, 52, 52, 53, 50, 53, 50, 50, 55, 55]
select o_w_id, o_d_id, o_id, o_c_id, o_carrier_id, o_ol_cnt, o_all_local from bmsql_oorder order by o_w_id, o_d_id, o_id;
o_w_id  ¦  o_d_id  ¦  o_id  ¦  o_c_id  ¦  o_carrier_id  ¦  o_ol_cnt  ¦  o_all_local
1  ¦  5  ¦  2107  ¦  2007  ¦  4  ¦  14  ¦  1
1  ¦  7  ¦  1890  ¦  1890  ¦  3  ¦  9  ¦  1
1  ¦  9  ¦  946  ¦  946  ¦  10  ¦  15  ¦  1
1  ¦  9  ¦  950  ¦  343  ¦  2  ¦  5  ¦  1
1  ¦  9  ¦  1005  ¦  534  ¦  2  ¦  9  ¦  1
2  ¦  2  ¦  2610  ¦  1049  ¦  null  ¦  5  ¦  1
2  ¦  6  ¦  1641  ¦  1375  ¦  3  ¦  12  ¦  1
2  ¦  9  ¦  2448  ¦  627  ¦  null  ¦  6  ¦  1
2  ¦  9  ¦  2471  ¦  1137  ¦  null  ¦  12  ¦  1
3  ¦  2  ¦  813  ¦  1577  ¦  8  ¦  13  ¦  1
3  ¦  4  ¦  1975  ¦  731  ¦  5  ¦  14  ¦  1
3  ¦  4  ¦  2013  ¦  120  ¦  3  ¦  12  ¦  1
3  ¦  6  ¦  2115  ¦  816  ¦  null  ¦  6  ¦  1
3  ¦  10  ¦  2116  ¦  2116  ¦  1  ¦  10  ¦  1
4  ¦  7  ¦  1660  ¦  2257  ¦  5  ¦  7  ¦  1
4  ¦  7  ¦  1672  ¦  648  ¦  5  ¦  10  ¦  1
4  ¦  7  ¦  1766  ¦  2804  ¦  10  ¦  9  ¦  1
4  ¦  9  ¦  2113  ¦  1644  ¦  4  ¦  8  ¦  1
5  ¦  1  ¦  1725  ¦  2544  ¦  9  ¦  5  ¦  1
5  ¦  1  ¦  1842  ¦  2982  ¦  6  ¦  5  ¦  1
5  ¦  9  ¦  2113  ¦  1206  ¦  3  ¦  13  ¦  1
5  ¦  10  ¦  2101  ¦  2797  ¦  2  ¦  10  ¦  1
6  ¦  1  ¦  236  ¦  2381  ¦  7  ¦  12  ¦  1
6  ¦  1  ¦  244  ¦  2886  ¦  4  ¦  6  ¦  1
6  ¦  1  ¦  2024  ¦  1245  ¦  9  ¦  13  ¦  1
6  ¦  1  ¦  2130  ¦  1606  ¦  null  ¦  11  ¦  1
6  ¦  4  ¦  1786  ¦  1786  ¦  9  ¦  8  ¦  1
6  ¦  7  ¦  2147  ¦  197  ¦  null  ¦  14  ¦  1
6  ¦  9  ¦  1321  ¦  1272  ¦  2  ¦  8  ¦  1
6  ¦  9  ¦  1347  ¦  775  ¦  6  ¦  9  ¦  1
6  ¦  10  ¦  2116  ¦  541  ¦  null  ¦  8  ¦  1
6  ¦  10  ¦  2143  ¦  2244  ¦  null  ¦  12  ¦  1
8  ¦  5  ¦  28  ¦  2930  ¦  5  ¦  9  ¦  1
8  ¦  5  ¦  46  ¦  1638  ¦  1  ¦  14  ¦  1
9  ¦  2  ¦  1192  ¦  1410  ¦  10  ¦  7  ¦  1
9  ¦  2  ¦  1199  ¦  1199  ¦  6  ¦  7  ¦  1
9  ¦  4  ¦  2816  ¦  962  ¦  null  ¦  7  ¦  1
9  ¦  6  ¦  2106  ¦  2106  ¦  3  ¦  5  ¦  1
9  ¦  6  ¦  2297  ¦  565  ¦  null  ¦  10  ¦  1
9  ¦  6  ¦  2309  ¦  2309  ¦  null  ¦  8  ¦  1
9  ¦  6  ¦  2366  ¦  1902  ¦  null  ¦  5  ¦  1
9  ¦  6  ¦  2502  ¦  1968  ¦  null  ¦  13  ¦  1
9  ¦  8  ¦  1438  ¦  2048  ¦  7  ¦  10  ¦  1
9  ¦  10  ¦  3011  ¦  1961  ¦  null  ¦  5  ¦  1
10  ¦  5  ¦  387  ¦  2815  ¦  7  ¦  13  ¦  1
10  ¦  5  ¦  525  ¦  1264  ¦  9  ¦  15  ¦  1
10  ¦  10  ¦  2344  ¦  1590  ¦  null  ¦  11  ¦  1
10  ¦  10  ¦  2977  ¦  1049  ¦  null  ¦  13  ¦  1

#SQL[@124,N6]Result[]
commit;

#SQL[@125,N120]Result[89, 50, 49, 49, 47, 48, 52, 50, 51, 53, 49, 49, 49, 51, 51, 49, 49, 50, 49, 49, 49, 50, 51, 49, 48, 50, 53, 49, 52, 49, 48, 52, 54, 47, 48, 50, 49, 51, 49, 52, 52, 52, 53, 50, 53, 50, 50, 55, 55]
select o_w_id, o_d_id, o_id, o_c_id, o_carrier_id, o_ol_cnt, o_all_local from bmsql_oorder order by o_w_id, o_d_id, o_id;
o_w_id  ¦  o_d_id  ¦  o_id  ¦  o_c_id  ¦  o_carrier_id  ¦  o_ol_cnt  ¦  o_all_local
1  ¦  5  ¦  2107  ¦  2007  ¦  4  ¦  14  ¦  1
1  ¦  7  ¦  1890  ¦  1890  ¦  3  ¦  9  ¦  1
1  ¦  9  ¦  946  ¦  946  ¦  10  ¦  15  ¦  1
1  ¦  9  ¦  950  ¦  343  ¦  2  ¦  5  ¦  1
1  ¦  9  ¦  1005  ¦  534  ¦  2  ¦  9  ¦  1
2  ¦  2  ¦  2610  ¦  1049  ¦  null  ¦  5  ¦  1
2  ¦  6  ¦  1641  ¦  1375  ¦  3  ¦  12  ¦  1
2  ¦  9  ¦  2448  ¦  627  ¦  null  ¦  6  ¦  1
2  ¦  9  ¦  2471  ¦  1137  ¦  null  ¦  12  ¦  1
3  ¦  2  ¦  813  ¦  1577  ¦  8  ¦  13  ¦  1
3  ¦  4  ¦  1975  ¦  731  ¦  5  ¦  14  ¦  1
3  ¦  4  ¦  2013  ¦  120  ¦  3  ¦  12  ¦  1
3  ¦  6  ¦  2115  ¦  816  ¦  null  ¦  6  ¦  1
3  ¦  10  ¦  2116  ¦  2116  ¦  1  ¦  10  ¦  1
4  ¦  7  ¦  1660  ¦  2257  ¦  5  ¦  7  ¦  1
4  ¦  7  ¦  1672  ¦  648  ¦  5  ¦  10  ¦  1
4  ¦  7  ¦  1766  ¦  2804  ¦  10  ¦  9  ¦  1
4  ¦  9  ¦  2113  ¦  1644  ¦  4  ¦  8  ¦  1
5  ¦  1  ¦  1725  ¦  2544  ¦  9  ¦  5  ¦  1
5  ¦  1  ¦  1842  ¦  2982  ¦  6  ¦  5  ¦  1
5  ¦  9  ¦  2113  ¦  1206  ¦  3  ¦  13  ¦  1
5  ¦  10  ¦  2101  ¦  2797  ¦  2  ¦  10  ¦  1
6  ¦  1  ¦  236  ¦  2381  ¦  7  ¦  12  ¦  1
6  ¦  1  ¦  244  ¦  2886  ¦  4  ¦  6  ¦  1
6  ¦  1  ¦  2024  ¦  1245  ¦  9  ¦  13  ¦  1
6  ¦  1  ¦  2130  ¦  1606  ¦  null  ¦  11  ¦  1
6  ¦  4  ¦  1786  ¦  1786  ¦  9  ¦  8  ¦  1
6  ¦  7  ¦  2147  ¦  197  ¦  null  ¦  14  ¦  1
6  ¦  9  ¦  1321  ¦  1272  ¦  2  ¦  8  ¦  1
6  ¦  9  ¦  1347  ¦  775  ¦  6  ¦  9  ¦  1
6  ¦  10  ¦  2116  ¦  541  ¦  null  ¦  8  ¦  1
6  ¦  10  ¦  2143  ¦  2244  ¦  null  ¦  12  ¦  1
8  ¦  5  ¦  28  ¦  2930  ¦  5  ¦  9  ¦  1
8  ¦  5  ¦  46  ¦  1638  ¦  1  ¦  14  ¦  1
9  ¦  2  ¦  1192  ¦  1410  ¦  10  ¦  7  ¦  1
9  ¦  2  ¦  1199  ¦  1199  ¦  6  ¦  7  ¦  1
9  ¦  4  ¦  2816  ¦  962  ¦  null  ¦  7  ¦  1
9  ¦  6  ¦  2106  ¦  2106  ¦  3  ¦  5  ¦  1
9  ¦  6  ¦  2297  ¦  565  ¦  null  ¦  10  ¦  1
9  ¦  6  ¦  2309  ¦  2309  ¦  null  ¦  8  ¦  1
9  ¦  6  ¦  2366  ¦  1902  ¦  null  ¦  5  ¦  1
9  ¦  6  ¦  2502  ¦  1968  ¦  null  ¦  13  ¦  1
9  ¦  8  ¦  1438  ¦  2048  ¦  7  ¦  10  ¦  1
9  ¦  10  ¦  3011  ¦  1961  ¦  null  ¦  5  ¦  1
10  ¦  5  ¦  387  ¦  2815  ¦  7  ¦  13  ¦  1
10  ¦  5  ¦  525  ¦  1264  ¦  9  ¦  15  ¦  1
10  ¦  10  ¦  2344  ¦  1590  ¦  null  ¦  11  ¦  1
10  ¦  10  ¦  2977  ¦  1049  ¦  null  ¦  13  ¦  1

#SQL[@128,N5]Result[]
begin;

#SQL[@129,N21]Result[]
SET @o_carrier_id = 1;

#SQL[@130,N15]Result[]
SET @o_w_id = 3;

#SQL[@131,N16]Result[]
SET @o_d_id = 10;

#SQL[@132,N16]Result[]
SET @o_id = 2116;

#SQL[@133,N68]Result[]
EXECUTE __mo_stmt_id_28 USING @o_carrier_id, @o_w_id, @o_d_id, @o_id;

#SQL[@136,N21]Result[]
SET @o_carrier_id = 4;

#SQL[@137,N15]Result[]
SET @o_w_id = 4;

#SQL[@138,N15]Result[]
SET @o_d_id = 9;

#SQL[@139,N16]Result[]
SET @o_id = 2113;

#SQL[@140,N68]Result[]
EXECUTE __mo_stmt_id_28 USING @o_carrier_id, @o_w_id, @o_d_id, @o_id;

#SQL[@143,N21]Result[]
SET @o_carrier_id = 3;

#SQL[@144,N15]Result[]
SET @o_w_id = 5;

#SQL[@145,N15]Result[]
SET @o_d_id = 9;

#SQL[@146,N16]Result[]
SET @o_id = 2113;

#SQL[@147,N68]Result[]
EXECUTE __mo_stmt_id_28 USING @o_carrier_id, @o_w_id, @o_d_id, @o_id;

#SQL[@149,N15]Result[]
SET @o_w_id = 3;

#SQL[@150,N15]Result[]
SET @o_d_id = 6;

#SQL[@151,N16]Result[]
SET @o_id = 2115;

#SQL[@152,N53]Result[6, 3]
EXECUTE __mo_stmt_id_27 USING @o_w_id, @o_d_id, @o_id;
o_c_id
816

#SQL[@154,N120]Result[89, 50, 49, 49, 47, 48, 52, 50, 51, 53, 49, 49, 49, 51, 51, 49, 49, 50, 49, 49, 49, 50, 51, 49, 48, 50, 53, 49, 52, 49, 48, 52, 54, 47, 48, 50, 49, 51, 49, 52, 52, 52, 53, 50, 53, 50, 50, 55, 55]
select o_w_id, o_d_id, o_id, o_c_id, o_carrier_id, o_ol_cnt, o_all_local from bmsql_oorder order by o_w_id, o_d_id, o_id;
o_w_id  ¦  o_d_id  ¦  o_id  ¦  o_c_id  ¦  o_carrier_id  ¦  o_ol_cnt  ¦  o_all_local
1  ¦  5  ¦  2107  ¦  2007  ¦  4  ¦  14  ¦  1
1  ¦  7  ¦  1890  ¦  1890  ¦  3  ¦  9  ¦  1
1  ¦  9  ¦  946  ¦  946  ¦  10  ¦  15  ¦  1
1  ¦  9  ¦  950  ¦  343  ¦  2  ¦  5  ¦  1
1  ¦  9  ¦  1005  ¦  534  ¦  2  ¦  9  ¦  1
2  ¦  2  ¦  2610  ¦  1049  ¦  null  ¦  5  ¦  1
2  ¦  6  ¦  1641  ¦  1375  ¦  3  ¦  12  ¦  1
2  ¦  9  ¦  2448  ¦  627  ¦  null  ¦  6  ¦  1
2  ¦  9  ¦  2471  ¦  1137  ¦  null  ¦  12  ¦  1
3  ¦  2  ¦  813  ¦  1577  ¦  8  ¦  13  ¦  1
3  ¦  4  ¦  1975  ¦  731  ¦  5  ¦  14  ¦  1
3  ¦  4  ¦  2013  ¦  120  ¦  3  ¦  12  ¦  1
3  ¦  6  ¦  2115  ¦  816  ¦  null  ¦  6  ¦  1
3  ¦  10  ¦  2116  ¦  2116  ¦  1  ¦  10  ¦  1
4  ¦  7  ¦  1660  ¦  2257  ¦  5  ¦  7  ¦  1
4  ¦  7  ¦  1672  ¦  648  ¦  5  ¦  10  ¦  1
4  ¦  7  ¦  1766  ¦  2804  ¦  10  ¦  9  ¦  1
4  ¦  9  ¦  2113  ¦  1644  ¦  4  ¦  8  ¦  1
5  ¦  1  ¦  1725  ¦  2544  ¦  9  ¦  5  ¦  1
5  ¦  1  ¦  1842  ¦  2982  ¦  6  ¦  5  ¦  1
5  ¦  9  ¦  2113  ¦  1206  ¦  3  ¦  13  ¦  1
5  ¦  10  ¦  2101  ¦  2797  ¦  2  ¦  10  ¦  1
6  ¦  1  ¦  236  ¦  2381  ¦  7  ¦  12  ¦  1
6  ¦  1  ¦  244  ¦  2886  ¦  4  ¦  6  ¦  1
6  ¦  1  ¦  2024  ¦  1245  ¦  9  ¦  13  ¦  1
6  ¦  1  ¦  2130  ¦  1606  ¦  null  ¦  11  ¦  1
6  ¦  4  ¦  1786  ¦  1786  ¦  9  ¦  8  ¦  1
6  ¦  7  ¦  2147  ¦  197  ¦  null  ¦  14  ¦  1
6  ¦  9  ¦  1321  ¦  1272  ¦  2  ¦  8  ¦  1
6  ¦  9  ¦  1347  ¦  775  ¦  6  ¦  9  ¦  1
6  ¦  10  ¦  2116  ¦  541  ¦  null  ¦  8  ¦  1
6  ¦  10  ¦  2143  ¦  2244  ¦  null  ¦  12  ¦  1
8  ¦  5  ¦  28  ¦  2930  ¦  5  ¦  9  ¦  1
8  ¦  5  ¦  46  ¦  1638  ¦  1  ¦  14  ¦  1
9  ¦  2  ¦  1192  ¦  1410  ¦  10  ¦  7  ¦  1
9  ¦  2  ¦  1199  ¦  1199  ¦  6  ¦  7  ¦  1
9  ¦  4  ¦  2816  ¦  962  ¦  null  ¦  7  ¦  1
9  ¦  6  ¦  2106  ¦  2106  ¦  3  ¦  5  ¦  1
9  ¦  6  ¦  2297  ¦  565  ¦  null  ¦  10  ¦  1
9  ¦  6  ¦  2309  ¦  2309  ¦  null  ¦  8  ¦  1
9  ¦  6  ¦  2366  ¦  1902  ¦  null  ¦  5  ¦  1
9  ¦  6  ¦  2502  ¦  1968  ¦  null  ¦  13  ¦  1
9  ¦  8  ¦  1438  ¦  2048  ¦  7  ¦  10  ¦  1
9  ¦  10  ¦  3011  ¦  1961  ¦  null  ¦  5  ¦  1
10  ¦  5  ¦  387  ¦  2815  ¦  7  ¦  13  ¦  1
10  ¦  5  ¦  525  ¦  1264  ¦  9  ¦  15  ¦  1
10  ¦  10  ¦  2344  ¦  1590  ¦  null  ¦  11  ¦  1
10  ¦  10  ¦  2977  ¦  1049  ¦  null  ¦  13  ¦  1

#SQL[@155,N6]Result[]
commit;

#SQL[@156,N120]Result[89, 50, 49, 49, 47, 48, 52, 50, 51, 53, 49, 49, 49, 51, 51, 49, 49, 50, 49, 49, 49, 50, 51, 49, 48, 50, 53, 49, 52, 49, 48, 52, 54, 47, 48, 50, 49, 51, 49, 52, 52, 52, 53, 50, 53, 50, 50, 55, 55]
select o_w_id, o_d_id, o_id, o_c_id, o_carrier_id, o_ol_cnt, o_all_local from bmsql_oorder order by o_w_id, o_d_id, o_id;
o_w_id  ¦  o_d_id  ¦  o_id  ¦  o_c_id  ¦  o_carrier_id  ¦  o_ol_cnt  ¦  o_all_local
1  ¦  5  ¦  2107  ¦  2007  ¦  4  ¦  14  ¦  1
1  ¦  7  ¦  1890  ¦  1890  ¦  3  ¦  9  ¦  1
1  ¦  9  ¦  946  ¦  946  ¦  10  ¦  15  ¦  1
1  ¦  9  ¦  950  ¦  343  ¦  2  ¦  5  ¦  1
1  ¦  9  ¦  1005  ¦  534  ¦  2  ¦  9  ¦  1
2  ¦  2  ¦  2610  ¦  1049  ¦  null  ¦  5  ¦  1
2  ¦  6  ¦  1641  ¦  1375  ¦  3  ¦  12  ¦  1
2  ¦  9  ¦  2448  ¦  627  ¦  null  ¦  6  ¦  1
2  ¦  9  ¦  2471  ¦  1137  ¦  null  ¦  12  ¦  1
3  ¦  2  ¦  813  ¦  1577  ¦  8  ¦  13  ¦  1
3  ¦  4  ¦  1975  ¦  731  ¦  5  ¦  14  ¦  1
3  ¦  4  ¦  2013  ¦  120  ¦  3  ¦  12  ¦  1
3  ¦  6  ¦  2115  ¦  816  ¦  null  ¦  6  ¦  1
3  ¦  10  ¦  2116  ¦  2116  ¦  1  ¦  10  ¦  1
4  ¦  7  ¦  1660  ¦  2257  ¦  5  ¦  7  ¦  1
4  ¦  7  ¦  1672  ¦  648  ¦  5  ¦  10  ¦  1
4  ¦  7  ¦  1766  ¦  2804  ¦  10  ¦  9  ¦  1
4  ¦  9  ¦  2113  ¦  1644  ¦  4  ¦  8  ¦  1
5  ¦  1  ¦  1725  ¦  2544  ¦  9  ¦  5  ¦  1
5  ¦  1  ¦  1842  ¦  2982  ¦  6  ¦  5  ¦  1
5  ¦  9  ¦  2113  ¦  1206  ¦  3  ¦  13  ¦  1
5  ¦  10  ¦  2101  ¦  2797  ¦  2  ¦  10  ¦  1
6  ¦  1  ¦  236  ¦  2381  ¦  7  ¦  12  ¦  1
6  ¦  1  ¦  244  ¦  2886  ¦  4  ¦  6  ¦  1
6  ¦  1  ¦  2024  ¦  1245  ¦  9  ¦  13  ¦  1
6  ¦  1  ¦  2130  ¦  1606  ¦  null  ¦  11  ¦  1
6  ¦  4  ¦  1786  ¦  1786  ¦  9  ¦  8  ¦  1
6  ¦  7  ¦  2147  ¦  197  ¦  null  ¦  14  ¦  1
6  ¦  9  ¦  1321  ¦  1272  ¦  2  ¦  8  ¦  1
6  ¦  9  ¦  1347  ¦  775  ¦  6  ¦  9  ¦  1
6  ¦  10  ¦  2116  ¦  541  ¦  null  ¦  8  ¦  1
6  ¦  10  ¦  2143  ¦  2244  ¦  null  ¦  12  ¦  1
8  ¦  5  ¦  28  ¦  2930  ¦  5  ¦  9  ¦  1
8  ¦  5  ¦  46  ¦  1638  ¦  1  ¦  14  ¦  1
9  ¦  2  ¦  1192  ¦  1410  ¦  10  ¦  7  ¦  1
9  ¦  2  ¦  1199  ¦  1199  ¦  6  ¦  7  ¦  1
9  ¦  4  ¦  2816  ¦  962  ¦  null  ¦  7  ¦  1
9  ¦  6  ¦  2106  ¦  2106  ¦  3  ¦  5  ¦  1
9  ¦  6  ¦  2297  ¦  565  ¦  null  ¦  10  ¦  1
9  ¦  6  ¦  2309  ¦  2309  ¦  null  ¦  8  ¦  1
9  ¦  6  ¦  2366  ¦  1902  ¦  null  ¦  5  ¦  1
9  ¦  6  ¦  2502  ¦  1968  ¦  null  ¦  13  ¦  1
9  ¦  8  ¦  1438  ¦  2048  ¦  7  ¦  10  ¦  1
9  ¦  10  ¦  3011  ¦  1961  ¦  null  ¦  5  ¦  1
10  ¦  5  ¦  387  ¦  2815  ¦  7  ¦  13  ¦  1
10  ¦  5  ¦  525  ¦  1264  ¦  9  ¦  15  ¦  1
10  ¦  10  ¦  2344  ¦  1590  ¦  null  ¦  11  ¦  1
10  ¦  10  ¦  2977  ¦  1049  ¦  null  ¦  13  ¦  1

#SQL[@159,N5]Result[]
begin;

#SQL[@160,N16]Result[]
SET @o_w_id1 = 2;

#SQL[@161,N16]Result[]
SET @o_d_id1 = 9;

#SQL[@162,N18]Result[]
SET @o_c_id1 = 524;

#SQL[@163,N16]Result[]
SET @o_w_id2 = 2;

#SQL[@164,N16]Result[]
SET @o_d_id2 = 9;

#SQL[@165,N18]Result[]
SET @o_c_id2 = 524;

#SQL[@166,N88]Result[]
EXECUTE __mo_stmt_id_22 USING @o_w_id1, @o_d_id1, @o_c_id1, @o_w_id2, @o_d_id2, @o_c_id2;

#SQL[@168,N16]Result[]
SET @o_id = 3030;

#SQL[@169,N15]Result[]
SET @o_d_id = 5;

#SQL[@170,N15]Result[]
SET @o_w_id = 8;

#SQL[@171,N17]Result[]
SET @o_c_id = 935;

#SQL[@172,N36]Result[]
SET @o_entry_d = CURRENT_TIMESTAMP();

#SQL[@173,N17]Result[]
SET @o_ol_cnt = 5;

#SQL[@174,N20]Result[]
SET @o_all_local = 1;

#SQL[@175,N98]Result[]
EXECUTE __mo_stmt_id_4 USING @o_id, @o_d_id, @o_w_id, @o_c_id, @o_entry_d, @o_ol_cnt, @o_all_local;

#SQL[@177,N15]Result[]
SET @o_w_id = 6;

#SQL[@178,N16]Result[]
SET @o_d_id = 10;

#SQL[@179,N16]Result[]
SET @o_id = 2116;

#SQL[@180,N53]Result[6, 3]
EXECUTE __mo_stmt_id_27 USING @o_w_id, @o_d_id, @o_id;
o_c_id
541

#SQL[@182,N120]Result[89, 50, 49, 49, 47, 48, 52, 50, 51, 53, 49, 49, 49, 51, 51, 49, 49, 50, 49, 49, 49, 50, 51, 49, 48, 50, 53, 49, 52, 49, 48, 52, 54, 47, 48, 51, 50, 49, 51, 49, 52, 52, 52, 53, 50, 53, 50, 50, 55, 55]
select o_w_id, o_d_id, o_id, o_c_id, o_carrier_id, o_ol_cnt, o_all_local from bmsql_oorder order by o_w_id, o_d_id, o_id;
o_w_id  ¦  o_d_id  ¦  o_id  ¦  o_c_id  ¦  o_carrier_id  ¦  o_ol_cnt  ¦  o_all_local
1  ¦  5  ¦  2107  ¦  2007  ¦  4  ¦  14  ¦  1
1  ¦  7  ¦  1890  ¦  1890  ¦  3  ¦  9  ¦  1
1  ¦  9  ¦  946  ¦  946  ¦  10  ¦  15  ¦  1
1  ¦  9  ¦  950  ¦  343  ¦  2  ¦  5  ¦  1
1  ¦  9  ¦  1005  ¦  534  ¦  2  ¦  9  ¦  1
2  ¦  2  ¦  2610  ¦  1049  ¦  null  ¦  5  ¦  1
2  ¦  6  ¦  1641  ¦  1375  ¦  3  ¦  12  ¦  1
2  ¦  9  ¦  2448  ¦  627  ¦  null  ¦  6  ¦  1
2  ¦  9  ¦  2471  ¦  1137  ¦  null  ¦  12  ¦  1
3  ¦  2  ¦  813  ¦  1577  ¦  8  ¦  13  ¦  1
3  ¦  4  ¦  1975  ¦  731  ¦  5  ¦  14  ¦  1
3  ¦  4  ¦  2013  ¦  120  ¦  3  ¦  12  ¦  1
3  ¦  6  ¦  2115  ¦  816  ¦  null  ¦  6  ¦  1
3  ¦  10  ¦  2116  ¦  2116  ¦  1  ¦  10  ¦  1
4  ¦  7  ¦  1660  ¦  2257  ¦  5  ¦  7  ¦  1
4  ¦  7  ¦  1672  ¦  648  ¦  5  ¦  10  ¦  1
4  ¦  7  ¦  1766  ¦  2804  ¦  10  ¦  9  ¦  1
4  ¦  9  ¦  2113  ¦  1644  ¦  4  ¦  8  ¦  1
5  ¦  1  ¦  1725  ¦  2544  ¦  9  ¦  5  ¦  1
5  ¦  1  ¦  1842  ¦  2982  ¦  6  ¦  5  ¦  1
5  ¦  9  ¦  2113  ¦  1206  ¦  3  ¦  13  ¦  1
5  ¦  10  ¦  2101  ¦  2797  ¦  2  ¦  10  ¦  1
6  ¦  1  ¦  236  ¦  2381  ¦  7  ¦  12  ¦  1
6  ¦  1  ¦  244  ¦  2886  ¦  4  ¦  6  ¦  1
6  ¦  1  ¦  2024  ¦  1245  ¦  9  ¦  13  ¦  1
6  ¦  1  ¦  2130  ¦  1606  ¦  null  ¦  11  ¦  1
6  ¦  4  ¦  1786  ¦  1786  ¦  9  ¦  8  ¦  1
6  ¦  7  ¦  2147  ¦  197  ¦  null  ¦  14  ¦  1
6  ¦  9  ¦  1321  ¦  1272  ¦  2  ¦  8  ¦  1
6  ¦  9  ¦  1347  ¦  775  ¦  6  ¦  9  ¦  1
6  ¦  10  ¦  2116  ¦  541  ¦  null  ¦  8  ¦  1
6  ¦  10  ¦  2143  ¦  2244  ¦  null  ¦  12  ¦  1
8  ¦  5  ¦  28  ¦  2930  ¦  5  ¦  9  ¦  1
8  ¦  5  ¦  46  ¦  1638  ¦  1  ¦  14  ¦  1
8  ¦  5  ¦  3030  ¦  935  ¦  null  ¦  5  ¦  1
9  ¦  2  ¦  1192  ¦  1410  ¦  10  ¦  7  ¦  1
9  ¦  2  ¦  1199  ¦  1199  ¦  6  ¦  7  ¦  1
9  ¦  4  ¦  2816  ¦  962  ¦  null  ¦  7  ¦  1
9  ¦  6  ¦  2106  ¦  2106  ¦  3  ¦  5  ¦  1
9  ¦  6  ¦  2297  ¦  565  ¦  null  ¦  10  ¦  1
9  ¦  6  ¦  2309  ¦  2309  ¦  null  ¦  8  ¦  1
9  ¦  6  ¦  2366  ¦  1902  ¦  null  ¦  5  ¦  1
9  ¦  6  ¦  2502  ¦  1968  ¦  null  ¦  13  ¦  1
9  ¦  8  ¦  1438  ¦  2048  ¦  7  ¦  10  ¦  1
9  ¦  10  ¦  3011  ¦  1961  ¦  null  ¦  5  ¦  1
10  ¦  5  ¦  387  ¦  2815  ¦  7  ¦  13  ¦  1
10  ¦  5  ¦  525  ¦  1264  ¦  9  ¦  15  ¦  1
10  ¦  10  ¦  2344  ¦  1590  ¦  null  ¦  11  ¦  1
10  ¦  10  ¦  2977  ¦  1049  ¦  null  ¦  13  ¦  1

#SQL[@183,N6]Result[]
commit;

#SQL[@185,N120]Result[89, 50, 49, 49, 47, 48, 52, 50, 51, 53, 49, 49, 49, 51, 51, 49, 49, 50, 49, 49, 49, 50, 51, 49, 48, 50, 53, 49, 52, 49, 48, 52, 54, 47, 48, 51, 50, 49, 51, 49, 52, 52, 52, 53, 50, 53, 50, 50, 55, 55]
select o_w_id, o_d_id, o_id, o_c_id, o_carrier_id, o_ol_cnt, o_all_local from bmsql_oorder order by o_w_id, o_d_id, o_id;
o_w_id  ¦  o_d_id  ¦  o_id  ¦  o_c_id  ¦  o_carrier_id  ¦  o_ol_cnt  ¦  o_all_local
1  ¦  5  ¦  2107  ¦  2007  ¦  4  ¦  14  ¦  1
1  ¦  7  ¦  1890  ¦  1890  ¦  3  ¦  9  ¦  1
1  ¦  9  ¦  946  ¦  946  ¦  10  ¦  15  ¦  1
1  ¦  9  ¦  950  ¦  343  ¦  2  ¦  5  ¦  1
1  ¦  9  ¦  1005  ¦  534  ¦  2  ¦  9  ¦  1
2  ¦  2  ¦  2610  ¦  1049  ¦  null  ¦  5  ¦  1
2  ¦  6  ¦  1641  ¦  1375  ¦  3  ¦  12  ¦  1
2  ¦  9  ¦  2448  ¦  627  ¦  null  ¦  6  ¦  1
2  ¦  9  ¦  2471  ¦  1137  ¦  null  ¦  12  ¦  1
3  ¦  2  ¦  813  ¦  1577  ¦  8  ¦  13  ¦  1
3  ¦  4  ¦  1975  ¦  731  ¦  5  ¦  14  ¦  1
3  ¦  4  ¦  2013  ¦  120  ¦  3  ¦  12  ¦  1
3  ¦  6  ¦  2115  ¦  816  ¦  null  ¦  6  ¦  1
3  ¦  10  ¦  2116  ¦  2116  ¦  1  ¦  10  ¦  1
4  ¦  7  ¦  1660  ¦  2257  ¦  5  ¦  7  ¦  1
4  ¦  7  ¦  1672  ¦  648  ¦  5  ¦  10  ¦  1
4  ¦  7  ¦  1766  ¦  2804  ¦  10  ¦  9  ¦  1
4  ¦  9  ¦  2113  ¦  1644  ¦  4  ¦  8  ¦  1
5  ¦  1  ¦  1725  ¦  2544  ¦  9  ¦  5  ¦  1
5  ¦  1  ¦  1842  ¦  2982  ¦  6  ¦  5  ¦  1
5  ¦  9  ¦  2113  ¦  1206  ¦  3  ¦  13  ¦  1
5  ¦  10  ¦  2101  ¦  2797  ¦  2  ¦  10  ¦  1
6  ¦  1  ¦  236  ¦  2381  ¦  7  ¦  12  ¦  1
6  ¦  1  ¦  244  ¦  2886  ¦  4  ¦  6  ¦  1
6  ¦  1  ¦  2024  ¦  1245  ¦  9  ¦  13  ¦  1
6  ¦  1  ¦  2130  ¦  1606  ¦  null  ¦  11  ¦  1
6  ¦  4  ¦  1786  ¦  1786  ¦  9  ¦  8  ¦  1
6  ¦  7  ¦  2147  ¦  197  ¦  null  ¦  14  ¦  1
6  ¦  9  ¦  1321  ¦  1272  ¦  2  ¦  8  ¦  1
6  ¦  9  ¦  1347  ¦  775  ¦  6  ¦  9  ¦  1
6  ¦  10  ¦  2116  ¦  541  ¦  null  ¦  8  ¦  1
6  ¦  10  ¦  2143  ¦  2244  ¦  null  ¦  12  ¦  1
8  ¦  5  ¦  28  ¦  2930  ¦  5  ¦  9  ¦  1
8  ¦  5  ¦  46  ¦  1638  ¦  1  ¦  14  ¦  1
8  ¦  5  ¦  3030  ¦  935  ¦  null  ¦  5  ¦  1
9  ¦  2  ¦  1192  ¦  1410  ¦  10  ¦  7  ¦  1
9  ¦  2  ¦  1199  ¦  1199  ¦  6  ¦  7  ¦  1
9  ¦  4  ¦  2816  ¦  962  ¦  null  ¦  7  ¦  1
9  ¦  6  ¦  2106  ¦  2106  ¦  3  ¦  5  ¦  1
9  ¦  6  ¦  2297  ¦  565  ¦  null  ¦  10  ¦  1
9  ¦  6  ¦  2309  ¦  2309  ¦  null  ¦  8  ¦  1
9  ¦  6  ¦  2366  ¦  1902  ¦  null  ¦  5  ¦  1
9  ¦  6  ¦  2502  ¦  1968  ¦  null  ¦  13  ¦  1
9  ¦  8  ¦  1438  ¦  2048  ¦  7  ¦  10  ¦  1
9  ¦  10  ¦  3011  ¦  1961  ¦  null  ¦  5  ¦  1
10  ¦  5  ¦  387  ¦  2815  ¦  7  ¦  13  ¦  1
10  ¦  5  ¦  525  ¦  1264  ¦  9  ¦  15  ¦  1
10  ¦  10  ¦  2344  ¦  1590  ¦  null  ¦  11  ¦  1
10  ¦  10  ¦  2977  ¦  1049  ¦  null  ¦  13  ¦  1

#SQL[@187,N5]Result[]
begin;

#SQL[@188,N16]Result[]
SET @o_id = 3047;

#SQL[@189,N15]Result[]
SET @o_d_id = 1;

#SQL[@190,N15]Result[]
SET @o_w_id = 2;

#SQL[@191,N16]Result[]
SET @o_c_id = 30;

#SQL[@192,N36]Result[]
SET @o_entry_d = CURRENT_TIMESTAMP();

#SQL[@193,N18]Result[]
SET @o_ol_cnt = 15;

#SQL[@194,N20]Result[]
SET @o_all_local = 1;

#SQL[@195,N98]Result[]
EXECUTE __mo_stmt_id_4 USING @o_id, @o_d_id, @o_w_id, @o_c_id, @o_entry_d, @o_ol_cnt, @o_all_local;

#SQL[@197,N120]Result[89, 50, 49, 49, 47, 48, 51, 52, 50, 51, 53, 49, 49, 49, 51, 51, 49, 49, 50, 49, 49, 49, 50, 51, 49, 48, 50, 53, 49, 52, 49, 48, 52, 54, 47, 48, 51, 50, 49, 51, 49, 52, 52, 52, 53, 50, 53, 50, 50, 55, 55]
select o_w_id, o_d_id, o_id, o_c_id, o_carrier_id, o_ol_cnt, o_all_local from bmsql_oorder order by o_w_id, o_d_id, o_id;
o_w_id  ¦  o_d_id  ¦  o_id  ¦  o_c_id  ¦  o_carrier_id  ¦  o_ol_cnt  ¦  o_all_local
1  ¦  5  ¦  2107  ¦  2007  ¦  4  ¦  14  ¦  1
1  ¦  7  ¦  1890  ¦  1890  ¦  3  ¦  9  ¦  1
1  ¦  9  ¦  946  ¦  946  ¦  10  ¦  15  ¦  1
1  ¦  9  ¦  950  ¦  343  ¦  2  ¦  5  ¦  1
1  ¦  9  ¦  1005  ¦  534  ¦  2  ¦  9  ¦  1
2  ¦  1  ¦  3047  ¦  30  ¦  null  ¦  15  ¦  1
2  ¦  2  ¦  2610  ¦  1049  ¦  null  ¦  5  ¦  1
2  ¦  6  ¦  1641  ¦  1375  ¦  3  ¦  12  ¦  1
2  ¦  9  ¦  2448  ¦  627  ¦  null  ¦  6  ¦  1
2  ¦  9  ¦  2471  ¦  1137  ¦  null  ¦  12  ¦  1
3  ¦  2  ¦  813  ¦  1577  ¦  8  ¦  13  ¦  1
3  ¦  4  ¦  1975  ¦  731  ¦  5  ¦  14  ¦  1
3  ¦  4  ¦  2013  ¦  120  ¦  3  ¦  12  ¦  1
3  ¦  6  ¦  2115  ¦  816  ¦  null  ¦  6  ¦  1
3  ¦  10  ¦  2116  ¦  2116  ¦  1  ¦  10  ¦  1
4  ¦  7  ¦  1660  ¦  2257  ¦  5  ¦  7  ¦  1
4  ¦  7  ¦  1672  ¦  648  ¦  5  ¦  10  ¦  1
4  ¦  7  ¦  1766  ¦  2804  ¦  10  ¦  9  ¦  1
4  ¦  9  ¦  2113  ¦  1644  ¦  4  ¦  8  ¦  1
5  ¦  1  ¦  1725  ¦  2544  ¦  9  ¦  5  ¦  1
5  ¦  1  ¦  1842  ¦  2982  ¦  6  ¦  5  ¦  1
5  ¦  9  ¦  2113  ¦  1206  ¦  3  ¦  13  ¦  1
5  ¦  10  ¦  2101  ¦  2797  ¦  2  ¦  10  ¦  1
6  ¦  1  ¦  236  ¦  2381  ¦  7  ¦  12  ¦  1
6  ¦  1  ¦  244  ¦  2886  ¦  4  ¦  6  ¦  1
6  ¦  1  ¦  2024  ¦  1245  ¦  9  ¦  13  ¦  1
6  ¦  1  ¦  2130  ¦  1606  ¦  null  ¦  11  ¦  1
6  ¦  4  ¦  1786  ¦  1786  ¦  9  ¦  8  ¦  1
6  ¦  7  ¦  2147  ¦  197  ¦  null  ¦  14  ¦  1
6  ¦  9  ¦  1321  ¦  1272  ¦  2  ¦  8  ¦  1
6  ¦  9  ¦  1347  ¦  775  ¦  6  ¦  9  ¦  1
6  ¦  10  ¦  2116  ¦  541  ¦  null  ¦  8  ¦  1
6  ¦  10  ¦  2143  ¦  2244  ¦  null  ¦  12  ¦  1
8  ¦  5  ¦  28  ¦  2930  ¦  5  ¦  9  ¦  1
8  ¦  5  ¦  46  ¦  1638  ¦  1  ¦  14  ¦  1
8  ¦  5  ¦  3030  ¦  935  ¦  null  ¦  5  ¦  1
9  ¦  2  ¦  1192  ¦  1410  ¦  10  ¦  7  ¦  1
9  ¦  2  ¦  1199  ¦  1199  ¦  6  ¦  7  ¦  1
9  ¦  4  ¦  2816  ¦  962  ¦  null  ¦  7  ¦  1
9  ¦  6  ¦  2106  ¦  2106  ¦  3  ¦  5  ¦  1
9  ¦  6  ¦  2297  ¦  565  ¦  null  ¦  10  ¦  1
9  ¦  6  ¦  2309  ¦  2309  ¦  null  ¦  8  ¦  1
9  ¦  6  ¦  2366  ¦  1902  ¦  null  ¦  5  ¦  1
9  ¦  6  ¦  2502  ¦  1968  ¦  null  ¦  13  ¦  1
9  ¦  8  ¦  1438  ¦  2048  ¦  7  ¦  10  ¦  1
9  ¦  10  ¦  3011  ¦  1961  ¦  null  ¦  5  ¦  1
10  ¦  5  ¦  387  ¦  2815  ¦  7  ¦  13  ¦  1
10  ¦  5  ¦  525  ¦  1264  ¦  9  ¦  15  ¦  1
10  ¦  10  ¦  2344  ¦  1590  ¦  null  ¦  11  ¦  1
10  ¦  10  ¦  2977  ¦  1049  ¦  null  ¦  13  ¦  1

#SQL[@198,N6]Result[]
commit;

#SQL[@199,N120]Result[89, 50, 49, 49, 47, 48, 51, 52, 50, 51, 53, 49, 49, 49, 51, 51, 49, 49, 50, 49, 49, 49, 50, 51, 49, 48, 50, 53, 49, 52, 49, 48, 52, 54, 47, 48, 51, 50, 49, 51, 49, 52, 52, 52, 53, 50, 53, 50, 50, 55, 55]
select o_w_id, o_d_id, o_id, o_c_id, o_carrier_id, o_ol_cnt, o_all_local from bmsql_oorder order by o_w_id, o_d_id, o_id;
o_w_id  ¦  o_d_id  ¦  o_id  ¦  o_c_id  ¦  o_carrier_id  ¦  o_ol_cnt  ¦  o_all_local
1  ¦  5  ¦  2107  ¦  2007  ¦  4  ¦  14  ¦  1
1  ¦  7  ¦  1890  ¦  1890  ¦  3  ¦  9  ¦  1
1  ¦  9  ¦  946  ¦  946  ¦  10  ¦  15  ¦  1
1  ¦  9  ¦  950  ¦  343  ¦  2  ¦  5  ¦  1
1  ¦  9  ¦  1005  ¦  534  ¦  2  ¦  9  ¦  1
2  ¦  1  ¦  3047  ¦  30  ¦  null  ¦  15  ¦  1
2  ¦  2  ¦  2610  ¦  1049  ¦  null  ¦  5  ¦  1
2  ¦  6  ¦  1641  ¦  1375  ¦  3  ¦  12  ¦  1
2  ¦  9  ¦  2448  ¦  627  ¦  null  ¦  6  ¦  1
2  ¦  9  ¦  2471  ¦  1137  ¦  null  ¦  12  ¦  1
3  ¦  2  ¦  813  ¦  1577  ¦  8  ¦  13  ¦  1
3  ¦  4  ¦  1975  ¦  731  ¦  5  ¦  14  ¦  1
3  ¦  4  ¦  2013  ¦  120  ¦  3  ¦  12  ¦  1
3  ¦  6  ¦  2115  ¦  816  ¦  null  ¦  6  ¦  1
3  ¦  10  ¦  2116  ¦  2116  ¦  1  ¦  10  ¦  1
4  ¦  7  ¦  1660  ¦  2257  ¦  5  ¦  7  ¦  1
4  ¦  7  ¦  1672  ¦  648  ¦  5  ¦  10  ¦  1
4  ¦  7  ¦  1766  ¦  2804  ¦  10  ¦  9  ¦  1
4  ¦  9  ¦  2113  ¦  1644  ¦  4  ¦  8  ¦  1
5  ¦  1  ¦  1725  ¦  2544  ¦  9  ¦  5  ¦  1
5  ¦  1  ¦  1842  ¦  2982  ¦  6  ¦  5  ¦  1
5  ¦  9  ¦  2113  ¦  1206  ¦  3  ¦  13  ¦  1
5  ¦  10  ¦  2101  ¦  2797  ¦  2  ¦  10  ¦  1
6  ¦  1  ¦  236  ¦  2381  ¦  7  ¦  12  ¦  1
6  ¦  1  ¦  244  ¦  2886  ¦  4  ¦  6  ¦  1
6  ¦  1  ¦  2024  ¦  1245  ¦  9  ¦  13  ¦  1
6  ¦  1  ¦  2130  ¦  1606  ¦  null  ¦  11  ¦  1
6  ¦  4  ¦  1786  ¦  1786  ¦  9  ¦  8  ¦  1
6  ¦  7  ¦  2147  ¦  197  ¦  null  ¦  14  ¦  1
6  ¦  9  ¦  1321  ¦  1272  ¦  2  ¦  8  ¦  1
6  ¦  9  ¦  1347  ¦  775  ¦  6  ¦  9  ¦  1
6  ¦  10  ¦  2116  ¦  541  ¦  null  ¦  8  ¦  1
6  ¦  10  ¦  2143  ¦  2244  ¦  null  ¦  12  ¦  1
8  ¦  5  ¦  28  ¦  2930  ¦  5  ¦  9  ¦  1
8  ¦  5  ¦  46  ¦  1638  ¦  1  ¦  14  ¦  1
8  ¦  5  ¦  3030  ¦  935  ¦  null  ¦  5  ¦  1
9  ¦  2  ¦  1192  ¦  1410  ¦  10  ¦  7  ¦  1
9  ¦  2  ¦  1199  ¦  1199  ¦  6  ¦  7  ¦  1
9  ¦  4  ¦  2816  ¦  962  ¦  null  ¦  7  ¦  1
9  ¦  6  ¦  2106  ¦  2106  ¦  3  ¦  5  ¦  1
9  ¦  6  ¦  2297  ¦  565  ¦  null  ¦  10  ¦  1
9  ¦  6  ¦  2309  ¦  2309  ¦  null  ¦  8  ¦  1
9  ¦  6  ¦  2366  ¦  1902  ¦  null  ¦  5  ¦  1
9  ¦  6  ¦  2502  ¦  1968  ¦  null  ¦  13  ¦  1
9  ¦  8  ¦  1438  ¦  2048  ¦  7  ¦  10  ¦  1
9  ¦  10  ¦  3011  ¦  1961  ¦  null  ¦  5  ¦  1
10  ¦  5  ¦  387  ¦  2815  ¦  7  ¦  13  ¦  1
10  ¦  5  ¦  525  ¦  1264  ¦  9  ¦  15  ¦  1
10  ¦  10  ¦  2344  ¦  1590  ¦  null  ¦  11  ¦  1
10  ¦  10  ¦  2977  ¦  1049  ¦  null  ¦  13  ¦  1

#SQL[@201,N23]Result[]
drop table bmsql_oorder;

#SQL[@202,N28]Result[]
drop database if exists tpcc;

